frame,time_s,y,x0,x1,score,track,kept
0,0.000,429.9,644,871,0.911,0,1
0,0.000,554.3,628,875,0.940,1,1
0,0.000,688.3,656,875,0.904,2,1
0,0.000,817.6,672,855,0.854,3,1
1,0.100,428.9,644,875,0.908,0,1
1,0.100,554.0,644,875,0.942,1,1
1,0.100,687.9,660,875,0.915,2,1
1,0.100,816.6,664,875,0.908,3,1
1,0.100,949.2,772,839,0.633,4,0
2,0.200,428.6,680,871,0.891,0,1
2,0.200,554.9,656,879,0.923,1,1
2,0.200,686.1,668,879,0.924,2,1
2,0.200,817.4,684,879,0.905,3,1
3,0.300,302.2,744,863,0.724,5,0
3,0.300,426.7,676,871,0.898,0,1
3,0.300,558.4,672,879,0.901,1,1
3,0.300,688.6,664,879,0.886,2,1
3,0.300,818.8,772,875,0.700,3,1
4,0.400,297.1,668,863,0.872,5,0
4,0.400,428.0,680,871,0.905,0,1
4,0.400,556.0,656,883,0.909,1,1
4,0.400,687.8,668,887,0.897,2,1
4,0.400,817.4,752,867,0.749,3,1
5,0.500,291.7,664,871,0.897,5,0
5,0.500,424.0,660,871,0.913,0,1
5,0.500,553.7,644,883,0.940,1,1
5,0.500,687.2,676,895,0.886,2,1
6,0.600,298.8,668,871,0.792,5,0
6,0.600,425.5,672,875,0.922,0,1
6,0.600,552.4,632,879,0.941,1,1
6,0.600,686.9,760,895,0.895,2,1
7,0.700,426.9,592,871,0.909,0,1
7,0.700,551.1,620,883,0.942,1,1
7,0.700,686.0,752,895,0.894,2,1
8,0.800,425.2,540,871,0.912,0,1
8,0.800,555.5,660,879,0.927,1,1
8,0.800,688.3,768,883,0.893,2,1
9,0.900,424.3,540,851,0.884,0,1
9,0.900,557.0,668,879,0.923,1,1
9,0.900,689.5,780,875,0.892,2,1
10,1.000,422.6,536,827,0.857,0,1
10,1.000,557.5,664,879,0.921,1,1
10,1.000,690.1,780,867,0.872,2,1
10,1.000,888.1,704,827,0.806,6,1
11,1.100,428.5,540,835,0.819,0,1
11,1.100,556.1,648,871,0.922,1,1
11,1.100,685.0,780,855,0.826,2,1
11,1.100,897.8,736,851,0.827,6,1
12,1.200,331.6,756,855,0.520,7,1
12,1.200,441.5,536,855,0.791,0,1
12,1.200,558.4,656,871,0.917,1,1
12,1.200,683.6,740,855,0.782,2,1
12,1.200,782.2,756,851,0.785,8,1
12,1.200,895.6,688,851,0.869,6,1
13,1.300,338.3,728,839,0.853,7,1
13,1.300,445.2,556,851,0.885,0,1
13,1.300,557.9,656,871,0.929,1,1
13,1.300,675.5,760,863,0.814,2,1
13,1.300,778.8,528,859,0.840,8,1
13,1.300,893.0,724,867,0.889,6,1
14,1.400,225.2,736,831,0.740,9,1
14,1.400,332.8,744,835,0.861,7,1
14,1.400,434.1,560,843,0.898,0,1
14,1.400,555.5,656,871,0.926,1,1
14,1.400,671.2,712,867,0.886,2,1
14,1.400,759.7,488,711,0.889,10,0
14,1.400,895.6,700,863,0.878,6,1
15,1.500,92.1,616,827,0.646,11,0
15,1.500,224.7,704,839,0.816,9,1
15,1.500,332.4,736,847,0.735,7,1
15,1.500,447.4,736,851,0.816,0,1
15,1.500,556.3,660,875,0.921,1,1
15,1.500,673.1,732,867,0.894,2,1
15,1.500,774.0,732,867,0.861,8,1
15,1.500,885.5,688,855,0.488,6,1
16,1.600,229.6,692,839,0.893,9,1
16,1.600,342.2,752,839,0.620,7,1
16,1.600,451.3,732,855,0.833,0,1
16,1.600,559.3,640,879,0.903,1,1
16,1.600,674.0,744,875,0.902,2,1
16,1.600,780.0,736,863,0.736,8,1
17,1.700,229.9,728,839,0.894,9,1
17,1.700,454.2,752,855,0.810,0,1
17,1.700,558.1,664,879,0.918,1,1
17,1.700,671.3,744,879,0.894,2,1
17,1.700,774.1,732,863,0.777,8,1
17,1.700,885.3,728,855,0.642,6,1
18,1.800,226.3,620,851,0.874,9,1
18,1.800,351.7,732,851,0.883,7,1
18,1.800,449.0,752,851,0.817,0,1
18,1.800,558.1,672,883,0.910,1,1
18,1.800,668.8,748,883,0.873,2,1
18,1.800,754.3,740,871,0.812,12,1
18,1.800,877.0,744,859,0.577,6,1
19,1.900,232.8,708,839,0.480,9,1
19,1.900,353.8,724,859,0.913,7,1
19,1.900,455.3,716,871,0.852,0,1
19,1.900,558.1,568,883,0.917,1,1
19,1.900,669.3,716,883,0.908,2,1
19,1.900,758.9,628,871,0.881,12,1
19,1.900,866.4,752,863,0.474,6,1
19,1.900,981.1,700,843,0.569,13,0
20,2.000,235.6,544,863,0.653,9,1
20,2.000,354.5,720,863,0.917,7,1
20,2.000,455.4,712,879,0.894,0,1
20,2.000,559.4,592,887,0.897,1,1
20,2.000,671.4,684,879,0.888,2,1
20,2.000,759.2,628,875,0.882,12,1
20,2.000,978.3,744,855,0.432,13,0
21,2.100,241.3,712,855,0.596,9,1
21,2.100,353.9,708,879,0.910,7,1
21,2.100,458.5,712,883,0.868,0,1
21,2.100,557.4,608,883,0.906,1,1
21,2.100,669.2,672,887,0.878,2,1
21,2.100,766.2,696,887,0.924,12,1
22,2.200,217.5,476,555,0.561,14,0
22,2.200,348.2,652,883,0.837,7,1
22,2.200,453.9,660,887,0.814,0,1
22,2.200,552.4,568,887,0.903,1,1
22,2.200,663.7,632,891,0.893,2,1
22,2.200,762.0,672,899,0.933,12,1
22,2.200,864.0,748,871,0.737,6,1
22,2.200,1049.7,604,851,0.845,15,0
23,2.300,146.3,716,855,0.609,16,0
23,2.300,255.0,772,867,0.408,9,1
23,2.300,347.8,624,875,0.893,7,1
23,2.300,458.0,624,883,0.889,0,1
23,2.300,554.0,560,887,0.911,1,1
23,2.300,661.1,664,891,0.912,2,1
23,2.300,762.8,704,895,0.932,12,1
23,2.300,862.2,700,883,0.893,6,1
23,2.300,1054.4,608,867,0.762,15,0
24,2.400,152.4,696,859,0.584,16,0
24,2.400,261.8,772,871,0.592,9,1
24,2.400,351.0,620,883,0.786,7,1
24,2.400,462.0,684,891,0.806,0,1
24,2.400,556.3,564,887,0.910,1,1
24,2.400,663.3,696,887,0.904,2,1
24,2.400,766.9,708,887,0.930,12,1
24,2.400,862.7,700,875,0.898,6,1
24,2.400,962.3,704,851,0.549,17,0
24,2.400,1058.5,724,859,0.674,15,0
25,2.500,150.9,672,755,0.545,16,0
25,2.500,261.6,772,871,0.600,9,1
25,2.500,353.2,620,879,0.810,7,1
25,2.500,463.1,676,891,0.826,0,1
25,2.500,556.5,652,887,0.895,1,1
25,2.500,661.8,684,887,0.926,2,1
25,2.500,766.5,708,883,0.930,12,1
25,2.500,861.7,680,875,0.875,6,1
26,2.600,149.4,692,859,0.618,16,0
26,2.600,265.1,712,883,0.600,9,1
26,2.600,354.7,620,883,0.763,7,1
26,2.600,460.6,604,891,0.792,0,1
26,2.600,555.5,648,887,0.873,1,1
26,2.600,660.9,696,883,0.914,2,1
26,2.600,764.6,704,887,0.920,12,1
26,2.600,855.1,548,879,0.922,6,1
27,2.700,265.5,708,879,0.448,9,1
27,2.700,354.4,624,875,0.716,7,1
27,2.700,461.0,616,887,0.816,0,1
27,2.700,556.4,664,887,0.896,1,1
27,2.700,659.7,712,883,0.913,2,1
27,2.700,757.9,708,887,0.900,12,1
27,2.700,855.0,712,875,0.870,6,1
28,2.800,356.1,492,875,0.746,7,1
28,2.800,462.3,624,887,0.804,0,1
28,2.800,557.4,668,887,0.892,1,1
28,2.800,661.5,720,887,0.922,2,1
28,2.800,758.4,676,887,0.894,12,1
28,2.800,854.3,748,879,0.895,6,1
29,2.900,66.8,732,815,0.530,18,0
29,2.900,268.4,764,891,0.599,9,1
29,2.900,349.4,468,859,0.612,7,1
29,2.900,464.7,644,887,0.611,0,1
29,2.900,558.0,664,887,0.846,1,1
29,2.900,657.1,556,887,0.874,2,1
29,2.900,758.7,720,887,0.934,12,1
29,2.900,851.0,728,891,0.915,6,1
29,2.900,944.6,464,695,0.615,19,1
30,3.000,56.6,608,847,0.626,18,0
30,3.000,265.0,664,895,0.644,9,1
30,3.000,362.4,556,875,0.642,7,1
30,3.000,460.4,608,883,0.716,0,1
30,3.000,556.4,664,887,0.844,1,1
30,3.000,657.6,636,895,0.905,2,1
30,3.000,755.8,696,895,0.913,12,1
30,3.000,850.0,736,883,0.916,6,1
30,3.000,945.7,744,863,0.889,19,1
31,3.100,60.0,608,743,0.591,18,0
31,3.100,265.0,676,895,0.625,9,1
31,3.100,363.0,600,879,0.665,7,1
31,3.100,459.7,620,879,0.749,0,1
31,3.100,556.9,672,887,0.856,1,1
31,3.100,657.2,644,895,0.908,2,1
31,3.100,755.2,688,899,0.916,12,1
31,3.100,849.4,668,883,0.915,6,1
31,3.100,943.4,740,871,0.727,19,1
32,3.200,268.7,672,887,0.621,9,1
32,3.200,373.0,640,875,0.605,7,1
32,3.200,465.6,640,883,0.623,0,1
32,3.200,559.6,676,887,0.805,1,1
32,3.200,659.6,628,899,0.889,2,1
32,3.200,757.1,704,895,0.936,12,1
32,3.200,853.0,728,883,0.917,6,1
32,3.200,946.0,748,867,0.852,19,1
33,3.300,264.6,580,887,0.640,9,1
33,3.300,374.4,764,867,0.564,7,1
33,3.300,461.8,672,875,0.810,0,1
33,3.300,558.8,668,883,0.888,1,1
33,3.300,655.5,552,899,0.907,2,1
33,3.300,756.7,704,891,0.926,12,1
33,3.300,847.6,712,879,0.910,6,1
33,3.300,944.8,736,879,0.864,19,1
33,3.300,1031.8,552,867,0.585,20,0
34,3.400,170.0,784,871,0.441,21,0
34,3.400,268.7,552,891,0.750,9,1
34,3.400,373.2,728,863,0.573,7,1
34,3.400,467.3,652,875,0.846,0,1
34,3.400,558.9,668,883,0.884,1,1
34,3.400,656.1,476,899,0.914,2,1
34,3.400,753.1,664,895,0.922,12,1
34,3.400,849.1,764,879,0.876,6,1
35,3.500,180.6,768,883,0.610,21,0
35,3.500,268.2,556,895,0.628,9,1
35,3.500,374.1,708,887,0.628,7,1
35,3.500,470.5,684,887,0.704,0,1
35,3.500,558.9,660,887,0.862,1,1
35,3.500,656.4,464,899,0.919,2,1
35,3.500,754.5,696,891,0.894,12,1
35,3.500,847.0,756,883,0.899,6,1
36,3.600,181.6,728,883,0.624,21,0
36,3.600,270.8,552,891,0.636,9,1
36,3.600,375.9,724,879,0.605,7,1
36,3.600,470.8,684,883,0.643,0,1
36,3.600,559.9,640,891,0.847,1,1
36,3.600,659.3,472,899,0.917,2,1
36,3.600,754.6,680,891,0.903,12,1
36,3.600,849.5,756,883,0.912,6,1
37,3.700,182.0,720,875,0.605,21,0
37,3.700,280.1,732,887,0.647,9,1
37,3.700,377.9,716,883,0.603,7,1
37,3.700,469.6,664,883,0.812,0,1
37,3.700,560.2,672,887,0.864,1,1
37,3.700,659.1,480,895,0.930,2,1
37,3.700,752.7,540,899,0.896,12,1
37,3.700,849.7,756,879,0.909,6,1
38,3.800,278.9,764,891,0.593,9,1
38,3.800,375.3,704,887,0.607,7,1
38,3.800,470.9,652,891,0.844,0,1
38,3.800,559.0,556,891,0.887,1,1
38,3.800,656.0,532,895,0.921,2,1
38,3.800,748.0,408,895,0.915,12,1
38,3.800,847.1,660,879,0.865,6,1
39,3.900,97.1,784,871,0.491,22,0
39,3.900,285.0,776,875,0.583,9,1
39,3.900,373.5,696,891,0.648,7,1
39,3.900,469.2,628,891,0.899,0,1
39,3.900,560.4,548,891,0.912,1,1
39,3.900,655.4,588,891,0.920,2,1
39,3.900,748.4,452,899,0.897,12,1
39,3.900,845.4,628,879,0.851,6,1
40,4.000,97.8,696,871,0.606,22,0
40,4.000,281.7,776,887,0.582,9,1
40,4.000,375.0,700,895,0.610,7,1
40,4.000,470.8,592,895,0.871,0,1
40,4.000,562.6,552,891,0.910,1,1
40,4.000,656.9,608,895,0.919,2,1
40,4.000,751.8,648,899,0.914,12,1
40,4.000,843.1,704,887,0.878,6,1
41,4.100,287.8,760,895,0.631,9,1
41,4.100,376.8,692,911,0.630,7,1
41,4.100,471.6,612,899,0.882,0,1
41,4.100,564.2,548,895,0.909,1,1
41,4.100,658.0,468,891,0.911,2,1
41,4.100,750.5,408,891,0.918,12,1
41,4.100,842.4,460,891,0.881,6,1
41,4.100,937.7,708,851,0.567,23,1
42,4.200,91.3,552,711,0.427,22,0
42,4.200,288.4,744,891,0.607,9,1
42,4.200,374.0,676,907,0.612,7,1
42,4.200,472.3,580,907,0.646,0,1
42,4.200,564.2,544,899,0.848,1,1
42,4.200,657.8,468,895,0.844,2,1
42,4.200,751.9,412,895,0.892,12,1
42,4.200,843.5,476,887,0.874,6,1
42,4.200,937.6,728,875,0.862,23,1
43,4.300,290.2,744,895,0.764,9,1
43,4.300,378.9,648,907,0.907,7,1
43,4.300,470.4,604,895,0.926,0,1
43,4.300,561.4,540,899,0.926,1,1
43,4.300,653.3,476,899,0.911,2,1
43,4.300,748.4,512,915,0.916,12,1
43,4.300,843.6,512,871,0.701,6,1
43,4.300,935.5,528,851,0.599,23,1
44,4.400,293.2,692,879,0.761,9,1
44,4.400,380.3,652,891,0.906,7,1
44,4.400,470.9,600,895,0.919,0,1
44,4.400,562.8,536,899,0.921,1,1
44,4.400,655.8,476,899,0.899,2,1
44,4.400,749.9,528,907,0.916,12,1
44,4.400,847.6,568,875,0.760,6,1
44,4.400,934.8,552,863,0.753,23,1
45,4.500,202.1,728,867,0.483,24,0
45,4.500,292.9,620,883,0.614,9,1
45,4.500,381.9,636,899,0.612,7,1
45,4.500,471.9,600,891,0.912,0,1
45,4.500,564.0,536,895,0.912,1,1
45,4.500,659.8,560,895,0.916,2,1
45,4.500,751.6,524,879,0.925,12,1
45,4.500,844.5,584,867,0.724,6,1
45,4.500,936.7,776,855,0.454,23,1
46,4.600,292.0,636,883,0.663,9,1
46,4.600,380.5,568,891,0.851,7,1
46,4.600,472.6,604,891,0.927,0,1
46,4.600,564.9,544,887,0.913,1,1
46,4.600,660.5,592,887,0.932,2,1
46,4.600,751.5,540,875,0.901,12,1
46,4.600,839.3,592,863,0.909,6,1
46,4.600,935.6,724,851,0.852,23,1
47,4.700,290.0,672,887,0.897,9,1
47,4.700,379.3,636,891,0.859,7,1
47,4.700,471.1,600,887,0.927,0,1
47,4.700,562.7,580,883,0.927,1,1
47,4.700,659.4,592,883,0.917,2,1
47,4.700,750.1,612,875,0.919,12,1
47,4.700,843.3,600,875,0.899,6,1
47,4.700,934.8,676,871,0.900,23,1
48,4.800,291.1,736,883,0.845,9,1
48,4.800,381.5,672,883,0.822,7,1
48,4.800,472.8,616,887,0.933,0,1
48,4.800,565.4,564,879,0.918,1,1
48,4.800,661.5,608,883,0.910,2,1
48,4.800,751.7,560,875,0.900,12,1
48,4.800,845.9,628,875,0.801,6,1
48,4.800,936.8,736,871,0.614,23,1
49,4.900,204.2,684,875,0.656,25,0
49,4.900,293.5,704,875,0.863,9,1
49,4.900,380.3,564,867,0.890,7,1
49,4.900,473.8,608,875,0.929,0,1
49,4.900,566.7,648,871,0.901,1,1
49,4.900,661.5,616,883,0.920,2,1
49,4.900,752.8,544,875,0.907,12,1
49,4.900,843.0,700,867,0.831,6,1
50,5.000,203.4,700,871,0.595,25,0
50,5.000,293.8,616,867,0.858,9,1
50,5.000,382.6,640,859,0.890,7,1
50,5.000,474.9,604,867,0.908,0,1
50,5.000,566.6,628,871,0.908,1,1
50,5.000,661.6,588,887,0.918,2,1
50,5.000,752.8,668,879,0.923,12,1
50,5.000,846.7,652,855,0.610,6,1
51,5.100,292.3,612,851,0.719,9,1
51,5.100,379.9,548,847,0.727,7,1
51,5.100,473.8,584,855,0.863,0,1
51,5.100,564.7,544,867,0.877,1,1
51,5.100,661.4,580,879,0.888,2,1
51,5.100,749.8,592,879,0.933,12,1
51,5.100,842.3,624,803,0.578,6,1
52,5.200,292.0,600,843,0.865,9,1
52,5.200,384.9,648,843,0.895,7,1
52,5.200,473.3,588,847,0.914,0,1
52,5.200,564.9,540,863,0.904,1,1
52,5.200,659.9,592,871,0.870,2,1
52,5.200,750.2,656,863,0.906,12,1
52,5.200,842.8,612,819,0.618,6,1
53,5.300,193.3,548,791,0.600,25,0
53,5.300,287.2,596,831,0.910,9,1
53,5.300,380.1,532,835,0.916,7,1
53,5.300,470.6,568,847,0.913,0,1
53,5.300,562.6,524,851,0.923,1,1
53,5.300,655.3,600,855,0.897,2,1
53,5.300,752.3,636,851,0.911,12,1
54,5.400,291.6,616,831,0.799,9,1
54,5.400,375.0,532,835,0.923,7,1
54,5.400,467.1,472,843,0.925,0,1
54,5.400,561.6,544,855,0.919,1,1
54,5.400,655.1,588,871,0.906,2,1
54,5.400,748.4,640,855,0.915,12,1
54,5.400,843.9,772,847,0.507,6,1
55,5.500,276.6,588,835,0.897,26,1
55,5.500,371.9,520,839,0.903,7,1
55,5.500,465.5,472,855,0.899,0,1
55,5.500,556.7,532,871,0.924,1,1
55,5.500,649.0,592,903,0.940,2,1
55,5.500,743.1,648,879,0.894,12,1
55,5.500,835.8,692,843,0.866,6,1
55,5.500,1018.1,680,783,0.599,27,0
56,5.600,281.3,584,831,0.861,26,1
56,5.600,374.3,428,835,0.914,7,1
56,5.600,468.0,468,847,0.922,0,1
56,5.600,558.0,512,863,0.935,1,1
56,5.600,651.3,532,895,0.931,2,1
56,5.600,744.1,672,871,0.888,12,1
56,5.600,1019.3,544,779,0.857,27,0
57,5.700,281.6,736,831,0.812,26,1
57,5.700,371.5,660,843,0.868,7,1
57,5.700,468.5,588,859,0.910,0,1
57,5.700,555.5,524,871,0.929,1,1
57,5.700,651.3,600,895,0.924,2,1
57,5.700,746.1,692,859,0.871,12,1
57,5.700,1032.2,748,851,0.776,27,0
58,5.800,371.5,684,843,0.856,7,1
58,5.800,468.4,596,859,0.913,0,1
58,5.800,557.0,532,875,0.919,1,1
58,5.800,654.2,592,891,0.921,2,1
58,5.800,746.8,688,867,0.896,12,1
58,5.800,1031.6,772,863,0.863,27,0
59,5.900,277.3,644,807,0.586,26,1
59,5.900,367.9,492,851,0.902,7,1
59,5.900,466.7,500,871,0.909,0,1
59,5.900,556.9,564,879,0.934,1,1
59,5.900,651.7,660,879,0.903,2,1
59,5.900,746.8,688,863,0.896,12,1
59,5.900,843.5,736,847,0.862,28,1
60,6.000,365.6,548,851,0.894,7,1
60,6.000,467.5,488,875,0.897,0,1
60,6.000,557.4,548,879,0.932,1,1
60,6.000,654.5,724,875,0.894,2,1
60,6.000,747.4,696,859,0.916,12,1
60,6.000,844.0,720,851,0.828,28,1
60,6.000,942.4,708,855,0.466,29,0
61,6.100,282.2,756,847,0.654,26,1
61,6.100,367.6,600,855,0.907,7,1
61,6.100,465.4,488,883,0.912,0,1
61,6.100,557.7,620,883,0.929,1,1
61,6.100,656.6,712,871,0.882,2,1
61,6.100,749.2,712,863,0.925,12,1
61,6.100,845.4,736,855,0.861,28,1
61,6.100,939.2,748,871,0.806,29,0
62,6.200,276.8,720,863,0.834,26,1
62,6.200,366.6,604,855,0.899,7,1
62,6.200,462.5,476,887,0.905,0,1
62,6.200,556.0,592,887,0.900,1,1
62,6.200,656.8,732,875,0.858,2,1
62,6.200,747.2,728,863,0.878,12,1
62,6.200,843.0,528,859,0.898,28,1
62,6.200,936.8,720,875,0.843,29,0
63,6.300,95.8,800,859,0.474,30,0
63,6.300,180.9,740,851,0.407,31,1
63,6.300,278.5,752,867,0.621,26,1
63,6.300,368.7,696,851,0.862,7,1
63,6.300,461.8,488,891,0.820,0,1
63,6.300,555.7,668,891,0.824,1,1
63,6.300,654.9,732,883,0.500,2,1
63,6.300,748.4,748,863,0.527,12,1
63,6.300,844.9,536,855,0.617,28,1
64,6.400,91.2,604,859,0.563,30,0
64,6.400,180.7,644,871,0.629,31,1
64,6.400,280.0,756,871,0.595,26,1
64,6.400,367.3,752,863,0.492,7,1
64,6.400,464.2,600,891,0.906,0,1
64,6.400,555.4,656,891,0.883,1,1
64,6.400,655.3,736,887,0.607,2,1
64,6.400,747.2,812,867,0.464,12,1
64,6.400,847.3,548,859,0.629,28,1
65,6.500,180.0,620,875,0.780,31,1
65,6.500,271.9,772,883,0.610,26,1
65,6.500,366.0,720,875,0.756,7,1
65,6.500,463.4,548,895,0.738,0,1
65,6.500,557.4,640,891,0.909,1,1
65,6.500,659.3,660,883,0.887,2,1
65,6.500,750.4,560,867,0.922,12,1
65,6.500,847.1,764,871,0.911,28,1
65,6.500,1049.0,592,835,0.609,32,0
66,6.600,178.2,628,867,0.635,31,1
66,6.600,272.8,752,879,0.611,26,1
66,6.600,368.2,728,871,0.856,7,1
66,6.600,460.6,500,891,0.757,0,1
66,6.600,557.7,660,891,0.885,1,1
66,6.600,658.1,672,883,0.782,2,1
66,6.600,750.8,656,867,0.856,12,1
66,6.600,847.9,776,871,0.670,28,1
66,6.600,1045.0,588,843,0.743,32,0
67,6.700,175.2,492,759,0.889,31,1
67,6.700,273.9,548,883,0.867,26,1
67,6.700,364.7,712,875,0.876,7,1
67,6.700,459.3,676,883,0.824,0,1
67,6.700,556.1,644,887,0.896,1,1
67,6.700,656.4,720,887,0.892,2,1
67,6.700,750.6,488,875,0.932,12,1
67,6.700,844.4,780,875,0.876,28,1
67,6.700,1046.2,628,843,0.737,32,0
68,6.800,176.2,488,611,0.577,31,1
68,6.800,267.0,700,883,0.848,26,1
68,6.800,363.1,664,863,0.905,7,1
68,6.800,461.3,608,883,0.907,0,1
68,6.800,556.0,644,887,0.931,1,1
68,6.800,656.4,688,887,0.913,2,1
68,6.800,756.7,496,871,0.936,12,1
68,6.800,847.6,704,871,0.882,28,1
69,6.900,267.2,680,879,0.884,26,1
69,6.900,364.4,648,867,0.897,7,1
69,6.900,461.6,624,883,0.889,0,1
69,6.900,556.4,644,887,0.931,1,1
69,6.900,658.0,680,887,0.927,2,1
69,6.900,758.2,560,863,0.912,12,1
69,6.900,847.7,704,859,0.822,28,1
70,7.000,268.3,600,867,0.860,26,1
70,7.000,359.7,680,863,0.890,7,1
70,7.000,458.0,636,879,0.914,0,1
70,7.000,556.6,640,887,0.934,1,1
70,7.000,656.9,672,895,0.919,2,1
70,7.000,762.2,612,851,0.905,12,1
70,7.000,854.6,668,743,0.432,28,1
71,7.100,260.7,552,863,0.917,26,1
71,7.100,357.2,704,863,0.901,7,1
71,7.100,456.3,680,875,0.899,0,1
71,7.100,556.1,672,887,0.926,1,1
71,7.100,657.9,684,899,0.926,2,1
71,7.100,761.9,612,867,0.911,12,1
72,7.200,261.8,560,859,0.923,26,1
72,7.200,354.1,700,875,0.914,7,1
72,7.200,456.5,684,879,0.901,0,1
72,7.200,555.8,676,887,0.913,1,1
72,7.200,656.2,748,899,0.893,2,1
72,7.200,760.5,600,879,0.865,12,1
73,7.300,64.5,748,871,0.851,33,0
73,7.300,260.5,524,875,0.888,26,1
73,7.300,349.9,724,887,0.913,7,1
73,7.300,454.4,656,883,0.937,0,1
73,7.300,559.0,548,887,0.922,1,1
73,7.300,659.2,664,891,0.844,2,1
73,7.300,767.0,596,859,0.916,12,1
74,7.400,62.8,628,879,0.896,33,0
74,7.400,259.0,416,883,0.916,26,1
74,7.400,347.5,720,891,0.882,7,1
74,7.400,451.2,692,891,0.907,0,1
74,7.400,557.7,572,887,0.926,1,1
74,7.400,664.0,692,879,0.874,2,1
74,7.400,768.1,612,859,0.902,12,1
75,7.500,61.6,620,839,0.894,33,0
75,7.500,258.3,512,875,0.930,26,1
75,7.500,348.4,628,891,0.904,7,1
75,7.500,452.3,692,887,0.914,0,1
75,7.500,557.2,576,887,0.933,1,1
75,7.500,662.4,544,875,0.815,2,1
75,7.500,768.6,600,859,0.888,12,1
75,7.500,888.9,608,827,0.886,34,1
76,7.600,259.3,728,823,0.526,26,1
76,7.600,352.0,720,895,0.886,7,1
76,7.600,450.7,744,887,0.893,0,1
76,7.600,560.8,596,883,0.924,1,1
76,7.600,672.2,496,835,0.731,2,1
76,7.600,771.4,696,835,0.808,12,1
76,7.600,897.1,456,747,0.870,34,1
77,7.700,353.2,612,899,0.903,7,1
77,7.700,452.5,696,883,0.811,0,1
77,7.700,561.6,620,883,0.924,1,1
77,7.700,773.9,700,863,0.907,12,1
77,7.700,896.3,468,835,0.911,34,1
78,7.800,357.4,608,879,0.912,7,1
78,7.800,563.9,556,879,0.931,1,1
78,7.800,779.9,728,859,0.639,12,1
78,7.800,891.8,596,739,0.631,34,1
79,7.900,355.3,628,871,0.802,7,1
79,7.900,561.6,660,879,0.930,1,1
79,7.900,682.8,544,819,0.424,2,1
79,7.900,897.3,504,783,0.563,34,1
80,8.000,364.0,692,867,0.607,7,1
80,8.000,563.7,656,879,0.928,1,1
80,8.000,694.3,704,851,0.610,2,1
81,8.100,351.6,744,827,0.404,7,1
81,8.100,564.2,648,875,0.932,1,1
81,8.100,686.4,532,783,0.556,2,1
81,8.100,900.0,620,843,0.428,34,1
81,8.100,1021.1,608,839,0.851,35,0
82,8.200,364.0,736,831,0.532,7,1
82,8.200,566.3,644,875,0.929,1,1
82,8.200,693.3,528,835,0.860,2,1
82,8.200,905.0,712,831,0.607,34,1
82,8.200,1022.7,604,867,0.874,35,0
83,8.300,350.8,472,839,0.799,7,1
83,8.300,565.3,668,875,0.927,1,1
83,8.300,692.7,528,855,0.912,2,1
83,8.300,1029.2,628,891,0.762,35,0
84,8.400,349.8,480,723,0.778,7,1
84,8.400,565.8,664,879,0.938,1,1
84,8.400,696.0,540,867,0.885,2,1
85,8.500,362.0,488,663,0.547,7,1
85,8.500,566.0,656,871,0.933,1,1
85,8.500,694.3,524,863,0.923,2,1
86,8.600,231.2,656,819,0.510,36,0
86,8.600,566.0,648,875,0.926,1,1
86,8.600,695.3,532,867,0.915,2,1
87,8.700,233.2,676,815,0.724,36,0
87,8.700,565.2,668,875,0.929,1,1
87,8.700,692.7,532,867,0.932,2,1
88,8.800,562.2,660,875,0.911,1,1
88,8.800,691.9,540,867,0.919,2,1
88,8.800,805.2,652,747,0.623,37,1
89,8.900,104.7,620,755,0.807,38,0
89,8.900,434.5,668,851,0.872,39,1
89,8.900,565.1,640,875,0.933,1,1
89,8.900,694.7,548,875,0.916,2,1
89,8.900,807.0,672,779,0.572,37,1
90,9.000,101.0,600,755,0.877,38,0
90,9.000,323.0,656,839,0.786,40,0
90,9.000,441.3,684,867,0.896,39,1
90,9.000,564.3,560,875,0.930,1,1
90,9.000,695.2,556,879,0.923,2,1
90,9.000,818.7,612,791,0.841,37,1
91,9.100,438.3,556,871,0.904,39,1
91,9.100,562.9,580,879,0.900,1,1
91,9.100,695.9,536,879,0.913,2,1
91,9.100,823.6,628,875,0.791,37,1
92,9.200,437.2,564,871,0.905,39,1
92,9.200,564.1,652,879,0.899,1,1
92,9.200,695.2,664,883,0.926,2,1
92,9.200,824.5,652,895,0.852,37,1
92,9.200,961.1,764,835,0.547,41,0
93,9.300,438.3,632,863,0.872,39,1
93,9.300,566.6,644,879,0.871,1,1
93,9.300,696.7,656,883,0.892,2,1
93,9.300,825.0,648,895,0.771,37,1
93,9.300,961.3,760,887,0.599,41,0
94,9.400,435.7,652,875,0.896,39,1
94,9.400,567.0,664,883,0.902,1,1
94,9.400,696.5,660,887,0.885,2,1
94,9.400,827.5,664,887,0.640,37,1
95,9.500,300.9,648,863,0.744,42,0
95,9.500,432.6,676,875,0.853,39,1
95,9.500,565.6,664,887,0.922,1,1
95,9.500,696.7,636,895,0.911,2,1
95,9.500,824.6,672,883,0.795,37,1
96,9.600,295.2,660,887,0.730,42,0
96,9.600,427.7,652,875,0.884,39,1
96,9.600,559.7,648,887,0.908,1,1
96,9.600,691.4,596,903,0.900,2,1
96,9.600,816.4,668,863,0.593,37,1
97,9.700,297.7,668,867,0.871,42,0
97,9.700,429.8,544,871,0.910,39,1
97,9.700,562.4,640,895,0.901,1,1
97,9.700,693.4,652,907,0.919,2,1
98,9.800,299.9,720,811,0.671,42,0
98,9.800,431.9,540,823,0.883,39,1
98,9.800,560.8,560,891,0.904,1,1
98,9.800,693.3,684,903,0.876,2,1
98,9.800,1019.0,628,819,0.853,43,0
99,9.900,432.5,548,823,0.885,39,1
99,9.900,564.0,556,883,0.884,1,1
99,9.900,691.4,632,903,0.892,2,1
99,9.900,1020.5,612,811,0.728,43,0
100,10.000,430.5,532,827,0.789,39,1
100,10.000,562.1,684,863,0.897,1,1
100,10.000,693.4,776,871,0.897,2,1
100,10.000,888.3,500,835,0.620,44,1
101,10.100,430.5,532,819,0.843,39,1
101,10.100,563.1,676,875,0.894,1,1
101,10.100,694.4,760,875,0.918,2,1
101,10.100,890.1,504,843,0.716,44,1
102,10.200,432.8,528,835,0.849,39,1
102,10.200,561.9,668,871,0.904,1,1
102,10.200,694.3,764,867,0.903,2,1
102,10.200,895.0,704,843,0.673,44,1
103,10.300,330.7,732,827,0.751,45,1
103,10.300,429.4,532,823,0.875,39,1
103,10.300,558.1,620,859,0.915,1,1
103,10.300,687.1,776,859,0.816,2,1
103,10.300,892.1,696,851,0.860,44,1
104,10.400,434.6,552,827,0.903,39,1
104,10.400,559.5,632,859,0.884,1,1
104,10.400,679.5,748,859,0.746,2,1
104,10.400,758.8,472,731,0.749,46,1
104,10.400,893.8,712,859,0.881,44,1
105,10.500,342.9,720,839,0.632,45,1
105,10.500,456.3,748,847,0.847,47,1
105,10.500,559.4,648,859,0.896,1,1
105,10.500,677.8,712,855,0.825,2,1
105,10.500,758.3,472,743,0.746,46,1
105,10.500,894.1,732,867,0.846,44,1
106,10.600,99.8,612,839,0.784,48,0
106,10.600,232.2,744,851,0.618,49,1
106,10.600,344.5,748,847,0.617,45,1
106,10.600,453.6,732,843,0.822,47,1
106,10.600,559.1,660,863,0.898,1,1
106,10.600,674.2,724,863,0.900,2,1
106,10.600,758.3,476,819,0.838,46,1
106,10.600,893.5,732,863,0.874,44,1
107,10.700,99.1,608,847,0.685,48,0
107,10.700,231.3,744,855,0.648,49,1
107,10.700,341.3,732,847,0.707,45,1
107,10.700,451.1,624,847,0.786,47,1
107,10.700,558.6,656,863,0.908,1,1
107,10.700,673.1,732,863,0.888,2,1
107,10.700,761.3,480,847,0.903,46,1
107,10.700,892.6,700,855,0.861,44,1
108,10.800,232.1,692,851,0.618,49,1
108,10.800,348.2,720,847,0.759,45,1
108,10.800,452.7,684,847,0.852,47,1
108,10.800,558.1,652,863,0.909,1,1
108,10.800,670.5,724,871,0.911,2,1
108,10.800,766.8,608,867,0.907,46,1
108,10.800,878.0,740,851,0.509,44,1
109,10.900,233.0,632,847,0.621,49,1
109,10.900,353.1,716,851,0.732,45,1
109,10.900,455.7,708,847,0.862,47,1
109,10.900,559.4,668,867,0.877,1,1
109,10.900,672.0,732,871,0.900,2,1
109,10.900,765.8,616,859,0.911,46,1
110,11.000,236.1,620,843,0.555,49,1
110,11.000,356.8,716,855,0.777,45,1
110,11.000,456.3,688,855,0.857,47,1
110,11.000,559.5,596,867,0.894,1,1
110,11.000,673.0,756,871,0.915,2,1
110,11.000,761.9,612,867,0.905,46,1
110,11.000,877.6,752,867,0.499,44,1
111,11.100,229.5,496,855,0.643,49,1
111,11.100,356.9,720,863,0.649,45,1
111,11.100,458.0,728,855,0.803,47,1
111,11.100,559.3,560,871,0.871,1,1
111,11.100,671.5,672,867,0.899,2,1
111,11.100,760.8,608,867,0.895,46,1
112,11.200,27.6,700,835,0.481,50,0
112,11.200,219.3,468,719,0.542,49,1
112,11.200,350.8,708,871,0.845,45,1
112,11.200,457.9,696,875,0.885,47,1
112,11.200,553.2,588,875,0.878,1,1
112,11.200,667.7,648,875,0.891,2,1
112,11.200,762.7,624,883,0.909,46,1
112,11.200,861.8,728,867,0.503,51,1
113,11.300,31.5,688,839,0.605,50,0
113,11.300,233.5,476,847,0.761,49,1
113,11.300,354.6,700,875,0.882,45,1
113,11.300,459.9,712,879,0.879,47,1
113,11.300,555.9,576,879,0.896,1,1
113,11.300,669.0,652,879,0.884,2,1
113,11.300,765.9,620,887,0.920,46,1
113,11.300,866.5,712,875,0.860,51,1
114,11.400,355.4,624,875,0.848,45,1
114,11.400,455.5,620,875,0.879,47,1
114,11.400,556.8,544,879,0.911,1,1
114,11.400,661.5,496,879,0.922,2,1
114,11.400,766.3,684,891,0.923,46,1
114,11.400,866.1,412,883,0.916,51,1
114,11.400,1054.2,592,887,0.631,52,0
115,11.500,151.5,772,855,0.494,53,0
115,11.500,351.8,592,871,0.827,45,1
115,11.500,461.5,648,883,0.814,47,1
115,11.500,555.9,544,883,0.878,1,1
115,11.500,664.8,560,883,0.903,2,1
115,11.500,765.8,696,891,0.914,46,1
115,11.500,863.2,404,891,0.920,51,1
115,11.500,964.9,664,871,0.590,54,0
115,11.500,1057.1,596,883,0.641,52,0
116,11.600,147.8,732,871,0.623,53,0
116,11.600,265.6,736,879,0.608,55,1
116,11.600,355.9,604,875,0.664,45,1
116,11.600,465.7,640,895,0.718,47,1
116,11.600,555.0,588,891,0.880,1,1
116,11.600,663.0,688,883,0.919,2,1
116,11.600,765.3,732,887,0.879,46,1
116,11.600,855.5,540,887,0.848,51,1
117,11.700,149.2,744,871,0.606,53,0
117,11.700,265.1,704,879,0.605,55,1
117,11.700,356.0,608,883,0.637,45,1
117,11.700,466.5,624,899,0.735,47,1
117,11.700,555.9,616,891,0.877,1,1
117,11.700,663.2,668,879,0.916,2,1
117,11.700,765.2,736,887,0.901,46,1
117,11.700,852.9,544,887,0.878,51,1
118,11.800,263.4,708,879,0.622,55,1
118,11.800,355.5,608,879,0.671,45,1
118,11.800,461.6,580,891,0.814,47,1
118,11.800,557.1,664,887,0.880,1,1
118,11.800,662.2,672,879,0.933,2,1
118,11.800,766.1,720,883,0.903,46,1
118,11.800,853.4,556,879,0.902,51,1
119,11.900,269.0,776,883,0.605,55,1
119,11.900,360.8,592,871,0.711,45,1
119,11.900,462.7,688,887,0.818,47,1
119,11.900,557.5,668,883,0.879,1,1
119,11.900,661.6,688,883,0.921,2,1
119,11.900,762.0,728,879,0.890,46,1
119,11.900,852.8,672,879,0.901,51,1
120,12.000,270.1,796,887,0.585,55,1
120,12.000,355.8,500,863,0.908,45,1
120,12.000,457.7,712,879,0.862,47,1
120,12.000,556.4,652,879,0.887,1,1
120,12.000,658.2,612,883,0.911,2,1
120,12.000,755.8,696,887,0.904,46,1
120,12.000,850.2,748,883,0.922,51,1
120,12.000,932.2,480,699,0.633,56,1
121,12.100,63.6,724,855,0.601,57,0
121,12.100,264.7,760,895,0.581,55,1
121,12.100,352.5,484,859,0.892,45,1
121,12.100,455.5,580,875,0.879,47,1
121,12.100,554.3,648,879,0.904,1,1
121,12.100,655.6,560,883,0.891,2,1
121,12.100,752.8,680,895,0.910,46,1
121,12.100,847.8,700,887,0.896,51,1
121,12.100,939.0,476,859,0.886,56,1
122,12.200,67.6,612,851,0.628,57,0
122,12.200,164.4,692,779,0.442,58,0
122,12.200,264.6,724,899,0.566,55,1
122,12.200,350.3,480,863,0.878,45,1
122,12.200,460.2,608,871,0.891,47,1
122,12.200,556.4,648,879,0.895,1,1
122,12.200,654.3,484,887,0.915,2,1
122,12.200,757.5,668,891,0.917,46,1
122,12.200,849.7,748,883,0.919,51,1
122,12.200,939.2,476,871,0.897,56,1
123,12.300,64.5,608,859,0.610,57,0
123,12.300,268.0,764,891,0.588,55,1
123,12.300,364.2,508,871,0.654,45,1
123,12.300,464.5,612,875,0.914,47,1
123,12.300,557.5,664,879,0.903,1,1
123,12.300,657.4,520,891,0.921,2,1
123,12.300,757.6,684,891,0.931,46,1
123,12.300,854.0,768,879,0.918,51,1
123,12.300,945.8,740,867,0.688,56,1
124,12.400,267.9,688,883,0.563,55,1
124,12.400,366.4,612,867,0.702,45,1
124,12.400,462.5,656,871,0.869,47,1
124,12.400,557.2,668,883,0.887,1,1
124,12.400,656.4,484,895,0.924,2,1
124,12.400,754.2,668,895,0.923,46,1
124,12.400,849.3,764,879,0.886,51,1
124,12.400,944.9,728,883,0.692,56,1
124,12.400,1023.7,540,631,0.424,59,0
125,12.500,271.1,552,879,0.613,55,1
125,12.500,367.4,620,859,0.654,45,1
125,12.500,462.9,664,871,0.824,47,1
125,12.500,557.1,676,883,0.873,1,1
125,12.500,656.6,484,899,0.919,2,1
125,12.500,752.8,640,895,0.928,46,1
125,12.500,850.9,764,879,0.889,51,1
125,12.500,947.5,740,875,0.606,56,1
125,12.500,1024.7,548,875,0.414,59,0
126,12.600,173.5,760,875,0.511,60,1
126,12.600,272.7,548,883,0.628,55,1
126,12.600,373.9,712,867,0.559,45,1
126,12.600,464.8,616,875,0.759,47,1
126,12.600,557.9,676,883,0.868,1,1
126,12.600,659.0,472,899,0.919,2,1
126,12.600,754.5,676,891,0.911,46,1
126,12.600,847.1,760,879,0.892,51,1
127,12.700,179.9,744,875,0.600,60,1
127,12.700,267.3,548,883,0.621,55,1
127,12.700,375.4,712,871,0.582,45,1
127,12.700,468.7,660,879,0.639,47,1
127,12.700,558.0,596,883,0.853,1,1
127,12.700,658.5,468,895,0.927,2,1
127,12.700,752.7,684,891,0.889,46,1
127,12.700,848.9,756,879,0.908,51,1
128,12.800,179.3,716,867,0.615,60,1
128,12.800,280.2,748,879,0.606,55,1
128,12.800,373.5,700,875,0.655,45,1
128,12.800,469.7,632,883,0.665,47,1
128,12.800,558.6,624,887,0.819,1,1
128,12.800,657.4,476,891,0.861,2,1
128,12.800,747.0,644,887,0.899,46,1
128,12.800,846.6,768,871,0.844,51,1
129,12.900,178.2,696,867,0.629,60,1
129,12.900,281.5,752,871,0.707,55,1
129,12.900,374.0,688,879,0.707,45,1
129,12.900,470.5,624,883,0.880,47,1
129,12.900,559.7,656,887,0.880,1,1
129,12.900,657.1,484,891,0.917,2,1
129,12.900,748.6,424,887,0.907,46,1
129,12.900,844.9,764,867,0.820,51,1
130,13.000,174.1,620,863,0.641,60,1
130,13.000,283.6,768,871,0.617,55,1
130,13.000,375.3,680,879,0.637,45,1
130,13.000,470.4,624,887,0.847,47,1
130,13.000,560.0,560,891,0.897,1,1
130,13.000,656.6,572,891,0.914,2,1
130,13.000,748.8,420,891,0.925,46,1
130,13.000,845.2,648,867,0.883,51,1
131,13.100,98.4,800,867,0.578,61,0
131,13.100,180.0,496,859,0.631,60,1
131,13.100,290.2,768,867,0.616,55,1
131,13.100,375.7,684,879,0.636,45,1
131,13.100,471.8,620,883,0.887,47,1
131,13.100,562.0,548,891,0.906,1,1
131,13.100,660.3,596,891,0.915,2,1
131,13.100,751.0,640,891,0.914,46,1
131,13.100,847.0,724,863,0.766,51,1
132,13.200,100.2,792,855,0.499,61,0
132,13.200,292.9,756,871,0.625,55,1
132,13.200,374.9,684,883,0.701,45,1
132,13.200,471.3,616,891,0.915,47,1
132,13.200,562.3,536,891,0.917,1,1
132,13.200,657.4,480,891,0.927,2,1
132,13.200,750.3,472,895,0.923,46,1
132,13.200,843.3,584,871,0.864,51,1
133,13.300,290.7,752,875,0.707,55,1
133,13.300,374.8,680,895,0.711,45,1
133,13.300,471.0,608,895,0.915,47,1
133,13.300,563.7,540,891,0.912,1,1
133,13.300,656.3,472,895,0.922,2,1
133,13.300,749.4,416,891,0.921,46,1
133,13.300,841.0,496,879,0.893,51,1
133,13.300,935.8,716,851,0.650,62,1
134,13.400,292.2,744,887,0.606,55,1
134,13.400,376.8,544,915,0.635,45,1
134,13.400,470.7,600,899,0.885,47,1
134,13.400,564.0,544,899,0.917,1,1
134,13.400,657.0,468,899,0.922,2,1
134,13.400,748.0,416,891,0.925,46,1
134,13.400,839.4,484,875,0.876,51,1
134,13.400,938.3,720,855,0.780,62,1
135,13.500,291.4,712,887,0.843,55,1
135,13.500,375.4,564,911,0.920,45,1
135,13.500,469.0,600,899,0.931,47,1
135,13.500,559.1,540,903,0.920,1,1
135,13.500,652.1,476,903,0.915,2,1
135,13.500,745.2,508,903,0.928,46,1
135,13.500,838.9,568,863,0.748,51,1
135,13.500,930.3,536,835,0.804,62,1
136,13.600,286.2,652,883,0.621,55,1
136,13.600,375.1,592,895,0.608,45,1
136,13.600,467.9,608,907,0.631,47,1
136,13.600,558.6,528,895,0.874,1,1
136,13.600,653.6,572,891,0.898,2,1
136,13.600,745.3,540,883,0.921,46,1
136,13.600,839.0,596,867,0.892,51,1
136,13.600,921.7,552,847,0.642,62,1
137,13.700,284.9,624,883,0.639,55,1
137,13.700,379.1,612,887,0.759,45,1
137,13.700,467.1,600,895,0.888,47,1
137,13.700,558.4,540,887,0.910,1,1
137,13.700,654.7,512,879,0.920,2,1
137,13.700,748.3,604,867,0.917,46,1
137,13.700,839.5,600,859,0.784,51,1
138,13.800,284.4,628,879,0.844,55,1
138,13.800,379.2,652,887,0.853,45,1
138,13.800,468.9,588,895,0.919,47,1
138,13.800,562.6,544,887,0.906,1,1
138,13.800,659.6,584,887,0.909,2,1
138,13.800,749.5,540,867,0.919,46,1
138,13.800,840.4,612,867,0.871,51,1
138,13.800,934.6,744,859,0.831,62,1
139,13.900,287.5,648,879,0.856,55,1
139,13.900,379.8,580,887,0.875,45,1
139,13.900,468.7,584,887,0.893,47,1
139,13.900,562.9,564,883,0.913,1,1
139,13.900,659.5,604,883,0.907,2,1
139,13.900,748.9,604,871,0.913,46,1
139,13.900,843.8,608,875,0.861,51,1
139,13.900,935.4,776,871,0.716,62,1
140,14.000,202.5,768,847,0.415,63,1
140,14.000,288.3,704,863,0.872,55,1
140,14.000,376.9,612,863,0.872,45,1
140,14.000,468.6,604,871,0.910,47,1
140,14.000,561.9,660,863,0.899,1,1
140,14.000,657.2,612,871,0.862,2,1
140,14.000,747.4,560,867,0.905,46,1
140,14.000,842.5,708,863,0.785,51,1
140,14.000,933.9,772,843,0.521,62,1
141,14.100,200.2,696,867,0.603,63,1
141,14.100,286.2,628,855,0.857,55,1
141,14.100,374.5,616,851,0.910,45,1
141,14.100,467.3,608,859,0.894,47,1
141,14.100,561.4,632,859,0.896,1,1
141,14.100,655.6,596,875,0.872,2,1
141,14.100,747.8,596,871,0.895,46,1
141,14.100,838.7,708,863,0.748,51,1
142,14.200,196.9,752,855,0.602,63,1
142,14.200,284.3,620,851,0.828,55,1
142,14.200,374.9,656,847,0.877,45,1
142,14.200,465.6,592,855,0.921,47,1
142,14.200,557.0,576,859,0.916,1,1
142,14.200,651.4,596,875,0.892,2,1
142,14.200,744.4,664,867,0.911,46,1
142,14.200,835.3,652,851,0.831,51,1
143,14.300,278.7,608,855,0.777,55,1
143,14.300,370.1,552,851,0.836,45,1
143,14.300,461.8,596,859,0.891,47,1
143,14.300,552.8,544,871,0.929,1,1
143,14.300,646.1,592,891,0.893,2,1
143,14.300,740.7,568,879,0.926,46,1
143,14.300,832.0,624,851,0.864,51,1
144,14.400,185.3,552,783,0.458,63,1
144,14.400,274.5,604,863,0.890,55,1
144,14.400,370.2,544,851,0.892,45,1
144,14.400,457.6,500,863,0.927,47,1
144,14.400,551.2,540,879,0.941,1,1
144,14.400,645.2,592,899,0.895,2,1
144,14.400,739.3,600,883,0.912,46,1
144,14.400,829.9,656,851,0.783,51,1
145,14.500,177.1,536,799,0.813,63,1
145,14.500,270.5,592,863,0.881,55,1
145,14.500,363.0,528,871,0.923,45,1
145,14.500,455.3,496,879,0.932,47,1
145,14.500,547.6,536,891,0.926,1,1
145,14.500,641.1,584,903,0.912,2,1
145,14.500,739.9,624,895,0.913,46,1
145,14.500,828.8,704,871,0.783,51,1
146,14.600,178.0,536,655,0.601,63,1
146,14.600,277.3,584,851,0.917,55,1
146,14.600,366.9,516,871,0.919,45,1
146,14.600,459.2,468,879,0.902,47,1
146,14.600,552.5,544,891,0.935,1,1
146,14.600,645.1,600,907,0.940,2,1
146,14.600,739.9,572,899,0.924,46,1
146,14.600,833.1,720,875,0.865,51,1
147,14.700,277.7,476,871,0.909,55,1
147,14.700,367.5,420,863,0.909,45,1
147,14.700,458.9,460,871,0.920,47,1
147,14.700,553.3,536,887,0.937,1,1
147,14.700,646.1,596,903,0.928,2,1
147,14.700,742.2,664,891,0.934,46,1
147,14.700,834.3,692,867,0.872,51,1
147,14.700,1020.8,536,835,0.595,64,0
148,14.800,277.2,600,871,0.785,55,1
148,14.800,367.2,424,859,0.908,45,1
148,14.800,461.3,472,871,0.918,47,1
148,14.800,553.1,540,883,0.937,1,1
148,14.800,646.6,600,899,0.918,2,1
148,14.800,742.9,676,887,0.926,46,1
148,14.800,834.9,728,855,0.820,51,1
148,14.800,1015.3,740,839,0.401,64,0
149,14.900,277.1,632,871,0.632,55,1
149,14.900,366.4,520,867,0.756,45,1
149,14.900,461.3,564,879,0.813,47,1
149,14.900,554.1,552,891,0.924,1,1
149,14.900,646.0,600,899,0.925,2,1
149,14.900,740.2,684,891,0.928,46,1
149,14.900,837.1,680,855,0.878,51,1
149,14.900,1024.4,728,863,0.881,64,0
150,15.000,276.9,696,871,0.649,55,1
150,15.000,366.1,668,863,0.831,45,1
150,15.000,462.8,592,879,0.802,47,1
150,15.000,554.5,556,891,0.932,1,1
150,15.000,647.0,612,895,0.930,2,1
150,15.000,741.5,692,879,0.920,46,1
150,15.000,839.4,704,859,0.873,51,1
150,15.000,935.1,492,831,0.865,65,1
150,15.000,1025.0,732,863,0.893,64,0
151,15.100,268.8,660,855,0.651,55,1
151,15.100,368.6,628,859,0.827,45,1
151,15.100,462.0,592,875,0.893,47,1
151,15.100,554.5,584,887,0.934,1,1
151,15.100,646.6,720,887,0.929,2,1
151,15.100,741.8,704,879,0.928,46,1
151,15.100,839.6,716,859,0.892,51,1
151,15.100,931.7,500,839,0.650,65,1
152,15.200,275.6,740,879,0.611,55,1
152,15.200,363.4,564,867,0.917,45,1
152,15.200,462.9,488,887,0.891,47,1
152,15.200,552.9,660,887,0.911,1,1
152,15.200,647.5,744,891,0.896,2,1
152,15.200,744.1,772,887,0.903,46,1
152,15.200,838.0,532,875,0.645,51,1
152,15.200,933.4,724,879,0.616,65,1
153,15.300,275.8,760,875,0.747,55,1
153,15.300,368.4,676,863,0.790,45,1
153,15.300,462.5,480,891,0.894,47,1
153,15.300,554.2,664,891,0.920,1,1
153,15.300,649.8,716,891,0.902,2,1
153,15.300,747.5,752,883,0.897,46,1
153,15.300,840.0,540,875,0.890,51,1
153,15.300,935.0,732,871,0.797,65,1
154,15.400,275.6,752,883,0.608,55,1
154,15.400,368.6,564,875,0.925,45,1
154,15.400,461.8,480,891,0.893,47,1
154,15.400,552.6,660,891,0.934,1,1
154,15.400,649.8,716,891,0.927,2,1
154,15.400,743.6,740,887,0.598,46,1
154,15.400,839.0,676,871,0.871,51,1
154,15.400,936.1,724,871,0.735,65,1
155,15.500,178.5,700,871,0.612,66,1
155,15.500,276.8,780,883,0.622,55,1
155,15.500,367.3,660,867,0.889,45,1
155,15.500,463.1,488,895,0.879,47,1
155,15.500,554.4,672,891,0.921,1,1
155,15.500,652.3,720,891,0.889,2,1
155,15.500,747.4,744,883,0.766,46,1
155,15.500,842.6,552,875,0.828,51,1
156,15.600,179.5,716,883,0.614,66,1
156,15.600,277.1,776,887,0.626,55,1
156,15.600,371.5,684,879,0.601,45,1
156,15.600,463.7,488,899,0.784,47,1
156,15.600,554.7,664,895,0.922,1,1
156,15.600,653.2,700,891,0.889,2,1
156,15.600,748.5,796,883,0.805,46,1
156,15.600,840.1,556,875,0.760,51,1
157,15.700,177.8,716,887,0.615,66,1
157,15.700,270.7,796,887,0.601,55,1
157,15.700,365.4,652,891,0.617,45,1
157,15.700,460.9,484,899,0.811,47,1
157,15.700,553.7,660,895,0.939,1,1
157,15.700,654.2,704,895,0.887,2,1
157,15.700,750.9,688,887,0.921,46,1
157,15.700,843.3,780,883,0.878,51,1
157,15.700,1046.7,596,851,0.622,67,0
158,15.800,177.2,704,887,0.617,66,1
158,15.800,269.9,784,887,0.608,55,1
158,15.800,366.1,692,887,0.647,45,1
158,15.800,458.3,556,899,0.788,47,1
158,15.800,553.4,648,895,0.941,1,1
158,15.800,652.3,660,899,0.920,2,1
158,15.800,751.1,492,887,0.937,46,1
158,15.800,842.3,772,887,0.921,51,1
158,15.800,1045.3,604,863,0.811,67,0
159,15.900,170.6,740,887,0.573,66,1
159,15.900,265.0,772,895,0.615,55,1
159,15.900,360.5,700,879,0.832,45,1
159,15.900,456.4,476,899,0.909,47,1
159,15.900,552.3,644,891,0.937,1,1
159,15.900,654.9,688,899,0.895,2,1
159,15.900,752.7,476,891,0.957,46,1
159,15.900,841.6,776,887,0.920,51,1
159,15.900,1045.1,608,823,0.640,67,0
160,16.000,176.5,696,883,0.606,66,1
160,16.000,263.8,768,899,0.611,55,1
160,16.000,359.6,716,883,0.735,45,1
160,16.000,458.3,620,895,0.898,47,1
160,16.000,553.7,664,891,0.932,1,1
160,16.000,654.6,684,899,0.924,2,1
160,16.000,751.4,528,883,0.925,46,1
160,16.000,843.8,768,875,0.884,51,1
161,16.100,175.9,496,567,0.443,66,1
161,16.100,265.5,780,891,0.612,55,1
161,16.100,356.7,696,887,0.653,45,1
161,16.100,453.7,620,895,0.902,47,1
161,16.100,551.4,644,895,0.928,1,1
161,16.100,651.8,692,907,0.920,2,1
161,16.100,753.2,660,883,0.921,46,1
161,16.100,851.3,768,871,0.614,51,1
162,16.200,265.7,784,887,0.613,55,1
162,16.200,357.9,708,879,0.619,45,1
162,16.200,456.2,656,895,0.771,47,1
162,16.200,552.8,664,899,0.932,1,1
162,16.200,652.7,724,911,0.914,2,1
162,16.200,755.1,696,887,0.891,46,1
162,16.200,851.2,768,867,0.414,51,1
163,16.300,268.0,748,883,0.667,55,1
163,16.300,360.6,744,887,0.727,45,1
163,16.300,454.4,664,887,0.876,47,1
163,16.300,553.3,676,895,0.924,1,1
163,16.300,651.8,728,911,0.913,2,1
163,16.300,758.6,632,891,0.831,46,1
163,16.300,855.0,644,863,0.596,51,1
164,16.400,263.8,564,879,0.763,55,1
164,16.400,351.6,732,883,0.886,45,1
164,16.400,454.7,660,887,0.873,47,1
164,16.400,552.1,612,895,0.939,1,1
164,16.400,654.3,688,907,0.919,2,1
164,16.400,759.0,628,891,0.934,46,1
164,16.400,856.6,748,871,0.439,51,1
165,16.500,61.5,740,875,0.641,68,0
165,16.500,254.8,676,879,0.883,55,1
165,16.500,346.6,732,891,0.919,45,1
165,16.500,450.7,700,891,0.900,47,1
165,16.500,551.7,572,895,0.930,1,1
165,16.500,651.9,704,903,0.879,2,1
165,16.500,757.6,692,891,0.864,46,1
166,16.600,60.5,620,863,0.726,68,0
166,16.600,254.3,688,883,0.876,55,1
166,16.600,345.8,720,895,0.930,45,1
166,16.600,452.2,656,891,0.901,47,1
166,16.600,552.0,604,891,0.935,1,1
166,16.600,654.6,704,903,0.916,2,1
166,16.600,758.4,700,903,0.923,46,1
167,16.700,60.2,616,867,0.765,68,0
167,16.700,256.8,536,883,0.909,55,1
167,16.700,344.3,712,895,0.913,45,1
167,16.700,453.0,652,891,0.886,47,1
167,16.700,551.2,612,887,0.939,1,1
167,16.700,655.0,688,891,0.919,2,1
167,16.700,758.3,616,895,0.927,46,1
167,16.700,880.0,520,659,0.652,69,0
168,16.800,346.7,644,891,0.890,45,1
168,16.800,446.0,636,883,0.884,47,1
168,16.800,552.8,664,887,0.933,1,1
168,16.800,656.4,688,887,0.913,2,1
168,16.800,759.3,688,887,0.919,46,1
168,16.800,882.7,480,815,0.936,69,0
169,16.900,341.5,688,887,0.914,45,1
169,16.900,444.7,632,887,0.922,47,1
169,16.900,547.0,580,891,0.925,1,1
169,16.900,651.5,732,891,0.912,2,1
169,16.900,754.2,724,899,0.903,46,1
169,16.900,873.9,476,851,0.904,69,0
170,17.000,143.3,724,887,0.805,70,0
170,17.000,344.5,624,891,0.920,45,1
170,17.000,442.6,740,887,0.921,47,1
170,17.000,552.3,620,899,0.926,1,1
170,17.000,666.7,760,867,0.566,71,0
170,17.000,878.4,476,779,0.726,69,0
171,17.100,144.5,700,875,0.669,70,0
171,17.100,350.5,620,891,0.845,45,1
171,17.100,445.6,676,883,0.435,47,1
171,17.100,555.8,644,891,0.911,1,1
171,17.100,662.7,744,871,0.474,71,0
172,17.200,351.2,632,883,0.753,45,1
172,17.200,556.9,660,887,0.923,1,1
173,17.300,346.8,628,811,0.590,45,1
173,17.300,555.0,660,887,0.902,1,1
173,17.300,686.3,540,767,0.846,72,1
173,17.300,1016.3,668,827,0.764,73,0
174,17.400,346.5,484,827,0.678,45,1
174,17.400,555.7,664,879,0.914,1,1
174,17.400,687.1,532,819,0.744,72,1
174,17.400,1014.3,640,775,0.790,73,0
175,17.500,345.4,480,751,0.894,45,1
175,17.500,556.6,664,879,0.920,1,1
175,17.500,688.2,536,839,0.889,72,1
176,17.600,224.6,764,891,0.513,74,0
176,17.600,342.1,484,787,0.791,45,1
176,17.600,436.5,640,755,0.617,75,0
176,17.600,554.8,660,883,0.912,1,1
176,17.600,684.1,540,859,0.833,72,1
177,17.700,351.8,488,683,0.500,45,1
177,17.700,555.1,660,875,0.917,1,1
177,17.700,686.8,536,855,0.872,72,1
178,17.800,554.1,660,875,0.924,1,1
178,17.800,685.5,544,867,0.884,72,1
178,17.800,800.4,640,735,0.408,76,0
179,17.900,555.4,660,879,0.916,1,1
179,17.900,683.4,532,807,0.889,72,1
180,18.000,556.1,644,879,0.919,1,1
180,18.000,682.5,532,851,0.881,72,1
181,18.100,92.2,640,771,0.680,77,0
181,18.100,556.1,572,891,0.911,1,1
181,18.100,684.5,560,887,0.897,72,1
182,18.200,555.7,576,895,0.902,1,1
182,18.200,687.8,612,887,0.879,72,1
182,18.200,817.0,644,791,0.547,78,1
183,18.300,432.0,580,883,0.879,79,1
183,18.300,555.5,628,895,0.911,1,1
183,18.300,688.2,544,891,0.898,72,1
183,18.300,818.5,640,871,0.623,78,1
184,18.400,430.3,608,883,0.867,79,1
184,18.400,552.7,652,895,0.933,1,1
184,18.400,687.8,660,899,0.903,72,1
184,18.400,817.3,668,899,0.920,78,1
184,18.400,947.3,736,883,0.627,80,0
185,18.500,424.8,656,879,0.909,79,1
185,18.500,551.7,664,895,0.925,1,1
185,18.500,683.5,668,891,0.891,72,1
185,18.500,814.9,664,895,0.834,78,1
185,18.500,944.2,736,879,0.654,80,0
186,18.600,425.3,668,879,0.907,79,1
186,18.600,556.0,664,891,0.900,1,1
186,18.600,687.2,660,895,0.769,72,1
186,18.600,819.9,664,899,0.638,78,1
187,18.700,296.7,680,879,0.749,81,0
187,18.700,426.1,672,883,0.910,79,1
187,18.700,557.9,668,899,0.922,1,1
187,18.700,688.1,664,903,0.903,72,1
187,18.700,822.5,760,887,0.711,78,1
188,18.800,293.9,660,891,0.798,81,0
188,18.800,425.0,660,899,0.913,79,1
188,18.800,555.0,652,903,0.927,1,1
188,18.800,687.9,668,915,0.866,72,1
189,18.900,295.0,668,883,0.823,81,0
189,18.900,425.5,560,895,0.919,79,1
189,18.900,554.2,644,903,0.934,1,1
189,18.900,688.4,684,919,0.869,72,1
190,19.000,428.6,556,891,0.916,79,1
190,19.000,554.8,628,903,0.925,1,1
190,19.000,685.2,728,915,0.871,72,1
190,19.000,1017.0,668,835,0.838,82,0
191,19.100,427.3,544,899,0.850,79,1
191,19.100,555.8,568,907,0.930,1,1
191,19.100,688.2,712,911,0.886,72,1
191,19.100,1021.1,680,835,0.612,82,0
192,19.200,427.4,540,891,0.890,79,1
192,19.200,556.9,676,903,0.929,1,1
192,19.200,688.9,768,907,0.890,72,1
193,19.300,424.2,540,883,0.862,79,1
193,19.300,555.1,680,903,0.929,1,1
193,19.300,686.7,780,907,0.849,72,1
193,19.300,876.6,572,851,0.739,83,1
194,19.400,424.3,540,899,0.849,79,1
194,19.400,552.8,668,903,0.930,1,1
194,19.400,679.1,772,899,0.767,72,1
194,19.400,883.4,712,859,0.781,83,1
195,19.500,440.3,612,895,0.755,84,1
195,19.500,555.6,664,891,0.925,1,1
195,19.500,678.8,776,863,0.644,72,1
195,19.500,890.5,740,859,0.794,83,1
196,19.600,330.7,732,819,0.833,85,1
196,19.600,439.7,556,895,0.854,84,1
196,19.600,555.7,652,887,0.924,1,1
196,19.600,673.3,764,863,0.734,72,1
196,19.600,776.6,720,859,0.679,86,0
196,19.600,888.3,740,871,0.870,83,1
197,19.700,222.1,764,871,0.524,87,1
197,19.700,338.5,708,839,0.540,85,1
197,19.700,437.8,552,855,0.876,84,1
197,19.700,556.0,652,871,0.920,1,1
197,19.700,668.0,744,867,0.863,72,1
197,19.700,759.8,472,839,0.910,88,1
197,19.700,888.3,748,875,0.880,83,1
198,19.800,93.9,628,815,0.578,89,0
198,19.800,223.6,756,863,0.576,87,1
198,19.800,333.2,716,875,0.754,85,1
198,19.800,438.8,552,863,0.858,84,1
198,19.800,554.4,652,875,0.927,1,1
198,19.800,668.4,740,871,0.881,72,1
198,19.800,762.8,484,859,0.855,88,1
198,19.800,889.6,756,871,0.861,83,1
199,19.900,94.5,600,843,0.628,89,0
199,19.900,227.8,764,863,0.609,87,1
199,19.900,335.3,708,859,0.593,85,1
199,19.900,442.7,532,859,0.684,84,1
199,19.900,555.9,660,879,0.913,1,1
199,19.900,668.1,688,871,0.888,72,1
199,19.900,767.2,608,863,0.884,88,1
200,20.000,228.1,776,851,0.595,87,1
200,20.000,337.7,728,851,0.597,85,1
200,20.000,446.6,556,859,0.722,84,1
200,20.000,555.9,664,879,0.921,1,1
200,20.000,667.1,692,875,0.899,72,1
200,20.000,766.3,624,867,0.902,88,1
201,20.100,230.5,776,839,0.469,87,1
201,20.100,345.2,716,839,0.736,85,1
201,20.100,450.8,712,859,0.847,84,1
201,20.100,554.5,664,883,0.934,1,1
201,20.100,665.4,748,883,0.910,72,1
201,20.100,756.6,620,875,0.924,88,1
201,20.100,873.8,788,871,0.818,90,1
202,20.200,347.7,728,847,0.875,85,1
202,20.200,448.1,620,859,0.885,84,1
202,20.200,554.6,648,883,0.920,1,1
202,20.200,664.1,712,879,0.922,72,1
202,20.200,758.1,616,879,0.944,88,1
202,20.200,874.0,772,871,0.729,90,1
203,20.300,224.2,568,695,0.698,87,1
203,20.300,351.3,652,867,0.695,85,1
203,20.300,449.0,664,871,0.856,84,1
203,20.300,555.0,608,883,0.905,1,1
203,20.300,665.8,696,879,0.867,72,1
203,20.300,759.1,632,883,0.912,88,1
204,20.400,26.1,788,851,0.532,91,0
204,20.400,218.4,476,703,0.637,87,1
204,20.400,350.1,696,879,0.809,85,1
204,20.400,455.2,704,879,0.924,84,1
204,20.400,554.6,628,887,0.907,1,1
204,20.400,664.4,648,887,0.856,72,1
204,20.400,761.2,644,895,0.917,88,1
204,20.400,868.1,764,871,0.434,90,1
205,20.500,27.3,688,847,0.415,91,0
205,20.500,220.0,468,703,0.612,87,1
205,20.500,352.0,660,887,0.761,85,1
205,20.500,447.6,584,887,0.864,84,1
205,20.500,554.1,572,887,0.920,1,1
205,20.500,662.7,676,887,0.914,72,1
205,20.500,763.7,716,899,0.915,88,1
205,20.500,857.8,484,891,0.884,90,1
205,20.500,1053.9,592,875,0.616,92,0
206,20.600,348.6,632,879,0.875,85,1
206,20.600,453.6,664,887,0.838,84,1
206,20.600,553.0,640,891,0.916,1,1
206,20.600,660.3,592,887,0.922,72,1
206,20.600,761.4,708,899,0.916,88,1
206,20.600,859.0,680,883,0.810,90,1
206,20.600,1053.6,592,875,0.619,92,0
207,20.700,148.7,756,859,0.592,93,0
207,20.700,349.5,632,879,0.897,85,1
207,20.700,458.7,628,891,0.865,84,1
207,20.700,554.1,640,891,0.925,1,1
207,20.700,660.6,648,887,0.923,72,1
207,20.700,763.9,712,895,0.931,88,1
207,20.700,855.0,516,891,0.908,90,1
207,20.700,1053.4,620,867,0.621,92,0
208,20.800,145.4,744,871,0.614,93,0
208,20.800,260.5,772,883,0.591,94,1
208,20.800,349.4,632,879,0.902,85,1
208,20.800,459.6,656,887,0.861,84,1
208,20.800,555.0,612,891,0.923,1,1
208,20.800,657.7,664,883,0.917,72,1
208,20.800,762.0,720,895,0.934,88,1
208,20.800,857.5,552,883,0.906,90,1
209,20.900,148.4,712,871,0.634,93,0
209,20.900,259.5,744,887,0.623,94,1
209,20.900,348.0,620,887,0.758,85,1
209,20.900,460.8,644,895,0.813,84,1
209,20.900,554.4,624,895,0.917,1,1
209,20.900,654.4,624,887,0.923,72,1
209,20.900,759.0,700,891,0.935,88,1
209,20.900,849.4,552,879,0.928,90,1
210,21.000,260.4,732,891,0.619,94,1
210,21.000,351.3,620,895,0.687,85,1
210,21.000,461.6,676,895,0.846,84,1
210,21.000,554.6,676,895,0.918,1,1
210,21.000,655.4,664,887,0.891,72,1
210,21.000,756.0,732,883,0.885,88,1
210,21.000,848.2,576,883,0.819,90,1
211,21.100,262.3,708,895,0.596,94,1
211,21.100,356.4,624,895,0.629,85,1
211,21.100,461.5,696,895,0.792,84,1
211,21.100,555.8,672,895,0.899,1,1
211,21.100,658.1,632,887,0.907,72,1
211,21.100,756.4,744,879,0.845,88,1
211,21.100,849.7,692,879,0.883,90,1
212,21.200,269.5,780,887,0.599,94,1
212,21.200,358.6,492,879,0.832,85,1
212,21.200,460.2,608,883,0.845,84,1
212,21.200,555.2,660,891,0.888,1,1
212,21.200,656.8,624,887,0.912,72,1
212,21.200,755.4,720,883,0.918,88,1
212,21.200,849.3,732,883,0.796,90,1
212,21.200,942.0,476,703,0.597,95,1
213,21.300,62.9,752,827,0.426,96,0
213,21.300,265.1,764,891,0.524,94,1
213,21.300,355.0,588,867,0.903,85,1
213,21.300,458.7,680,879,0.860,84,1
213,21.300,555.4,660,887,0.898,1,1
213,21.300,650.4,496,891,0.910,72,1
213,21.300,755.7,648,887,0.894,88,1
213,21.300,848.7,752,883,0.926,90,1
213,21.300,940.8,480,875,0.809,95,1
214,21.400,60.6,608,863,0.621,96,0
214,21.400,264.1,768,899,0.608,94,1
214,21.400,359.4,568,871,0.816,85,1
214,21.400,456.6,560,875,0.917,84,1
214,21.400,554.1,656,883,0.909,1,1
214,21.400,653.8,580,891,0.930,72,1
214,21.400,754.2,704,887,0.867,88,1
214,21.400,848.1,752,875,0.901,90,1
214,21.400,940.1,728,871,0.599,95,1
215,21.500,59.9,612,855,0.698,96,0
215,21.500,263.4,740,899,0.587,94,1
215,21.500,357.3,576,871,0.812,85,1
215,21.500,461.5,652,879,0.855,84,1
215,21.500,556.1,660,887,0.903,1,1
215,21.500,654.4,508,891,0.919,72,1
215,21.500,756.2,692,887,0.944,88,1
215,21.500,849.6,756,875,0.896,90,1
215,21.500,941.0,744,871,0.450,95,1
216,21.600,265.3,688,887,0.668,94,1
216,21.600,368.3,664,855,0.822,85,1
216,21.600,460.7,636,871,0.900,84,1
216,21.600,556.4,668,887,0.896,1,1
216,21.600,655.9,584,895,0.915,72,1
216,21.600,751.6,696,867,0.887,88,1
216,21.600,844.6,748,875,0.899,90,1
216,21.600,942.7,724,875,0.608,95,1
217,21.700,268.0,564,887,0.672,94,1
217,21.700,370.7,632,871,0.754,85,1
217,21.700,462.3,720,871,0.877,84,1
217,21.700,556.6,672,887,0.892,1,1
217,21.700,655.6,580,895,0.922,72,1
217,21.700,752.7,668,879,0.903,88,1
217,21.700,845.4,756,879,0.910,90,1
218,21.800,259.3,556,895,0.617,94,1
218,21.800,367.5,712,879,0.606,85,1
218,21.800,459.3,680,879,0.636,84,1
218,21.800,553.1,648,887,0.906,1,1
218,21.800,651.6,476,895,0.913,72,1
218,21.800,747.3,676,891,0.906,88,1
218,21.800,842.2,752,879,0.901,90,1
219,21.900,176.5,772,883,0.610,97,0
219,21.900,264.5,552,891,0.620,94,1
219,21.900,373.8,712,883,0.593,85,1
219,21.900,464.1,680,883,0.660,84,1
219,21.900,556.8,676,887,0.892,1,1
219,21.900,653.3,472,895,0.925,72,1
219,21.900,749.7,684,891,0.899,88,1
219,21.900,842.6,752,879,0.899,90,1
220,22.000,180.0,752,883,0.616,97,0
220,22.000,266.0,552,895,0.623,94,1
220,22.000,372.4,720,883,0.615,85,1
220,22.000,467.7,644,883,0.637,84,1
220,22.000,556.4,648,891,0.896,1,1
220,22.000,653.2,480,891,0.931,72,1
220,22.000,748.2,676,887,0.897,88,1
220,22.000,845.1,736,883,0.924,90,1
221,22.100,176.5,736,879,0.606,97,0
221,22.100,271.1,552,887,0.688,94,1
221,22.100,371.3,720,875,0.769,85,1
221,22.100,467.3,644,883,0.870,84,1
221,22.100,556.6,656,887,0.909,1,1
221,22.100,653.5,584,891,0.936,72,1
221,22.100,746.6,664,891,0.898,88,1
221,22.100,843.0,744,879,0.884,90,1
222,22.200,277.8,776,871,0.571,94,1
222,22.200,374.6,680,887,0.628,85,1
222,22.200,465.6,624,879,0.894,84,1
222,22.200,555.9,564,887,0.904,1,1
222,22.200,651.9,592,887,0.922,72,1
222,22.200,746.7,428,891,0.923,88,1
222,22.200,841.8,744,871,0.777,90,1
223,22.300,282.4,756,879,0.595,94,1
223,22.300,374.0,704,887,0.617,85,1
223,22.300,467.9,616,887,0.743,84,1
223,22.300,556.9,560,887,0.909,1,1
223,22.300,652.9,596,887,0.923,72,1
223,22.300,747.1,540,891,0.919,88,1
223,22.300,840.3,740,867,0.844,90,1
224,22.400,282.8,780,863,0.484,94,1
224,22.400,373.7,672,891,0.637,85,1
224,22.400,468.0,608,887,0.823,84,1
224,22.400,559.7,552,887,0.899,1,1
224,22.400,652.1,596,887,0.924,72,1
224,22.400,745.1,624,891,0.908,88,1
224,22.400,839.6,580,875,0.897,90,1
224,22.400,934.1,748,855,0.575,98,1
225,22.500,287.0,764,875,0.489,94,1
225,22.500,370.6,688,891,0.655,85,1
225,22.500,467.5,620,887,0.900,84,1
225,22.500,558.2,548,887,0.918,1,1
225,22.500,651.9,476,887,0.915,72,1
225,22.500,743.9,440,895,0.926,88,1
225,22.500,838.1,504,875,0.921,90,1
225,22.500,930.5,716,867,0.767,98,1
226,22.600,285.1,728,875,0.714,94,1
226,22.600,375.9,700,891,0.813,85,1
226,22.600,465.7,616,891,0.925,84,1
226,22.600,555.5,552,891,0.923,1,1
226,22.600,648.7,508,887,0.924,72,1
226,22.600,742.9,524,887,0.945,88,1
226,22.600,834.1,608,875,0.898,90,1
226,22.600,929.7,544,863,0.547,98,1
227,22.700,287.2,700,879,0.612,94,1
227,22.700,377.8,608,899,0.610,85,1
227,22.700,467.4,604,895,0.822,84,1
227,22.700,558.0,632,891,0.916,1,1
227,22.700,650.0,540,887,0.928,72,1
227,22.700,742.0,524,887,0.947,88,1
227,22.700,838.2,608,867,0.909,90,1
227,22.700,925.0,536,863,0.847,98,1
228,22.800,287.8,648,859,0.574,94,1
228,22.800,377.5,676,891,0.634,85,1
228,22.800,467.9,620,895,0.827,84,1
228,22.800,556.7,624,887,0.911,1,1
228,22.800,650.3,584,883,0.928,72,1
228,22.800,743.2,540,879,0.934,88,1
228,22.800,838.5,600,863,0.921,90,1
228,22.800,931.6,664,859,0.780,98,1
229,22.900,284.1,624,875,0.619,94,1
229,22.900,378.2,636,891,0.616,85,1
229,22.900,471.3,596,899,0.639,84,1
229,22.900,559.0,556,891,0.846,1,1
229,22.900,653.9,596,887,0.899,72,1
229,22.900,746.7,556,875,0.924,88,1
229,22.900,836.5,608,863,0.894,90,1
229,22.900,932.0,696,851,0.797,98,1
230,23.000,289.0,720,859,0.788,94,1
230,23.000,375.7,668,891,0.903,85,1
230,23.000,467.6,604,891,0.885,84,1
230,23.000,559.4,576,891,0.910,1,1
230,23.000,654.1,608,883,0.925,72,1
230,23.000,748.7,640,879,0.917,88,1
230,23.000,837.9,696,875,0.919,90,1
231,23.100,288.9,724,887,0.889,94,1
231,23.100,378.9,700,891,0.837,85,1
231,23.100,468.8,608,883,0.930,84,1
231,23.100,561.5,628,891,0.923,1,1
231,23.100,655.7,596,887,0.910,72,1
231,23.100,746.8,632,883,0.911,88,1
231,23.100,839.0,616,875,0.918,90,1
231,23.100,931.4,736,863,0.851,98,1
232,23.200,290.5,716,879,0.881,94,1
232,23.200,379.0,632,887,0.860,85,1
232,23.200,468.0,616,879,0.915,84,1
232,23.200,562.3,648,887,0.923,1,1
232,23.200,655.2,608,883,0.895,72,1
232,23.200,747.3,624,883,0.926,88,1
232,23.200,838.7,680,871,0.899,90,1
232,23.200,929.5,768,855,0.430,98,1
233,23.300,202.9,720,887,0.697,99,0
233,23.300,289.1,624,879,0.897,94,1
233,23.300,378.0,656,871,0.906,85,1
233,23.300,469.6,604,875,0.913,84,1
233,23.300,562.3,652,887,0.932,1,1
233,23.300,654.6,596,887,0.926,72,1
233,23.300,747.4,672,883,0.910,88,1
233,23.300,840.6,704,859,0.812,90,1
234,23.400,203.2,744,863,0.717,99,0
234,23.400,291.3,624,867,0.868,94,1
234,23.400,376.5,656,859,0.903,85,1
234,23.400,469.4,600,871,0.909,84,1
234,23.400,562.1,636,887,0.922,1,1
234,23.400,654.9,596,891,0.915,72,1
234,23.400,748.2,680,879,0.904,88,1
235,23.500,288.8,680,831,0.887,94,1
235,23.500,379.1,672,839,0.874,85,1
235,23.500,468.2,604,851,0.915,84,1
235,23.500,560.7,540,863,0.906,1,1
235,23.500,654.9,604,875,0.918,72,1
235,23.500,746.3,676,859,0.889,88,1
236,23.600,283.6,616,827,0.896,94,1
236,23.600,375.7,556,839,0.918,85,1
236,23.600,467.6,592,839,0.919,84,1
236,23.600,560.3,632,843,0.909,1,1
236,23.600,652.4,696,839,0.909,72,1
236,23.600,743.8,688,827,0.891,88,1
237,23.700,281.2,624,823,0.708,94,1
237,23.700,378.3,552,831,0.919,85,1
237,23.700,467.8,588,839,0.924,84,1
237,23.700,560.6,652,843,0.907,1,1
237,23.700,653.7,632,835,0.917,72,1
237,23.700,744.7,676,799,0.833,88,1
238,23.800,279.2,628,839,0.847,94,1
238,23.800,374.6,536,835,0.908,85,1
238,23.800,463.4,504,835,0.916,84,1
238,23.800,555.0,544,847,0.923,1,1
238,23.800,646.6,652,843,0.935,72,1
238,23.800,741.1,716,839,0.626,88,1
238,23.800,834.6,772,843,0.429,100,0
239,23.900,281.5,612,827,0.887,94,1
239,23.900,369.8,536,823,0.912,85,1
239,23.900,464.1,476,835,0.883,84,1
239,23.900,552.9,540,847,0.923,1,1
239,23.900,646.7,620,851,0.936,72,1
239,23.900,741.4,684,815,0.761,88,1
240,24.000,278.4,648,835,0.872,94,1
240,24.000,370.3,544,823,0.902,85,1
240,24.000,464.2,488,835,0.902,84,1
240,24.000,554.0,544,851,0.910,1,1
240,24.000,646.2,616,847,0.942,72,1
240,24.000,739.7,688,827,0.485,88,1
241,24.100,280.9,752,843,0.585,94,1
241,24.100,368.0,688,843,0.873,85,1
241,24.100,463.7,612,855,0.916,84,1
241,24.100,553.8,560,879,0.939,1,1
241,24.100,645.8,716,859,0.933,72,1
242,24.200,281.6,736,839,0.482,94,1
242,24.200,364.1,684,863,0.882,85,1
242,24.200,460.6,600,875,0.899,84,1
242,24.200,550.8,616,887,0.945,1,1
242,24.200,645.5,728,875,0.920,72,1
242,24.200,739.3,704,851,0.703,88,1
242,24.200,929.8,628,815,0.652,101,0
243,24.300,364.8,672,875,0.872,85,1
243,24.300,460.7,524,883,0.884,84,1
243,24.300,551.0,644,891,0.933,1,1
243,24.300,646.8,728,871,0.913,72,1
243,24.300,740.3,744,851,0.638,88,1
243,24.300,838.2,736,835,0.759,102,1
243,24.300,930.4,728,835,0.659,101,0
244,24.400,365.2,716,843,0.727,85,1
244,24.400,460.5,496,883,0.901,84,1
244,24.400,551.5,644,895,0.928,1,1
244,24.400,650.3,624,871,0.909,72,1
244,24.400,744.9,708,839,0.872,88,1
244,24.400,841.5,764,855,0.848,102,1
244,24.400,934.8,748,859,0.837,101,0
245,24.500,276.7,728,863,0.589,94,1
245,24.500,368.2,680,855,0.833,85,1
245,24.500,459.0,476,883,0.912,84,1
245,24.500,552.1,656,891,0.936,1,1
245,24.500,653.5,720,863,0.849,72,1
245,24.500,743.7,736,847,0.730,88,1
245,24.500,840.0,552,855,0.915,102,1
245,24.500,933.5,736,863,0.418,101,0
246,24.600,273.8,756,851,0.684,94,1
246,24.600,364.6,608,859,0.908,85,1
246,24.600,461.1,488,887,0.902,84,1
246,24.600,551.3,660,887,0.933,1,1
246,24.600,648.5,700,871,0.917,72,1
246,24.600,745.3,696,851,0.701,88,1
246,24.600,841.7,540,847,0.744,102,1
247,24.700,180.3,676,799,0.469,103,1
247,24.700,273.8,748,859,0.741,94,1
247,24.700,362.2,720,823,0.852,85,1
247,24.700,461.6,484,883,0.903,84,1
247,24.700,550.9,656,887,0.939,1,1
247,24.700,649.3,700,871,0.924,72,1
247,24.700,744.7,716,835,0.753,88,1
247,24.700,844.2,708,843,0.836,102,1
248,24.800,90.3,688,843,0.450,104,0
248,24.800,180.5,724,847,0.803,103,1
248,24.800,277.3,748,871,0.813,94,1
248,24.800,364.0,716,851,0.859,85,1
248,24.800,461.0,592,887,0.904,84,1
248,24.800,552.0,656,891,0.942,1,1
248,24.800,650.1,700,871,0.913,72,1
248,24.800,747.0,728,851,0.547,88,1
248,24.800,841.9,700,863,0.909,102,1
249,24.900,179.7,720,871,0.678,103,1
249,24.900,274.0,740,867,0.751,94,1
249,24.900,362.6,732,855,0.895,85,1
249,24.900,461.1,492,887,0.900,84,1
249,24.900,551.8,664,887,0.934,1,1
249,24.900,651.0,724,867,0.878,72,1
249,24.900,746.1,700,847,0.591,88,1
249,24.900,842.2,732,859,0.750,102,1
250,25.000,175.2,724,867,0.619,103,1
250,25.000,269.2,756,871,0.602,94,1
250,25.000,360.9,748,859,0.787,85,1
250,25.000,460.4,496,879,0.907,84,1
250,25.000,551.3,648,883,0.939,1,1
250,25.000,650.8,708,879,0.919,72,1
250,25.000,748.8,496,851,0.948,88,1
250,25.000,839.1,776,871,0.897,102,1
250,25.000,1041.4,592,819,0.603,105,0
251,25.100,172.5,612,871,0.631,103,1
251,25.100,260.7,660,883,0.637,94,1
251,25.100,359.4,712,855,0.891,85,1
251,25.100,457.7,504,875,0.914,84,1
251,25.100,549.6,652,883,0.948,1,1
251,25.100,651.9,704,875,0.896,72,1
251,25.100,752.5,488,803,0.830,88,1
251,25.100,840.4,748,863,0.893,102,1
252,25.200,171.8,724,859,0.764,103,1
252,25.200,262.8,716,879,0.841,94,1
252,25.200,359.7,724,855,0.875,85,1
252,25.200,455.5,572,871,0.893,84,1
252,25.200,550.9,648,883,0.942,1,1
252,25.200,653.7,688,879,0.890,72,1
252,25.200,753.6,548,815,0.899,88,1
253,25.300,266.0,764,875,0.880,94,1
253,25.300,360.7,728,863,0.836,85,1
253,25.300,454.8,708,879,0.915,84,1
253,25.300,552.1,636,891,0.930,1,1
253,25.300,654.0,680,887,0.871,72,1
254,25.400,268.0,764,863,0.810,94,1
254,25.400,363.4,728,843,0.467,85,1
254,25.400,451.8,628,871,0.917,84,1
254,25.400,551.8,660,891,0.924,1,1
254,25.400,653.6,696,891,0.888,72,1
254,25.400,759.7,624,843,0.714,88,1
254,25.400,839.6,620,727,0.489,102,1
255,25.500,264.6,668,863,0.824,94,1
255,25.500,360.6,748,831,0.452,85,1
255,25.500,452.1,692,863,0.881,84,1
255,25.500,553.6,652,887,0.932,1,1
255,25.500,655.7,696,871,0.754,72,1
255,25.500,760.7,728,823,0.541,88,1
256,25.600,353.4,724,831,0.562,85,1
256,25.600,453.5,708,831,0.826,84,1
256,25.600,554.8,660,887,0.921,1,1
256,25.600,763.1,616,823,0.552,88,1
257,25.700,58.2,748,835,0.760,106,0
257,25.700,350.7,732,879,0.881,85,1
257,25.700,555.5,644,879,0.919,1,1
257,25.700,673.8,688,843,0.583,107,0
257,25.700,763.7,616,819,0.753,88,1
258,25.800,58.2,700,875,0.907,106,0
258,25.800,255.1,540,827,0.841,94,1
258,25.800,347.5,728,883,0.894,85,1
258,25.800,454.4,604,863,0.851,84,1
258,25.800,552.7,644,875,0.929,1,1
258,25.800,659.0,660,819,0.575,72,1
258,25.800,763.5,632,823,0.791,88,1
259,25.900,347.3,732,879,0.882,85,1
259,25.900,450.6,716,851,0.569,84,1
259,25.900,553.7,648,863,0.926,1,1
259,25.900,671.4,408,783,0.717,107,0
259,25.900,763.9,700,851,0.809,88,1
259,25.900,879.5,476,763,0.944,108,1
260,26.000,349.0,720,875,0.878,85,1
260,26.000,555.7,644,871,0.915,1,1
260,26.000,673.0,412,803,0.910,107,0
260,26.000,765.0,692,855,0.905,88,1
260,26.000,880.6,476,827,0.951,108,1
261,26.100,350.2,644,867,0.871,85,1
261,26.100,556.4,632,859,0.914,1,1
261,26.100,770.3,716,831,0.559,88,1
261,26.100,882.2,480,827,0.884,108,1
262,26.200,350.7,632,871,0.855,85,1
262,26.200,556.7,628,871,0.925,1,1
262,26.200,676.6,520,751,0.576,107,0
262,26.200,882.6,560,779,0.590,108,1
263,26.300,350.8,612,867,0.824,85,1
263,26.300,556.5,664,855,0.915,1,1
263,26.300,896.5,712,823,0.599,108,1
264,26.400,353.5,616,863,0.850,85,1
264,26.400,557.6,668,867,0.925,1,1
264,26.400,895.2,728,823,0.457,108,1
265,26.500,348.2,600,863,0.434,85,1
265,26.500,556.1,620,867,0.908,1,1
265,26.500,1010.0,616,815,0.898,109,0
266,26.600,345.9,488,855,0.813,85,1
266,26.600,555.8,660,867,0.889,1,1
266,26.600,1014.6,612,823,0.825,109,0
267,26.700,346.7,492,859,0.853,85,1
267,26.700,554.6,660,871,0.915,1,1
267,26.700,809.1,408,615,0.593,110,0
267,26.700,1016.9,676,819,0.710,109,0
268,26.800,351.4,492,707,0.680,85,1
268,26.800,555.5,660,871,0.903,1,1
268,26.800,692.4,676,799,0.688,111,1
269,26.900,228.1,604,835,0.813,112,0
269,26.900,555.4,656,867,0.916,1,1
269,26.900,684.8,540,863,0.794,111,1
270,27.000,556.4,660,871,0.919,1,1
270,27.000,684.3,536,859,0.698,111,1
271,27.100,555.4,660,867,0.913,1,1
271,27.100,681.6,540,867,0.861,111,1
272,27.200,557.6,644,867,0.920,1,1
272,27.200,683.6,536,867,0.869,111,1
272,27.200,802.0,636,779,0.482,113,1
273,27.300,557.0,664,871,0.929,1,1
273,27.300,686.1,544,875,0.903,111,1
274,27.400,430.1,624,871,0.894,114,1
274,27.400,553.1,628,879,0.922,1,1
274,27.400,686.0,540,879,0.881,111,1
274,27.400,814.2,632,867,0.629,113,1
275,27.500,427.6,644,875,0.877,114,1
275,27.500,550.7,656,887,0.945,1,1
275,27.500,685.4,672,887,0.912,111,1
275,27.500,811.8,668,883,0.871,113,1
275,27.500,944.9,760,839,0.483,115,0
276,27.600,314.5,648,831,0.444,116,0
276,27.600,426.7,652,875,0.876,114,1
276,27.600,551.1,660,883,0.940,1,1
276,27.600,685.3,668,887,0.906,111,1
276,27.600,811.4,664,883,0.817,113,1
276,27.600,945.9,752,843,0.565,115,0
277,27.700,427.6,660,875,0.891,114,1
277,27.700,552.5,660,887,0.930,1,1
277,27.700,686.2,668,883,0.906,111,1
277,27.700,813.7,668,887,0.814,113,1
278,27.800,425.6,672,871,0.906,114,1
278,27.800,556.2,664,883,0.913,1,1
278,27.800,686.2,668,883,0.898,111,1
278,27.800,816.9,676,887,0.753,113,1
279,27.900,295.5,644,883,0.625,117,0
279,27.900,425.2,656,887,0.825,114,1
279,27.900,554.7,660,891,0.925,1,1
279,27.900,687.1,668,899,0.893,111,1
280,28.000,294.2,660,883,0.646,117,0
280,28.000,423.4,560,887,0.882,114,1
280,28.000,553.9,652,895,0.934,1,1
280,28.000,686.1,644,907,0.863,111,1
281,28.100,293.5,672,859,0.870,117,0
281,28.100,426.7,660,879,0.904,114,1
281,28.100,551.4,644,891,0.933,1,1
281,28.100,686.4,700,907,0.902,111,1
282,28.200,425.8,556,867,0.913,114,1
282,28.200,553.2,668,887,0.935,1,1
282,28.200,684.8,768,895,0.911,111,1
282,28.200,1012.4,604,819,0.619,118,0
283,28.300,423.2,552,867,0.914,114,1
283,28.300,552.0,668,891,0.934,1,1
283,28.300,684.4,768,895,0.906,111,1
283,28.300,1010.6,608,823,0.409,118,0
284,28.400,423.6,544,867,0.897,114,1
284,28.400,554.4,684,887,0.928,1,1
284,28.400,685.3,784,883,0.892,111,1
284,28.400,883.9,524,799,0.582,119,1
285,28.500,424.6,540,851,0.857,114,1
285,28.500,554.6,684,871,0.924,1,1
285,28.500,683.1,760,859,0.831,111,1
285,28.500,881.8,572,843,0.798,119,1
286,28.600,423.3,544,847,0.864,114,1
286,28.600,553.2,668,867,0.936,1,1
286,28.600,685.0,760,847,0.760,111,1
286,28.600,881.3,604,847,0.833,119,1
287,28.700,322.5,752,823,0.578,120,1
287,28.700,430.3,552,843,0.846,114,1
287,28.700,552.9,660,863,0.934,1,1
287,28.700,673.2,752,851,0.845,111,1
287,28.700,886.3,720,843,0.810,119,1
288,28.800,433.4,552,843,0.885,114,1
288,28.800,553.3,652,867,0.936,1,1
288,28.800,671.4,732,855,0.842,111,1
288,28.800,751.4,472,727,0.771,121,1
288,28.800,885.4,724,847,0.837,119,1
289,28.900,425.1,552,827,0.886,114,1
289,28.900,553.0,656,863,0.930,1,1
289,28.900,665.6,732,859,0.898,111,1
289,28.900,760.6,476,839,0.905,121,1
289,28.900,885.9,728,851,0.854,119,1
290,29.000,91.0,620,839,0.655,122,0
290,29.000,223.4,744,843,0.594,123,1
290,29.000,336.7,756,851,0.598,120,1
290,29.000,430.0,536,839,0.753,114,1
290,29.000,552.1,632,867,0.936,1,1
290,29.000,666.3,720,867,0.905,111,1
290,29.000,760.5,484,847,0.839,121,1
290,29.000,881.1,732,843,0.468,119,1
291,29.100,88.7,604,831,0.610,122,0
291,29.100,219.8,732,843,0.628,123,1
291,29.100,334.7,740,851,0.598,120,1
291,29.100,435.7,536,847,0.813,114,1
291,29.100,551.3,652,867,0.917,1,1
291,29.100,661.8,744,867,0.896,111,1
291,29.100,759.0,612,859,0.912,121,1
292,29.200,218.7,732,847,0.640,123,1
292,29.200,336.9,756,855,0.531,120,1
292,29.200,436.2,544,851,0.746,114,1
292,29.200,551.6,672,871,0.920,1,1
292,29.200,661.8,732,871,0.918,111,1
292,29.200,757.6,624,859,0.930,121,1
293,29.300,221.2,708,847,0.616,123,1
293,29.300,335.8,756,855,0.452,120,1
293,29.300,439.0,540,851,0.657,114,1
293,29.300,553.5,672,875,0.938,1,1
293,29.300,663.6,736,871,0.899,111,1
293,29.300,757.9,624,859,0.916,121,1
293,29.300,871.0,756,847,0.556,119,1
294,29.400,230.2,736,847,0.655,123,1
294,29.400,346.8,716,855,0.911,120,1
294,29.400,448.6,684,855,0.900,114,1
294,29.400,552.3,640,871,0.930,1,1
294,29.400,662.6,676,871,0.907,111,1
294,29.400,756.8,628,859,0.927,121,1
295,29.500,219.2,488,823,0.880,123,1
295,29.500,346.6,700,871,0.707,120,1
295,29.500,448.7,644,867,0.748,114,1
295,29.500,550.3,628,871,0.935,1,1
295,29.500,661.4,700,867,0.924,111,1
295,29.500,756.7,616,867,0.930,121,1
295,29.500,863.6,756,855,0.560,119,1
296,29.600,25.8,736,847,0.425,124,0
296,29.600,217.0,484,775,0.867,123,1
296,29.600,346.5,672,871,0.807,120,1
296,29.600,445.4,640,863,0.895,114,1
296,29.600,551.1,628,875,0.929,1,1
296,29.600,655.3,628,867,0.895,111,1
296,29.600,758.8,696,875,0.921,121,1
296,29.600,858.1,732,859,0.726,119,1
296,29.600,1040.5,596,831,0.746,125,0
297,29.700,214.0,472,711,0.629,123,1
297,29.700,347.1,712,871,0.812,120,1
297,29.700,447.6,628,871,0.839,114,1
297,29.700,550.6,584,875,0.910,1,1
297,29.700,656.2,576,867,0.913,111,1
297,29.700,758.8,700,879,0.924,121,1
297,29.700,858.2,504,871,0.890,119,1
297,29.700,1046.1,592,847,0.828,125,0
298,29.800,343.7,640,875,0.848,120,1
298,29.800,450.1,628,867,0.910,114,1
298,29.800,550.2,636,875,0.923,1,1
298,29.800,652.9,600,875,0.884,111,1
298,29.800,758.7,708,879,0.935,121,1
298,29.800,843.9,424,875,0.886,119,1
298,29.800,1048.7,608,851,0.843,125,0
299,29.900,140.9,740,855,0.595,126,0
299,29.900,343.1,640,875,0.849,120,1
299,29.900,452.9,700,871,0.882,114,1
299,29.900,549.8,648,879,0.928,1,1
299,29.900,654.6,492,875,0.899,111,1
299,29.900,758.3,680,879,0.934,121,1
299,29.900,849.1,540,879,0.915,119,1
299,29.900,1048.4,620,855,0.715,125,0
300,30.000,137.0,672,867,0.634,126,0
300,30.000,254.2,740,871,0.607,127,1
300,30.000,345.8,616,867,0.704,120,1
300,30.000,454.6,612,879,0.727,114,1
300,30.000,550.9,656,879,0.921,1,1
300,30.000,652.8,676,871,0.923,111,1
300,30.000,755.7,704,875,0.904,121,1
300,30.000,851.0,548,871,0.883,119,1
301,30.100,254.1,704,871,0.627,127,1
301,30.100,346.2,624,867,0.762,120,1
301,30.100,455.0,632,875,0.815,114,1
301,30.100,549.9,664,883,0.911,1,1
301,30.100,649.4,652,871,0.903,111,1
301,30.100,749.9,680,867,0.903,121,1
301,30.100,846.6,584,871,0.894,119,1
302,30.200,254.6,692,871,0.606,127,1
302,30.200,346.2,616,859,0.762,120,1
302,30.200,454.8,676,875,0.832,114,1
302,30.200,550.9,660,879,0.921,1,1
302,30.200,650.8,652,867,0.900,111,1
302,30.200,750.1,728,867,0.877,121,1
302,30.200,847.2,580,867,0.884,119,1
303,30.300,262.5,696,871,0.572,127,1
303,30.300,347.7,576,863,0.841,120,1
303,30.300,455.3,640,879,0.836,114,1
303,30.300,551.0,664,879,0.906,1,1
303,30.300,648.0,520,871,0.881,111,1
303,30.300,749.1,684,871,0.896,121,1
303,30.300,846.8,740,871,0.880,119,1
304,30.400,263.1,788,879,0.595,127,1
304,30.400,344.6,472,855,0.774,120,1
304,30.400,457.1,732,867,0.848,114,1
304,30.400,551.8,672,879,0.890,1,1
304,30.400,647.6,540,875,0.906,111,1
304,30.400,748.5,688,875,0.905,121,1
304,30.400,841.2,652,879,0.912,119,1
304,30.400,938.4,744,831,0.752,128,1
305,30.500,55.5,616,851,0.615,129,0
305,30.500,257.4,680,887,0.682,127,1
305,30.500,352.4,500,863,0.845,120,1
305,30.500,453.7,600,863,0.867,114,1
305,30.500,550.4,656,875,0.913,1,1
305,30.500,647.4,484,875,0.926,111,1
305,30.500,748.6,692,871,0.905,121,1
305,30.500,840.0,696,875,0.909,119,1
305,30.500,938.8,728,827,0.807,128,1
306,30.600,56.4,608,855,0.612,129,0
306,30.600,257.6,568,891,0.595,127,1
306,30.600,355.7,604,859,0.744,120,1
306,30.600,453.7,608,863,0.904,114,1
306,30.600,550.5,656,879,0.911,1,1
306,30.600,650.2,604,875,0.917,111,1
306,30.600,745.6,680,871,0.824,121,1
306,30.600,843.9,740,875,0.884,119,1
306,30.600,938.3,724,847,0.677,128,1
307,30.700,262.0,732,879,0.615,127,1
307,30.700,352.5,640,855,0.744,120,1
307,30.700,454.6,640,863,0.897,114,1
307,30.700,550.4,660,879,0.907,1,1
307,30.700,646.4,496,887,0.914,111,1
307,30.700,742.6,664,887,0.848,121,1
307,30.700,846.6,776,867,0.851,119,1
307,30.700,936.6,748,855,0.771,128,1
307,30.700,1021.2,540,859,0.642,130,0
308,30.800,258.8,680,875,0.592,127,1
308,30.800,359.6,712,839,0.679,120,1
308,30.800,452.8,656,867,0.903,114,1
308,30.800,547.9,652,879,0.883,1,1
308,30.800,644.4,500,887,0.919,111,1
308,30.800,742.1,668,887,0.836,121,1
308,30.800,844.3,764,867,0.865,119,1
308,30.800,935.9,744,855,0.721,128,1
308,30.800,1021.8,564,859,0.765,130,0
309,30.900,259.3,568,875,0.704,127,1
309,30.900,364.1,660,843,0.525,120,1
309,30.900,455.1,656,859,0.895,114,1
309,30.900,550.4,664,879,0.884,1,1
309,30.900,646.1,568,883,0.904,111,1
309,30.900,740.6,604,883,0.828,121,1
309,30.900,843.8,752,871,0.871,119,1
309,30.900,937.7,756,851,0.426,128,1
309,30.900,1024.5,768,855,0.443,130,0
310,31.000,167.0,744,863,0.585,131,1
310,31.000,258.7,560,871,0.701,127,1
310,31.000,358.1,700,839,0.847,120,1
310,31.000,458.2,676,867,0.862,114,1
310,31.000,551.1,664,879,0.895,1,1
310,31.000,646.2,472,883,0.926,111,1
310,31.000,743.1,656,883,0.871,121,1
310,31.000,842.3,756,871,0.893,119,1
311,31.100,171.7,724,871,0.607,131,1
311,31.100,262.8,548,875,0.621,127,1
311,31.100,362.0,704,859,0.776,120,1
311,31.100,456.9,708,863,0.873,114,1
311,31.100,551.9,640,883,0.883,1,1
311,31.100,647.0,476,887,0.922,111,1
311,31.100,747.6,680,879,0.899,121,1
311,31.100,844.3,756,867,0.882,119,1
312,31.200,171.9,712,871,0.607,131,1
312,31.200,268.5,728,867,0.702,127,1
312,31.200,361.3,712,867,0.682,120,1
312,31.200,459.4,632,871,0.707,114,1
312,31.200,551.3,672,879,0.881,1,1
312,31.200,647.0,484,879,0.918,111,1
312,31.200,742.3,688,883,0.927,121,1
312,31.200,843.8,776,867,0.627,119,1
313,31.300,167.8,724,859,0.616,131,1
313,31.300,273.1,736,871,0.738,127,1
313,31.300,362.0,712,867,0.770,120,1
313,31.300,460.6,632,871,0.818,114,1
313,31.300,552.4,672,883,0.906,1,1
313,31.300,646.6,492,883,0.938,111,1
313,31.300,743.9,684,883,0.921,121,1
313,31.300,838.9,776,859,0.645,119,1
314,31.400,167.6,508,863,0.661,131,1
314,31.400,275.6,756,871,0.719,127,1
314,31.400,366.6,700,871,0.819,120,1
314,31.400,461.2,616,875,0.880,114,1
314,31.400,552.9,556,883,0.924,1,1
314,31.400,647.0,596,879,0.928,111,1
314,31.400,741.8,616,887,0.950,121,1
314,31.400,838.3,748,863,0.831,119,1
315,31.500,89.3,796,859,0.501,132,0
315,31.500,273.8,744,859,0.652,127,1
315,31.500,364.8,728,867,0.760,120,1
315,31.500,460.9,624,879,0.851,114,1
315,31.500,552.8,556,887,0.938,1,1
315,31.500,647.1,604,879,0.923,111,1
315,31.500,740.8,660,875,0.934,121,1
315,31.500,836.5,700,863,0.879,119,1
315,31.500,927.1,696,839,0.541,133,1
316,31.600,363.2,692,867,0.894,120,1
316,31.600,458.7,608,883,0.915,114,1
316,31.600,551.5,536,883,0.936,1,1
316,31.600,644.4,528,871,0.929,111,1
316,31.600,739.6,524,863,0.898,121,1
316,31.600,834.0,584,863,0.815,119,1
317,31.700,83.0,560,807,0.566,132,0
317,31.700,278.5,740,867,0.606,127,1
317,31.700,369.3,700,879,0.629,120,1
317,31.700,461.5,596,887,0.842,114,1
317,31.700,553.2,548,887,0.938,1,1
317,31.700,646.7,468,879,0.928,111,1
317,31.700,740.8,408,871,0.923,121,1
317,31.700,834.1,472,863,0.912,119,1
317,31.700,928.1,684,847,0.695,133,1
318,31.800,278.6,744,871,0.783,127,1
318,31.800,365.2,676,871,0.887,120,1
318,31.800,462.3,616,883,0.908,114,1
318,31.800,553.3,548,883,0.936,1,1
318,31.800,646.7,476,875,0.927,111,1
318,31.800,741.2,428,867,0.922,121,1
318,31.800,834.4,592,855,0.885,119,1
318,31.800,923.1,544,619,0.514,133,1
319,31.900,278.5,716,863,0.644,127,1
319,31.900,368.4,660,875,0.902,120,1
319,31.900,460.9,612,883,0.901,114,1
319,31.900,551.4,500,887,0.932,1,1
319,31.900,645.1,472,875,0.925,111,1
319,31.900,738.5,520,871,0.929,121,1
319,31.900,836.3,568,859,0.809,119,1
319,31.900,920.6,540,843,0.918,133,1
320,32.000,277.7,648,867,0.920,127,1
320,32.000,372.5,668,887,0.868,120,1
320,32.000,459.3,596,895,0.893,114,1
320,32.000,551.4,532,891,0.940,1,1
320,32.000,647.6,588,883,0.921,111,1
320,32.000,741.0,548,871,0.931,121,1
320,32.000,832.9,600,851,0.889,119,1
320,32.000,919.6,660,879,0.872,133,1
321,32.100,276.2,640,863,0.892,127,1
321,32.100,373.4,656,887,0.867,120,1
321,32.100,462.2,604,895,0.903,114,1
321,32.100,553.7,532,891,0.939,1,1
321,32.100,647.8,588,875,0.928,111,1
321,32.100,743.3,556,867,0.921,121,1
321,32.100,833.7,604,859,0.897,119,1
321,32.100,923.0,676,879,0.884,133,1
322,32.200,277.5,700,879,0.896,127,1
322,32.200,371.4,684,903,0.879,120,1
322,32.200,463.1,604,899,0.902,114,1
322,32.200,556.3,564,895,0.918,1,1
322,32.200,650.2,600,887,0.931,111,1
322,32.200,743.3,648,883,0.935,121,1
322,32.200,836.2,720,879,0.899,119,1
322,32.200,925.3,772,879,0.861,133,1
323,32.300,278.3,736,883,0.905,127,1
323,32.300,371.8,684,899,0.910,120,1
323,32.300,461.8,604,899,0.904,114,1
323,32.300,555.7,632,899,0.924,1,1
323,32.300,649.7,600,895,0.924,111,1
323,32.300,744.3,652,895,0.923,121,1
323,32.300,837.0,624,883,0.928,119,1
323,32.300,928.3,776,871,0.759,133,1
324,32.400,191.0,784,863,0.686,134,0
324,32.400,281.8,644,879,0.906,127,1
324,32.400,373.5,664,895,0.934,120,1
324,32.400,465.1,608,891,0.918,114,1
324,32.400,558.4,620,899,0.915,1,1
324,32.400,650.8,612,895,0.927,111,1
324,32.400,745.9,656,895,0.939,121,1
324,32.400,839.6,732,863,0.842,119,1
325,32.500,194.4,728,867,0.868,134,0
325,32.500,283.2,728,883,0.901,127,1
325,32.500,374.5,672,895,0.933,120,1
325,32.500,464.4,616,891,0.912,114,1
325,32.500,557.5,644,895,0.942,1,1
325,32.500,650.6,608,891,0.938,111,1
325,32.500,744.7,652,891,0.936,121,1
325,32.500,835.5,736,843,0.545,119,1
326,32.600,284.2,716,867,0.921,127,1
326,32.600,375.0,596,875,0.927,120,1
326,32.600,464.7,616,879,0.924,114,1
326,32.600,559.6,596,895,0.905,1,1
326,32.600,652.6,616,891,0.918,111,1
326,32.600,745.7,672,883,0.913,121,1
326,32.600,845.3,708,803,0.421,119,1
327,32.700,282.7,704,851,0.908,127,1
327,32.700,375.0,676,863,0.909,120,1
327,32.700,465.4,596,863,0.923,114,1
327,32.700,558.7,648,871,0.906,1,1
327,32.700,651.4,656,875,0.918,111,1
327,32.700,743.4,652,847,0.916,121,1
327,32.700,840.6,692,783,0.501,119,1
328,32.800,372.9,556,835,0.943,120,1
328,32.800,462.4,596,847,0.910,114,1
328,32.800,555.1,656,847,0.920,1,1
328,32.800,647.5,636,839,0.928,111,1
328,32.800,741.7,700,787,0.604,121,1
329,32.900,373.9,552,823,0.786,120,1
329,32.900,463.5,588,835,0.927,114,1
329,32.900,555.7,652,843,0.916,1,1
329,32.900,650.6,704,835,0.910,111,1
330,33.000,365.3,568,799,0.900,120,1
330,33.000,462.0,596,831,0.895,114,1
330,33.000,551.5,656,847,0.925,1,1
330,33.000,647.4,692,839,0.899,111,1
331,33.100,363.7,724,843,0.668,120,1
331,33.100,455.9,600,851,0.910,114,1
331,33.100,549.4,552,867,0.938,1,1
331,33.100,643.7,720,867,0.902,111,1
332,33.200,356.5,740,871,0.560,120,1
332,33.200,456.1,616,891,0.907,114,1
332,33.200,546.6,640,895,0.937,1,1
332,33.200,642.6,732,895,0.905,111,1
332,33.200,743.5,764,867,0.668,135,0
332,33.200,1016.2,784,847,0.487,136,0
333,33.300,359.5,740,863,0.581,120,1
333,33.300,456.3,612,879,0.933,114,1
333,33.300,547.5,664,887,0.930,1,1
333,33.300,639.9,724,891,0.916,111,1
334,33.400,267.4,720,867,0.779,137,1
334,33.400,362.4,744,867,0.716,120,1
334,33.400,456.5,616,887,0.908,114,1
334,33.400,547.7,564,891,0.928,1,1
334,33.400,645.5,716,883,0.919,111,1
334,33.400,740.4,740,859,0.790,135,0
334,33.400,837.0,768,847,0.471,138,0
335,33.500,360.7,720,863,0.459,120,1
335,33.500,458.1,604,891,0.909,114,1
335,33.500,548.3,656,895,0.936,1,1
335,33.500,645.2,724,887,0.914,111,1
335,33.500,743.3,744,867,0.798,135,0
335,33.500,842.9,744,843,0.475,138,0
336,33.600,455.4,516,899,0.920,114,1
336,33.600,549.1,672,899,0.946,1,1
336,33.600,650.7,732,887,0.892,111,1
336,33.600,745.5,796,863,0.593,135,0
337,33.700,272.9,772,879,0.465,137,1
337,33.700,455.2,476,899,0.931,114,1
337,33.700,549.9,644,899,0.943,1,1
337,33.700,650.5,684,891,0.906,111,1
338,33.800,270.4,780,887,0.686,137,1
338,33.800,456.6,596,903,0.923,114,1
338,33.800,550.5,652,899,0.949,1,1
338,33.800,652.1,708,891,0.887,111,1
339,33.900,272.7,780,883,0.692,137,1
339,33.900,460.6,648,903,0.925,114,1
339,33.900,550.8,660,903,0.946,1,1
339,33.900,654.1,716,895,0.896,111,1
340,34.000,170.9,752,871,0.878,139,0
340,34.000,269.8,796,887,0.612,137,1
340,34.000,457.2,716,895,0.919,114,1
340,34.000,551.2,644,899,0.932,1,1
340,34.000,654.4,768,887,0.595,111,1
341,34.100,170.2,752,859,0.637,139,0
341,34.100,267.0,780,887,0.778,137,1
341,34.100,361.8,748,875,0.706,140,0
341,34.100,455.2,664,899,0.894,114,1
341,34.100,550.7,640,899,0.932,1,1
341,34.100,651.1,776,891,0.807,111,1
341,34.100,744.6,780,859,0.428,141,0
341,34.100,844.3,760,859,0.666,142,0
342,34.200,168.0,648,823,0.643,139,0
342,34.200,261.3,760,891,0.932,137,1
342,34.200,360.6,740,875,0.694,140,0
342,34.200,452.7,664,895,0.852,114,1
342,34.200,551.2,648,899,0.932,1,1
342,34.200,653.1,764,879,0.534,111,1
342,34.200,845.7,736,843,0.495,142,0
343,34.300,260.8,748,887,0.919,137,1
343,34.300,552.0,660,895,0.924,1,1
343,34.300,654.9,764,871,0.458,111,1
344,34.400,262.2,776,887,0.916,137,1
344,34.400,449.4,700,883,0.595,114,1
344,34.400,553.2,668,899,0.921,1,1
345,34.500,263.0,768,883,0.866,137,1
345,34.500,552.6,672,883,0.899,1,1
345,34.500,659.7,720,847,0.611,111,1
346,34.600,261.5,756,883,0.879,137,1
346,34.600,553.6,652,887,0.927,1,1
346,34.600,656.5,680,855,0.760,111,1
346,34.600,764.3,696,783,0.483,143,1
347,34.700,554.0,664,883,0.927,1,1
347,34.700,769.6,632,783,0.442,143,1
348,34.800,58.2,760,851,0.558,144,0
348,34.800,555.2,656,867,0.900,1,1
349,34.900,54.8,740,867,0.895,144,0
349,34.900,346.3,736,891,0.890,145,0
349,34.900,553.6,600,875,0.939,1,1
349,34.900,765.8,680,823,0.803,143,1
350,35.000,54.5,632,871,0.895,144,0
350,35.000,346.7,744,887,0.807,145,0
350,35.000,552.5,632,863,0.934,1,1
350,35.000,677.5,424,483,0.436,146,0
350,35.000,761.6,720,847,0.548,143,1
351,35.100,346.0,760,875,0.486,145,0
351,35.100,555.1,644,855,0.908,1,1
351,35.100,763.8,732,847,0.489,143,1
351,35.100,885.0,488,691,0.924,147,0
352,35.200,555.3,644,855,0.914,1,1
352,35.200,765.6,732,839,0.449,143,1
352,35.200,884.9,480,711,0.909,147,0
353,35.300,349.0,748,875,0.452,145,0
353,35.300,555.5,592,863,0.916,1,1
353,35.300,762.0,724,847,0.882,143,1
353,35.300,883.5,520,751,0.868,147,0
354,35.400,555.7,580,867,0.922,1,1
354,35.400,660.5,704,811,0.529,148,0
355,35.500,555.8,644,871,0.894,1,1
356,35.600,554.4,652,867,0.931,1,1
356,35.600,894.6,692,847,0.514,147,0
357,35.700,555.0,660,871,0.918,1,1
357,35.700,1015.8,628,823,0.814,149,0
358,35.800,556.4,648,871,0.915,1,1
359,35.900,555.3,668,871,0.902,1,1
360,36.000,355.4,768,851,0.458,150,0
360,36.000,555.0,656,867,0.908,1,1
361,36.100,555.6,660,867,0.906,1,1
361,36.100,686.9,544,763,0.732,151,1
362,36.200,555.8,668,871,0.916,1,1
362,36.200,687.2,532,863,0.865,151,1
363,36.300,555.2,652,871,0.917,1,1
363,36.300,686.0,544,871,0.928,151,1
363,36.300,803.2,644,803,0.439,152,1
364,36.400,555.7,656,871,0.913,1,1
364,36.400,683.1,548,863,0.901,151,1
364,36.400,804.5,540,791,0.756,152,1
365,36.500,554.0,640,867,0.934,1,1
365,36.500,679.4,660,859,0.904,151,1
366,36.600,430.7,676,863,0.902,153,1
366,36.600,554.7,624,867,0.930,1,1
366,36.600,690.0,628,867,0.898,151,1
366,36.600,810.5,732,823,0.697,152,1
367,36.700,429.0,632,871,0.914,153,1
367,36.700,553.8,636,871,0.942,1,1
367,36.700,688.2,664,875,0.912,151,1
367,36.700,817.5,664,871,0.882,152,1
368,36.800,428.7,608,871,0.913,153,1
368,36.800,554.4,648,875,0.942,1,1
368,36.800,687.7,664,875,0.909,151,1
368,36.800,815.4,664,879,0.882,152,1
368,36.800,951.4,780,835,0.517,154,0
369,36.900,303.8,744,847,0.714,155,0
369,36.900,426.6,680,863,0.895,153,1
369,36.900,557.3,664,879,0.903,1,1
369,36.900,686.8,664,875,0.911,151,1
369,36.900,819.0,752,871,0.864,152,1
370,37.000,299.4,680,855,0.838,155,0
370,37.000,426.1,676,867,0.908,153,1
370,37.000,558.8,668,879,0.902,1,1
370,37.000,689.8,664,879,0.878,151,1
370,37.000,820.0,688,875,0.735,152,1
371,37.100,294.5,664,867,0.911,155,0
371,37.100,426.9,668,867,0.908,153,1
371,37.100,555.6,648,883,0.910,1,1
371,37.100,689.6,676,895,0.924,151,1
372,37.200,428.0,576,867,0.896,153,1
372,37.200,553.0,644,875,0.922,1,1
372,37.200,686.3,752,899,0.882,151,1
373,37.300,427.5,596,863,0.871,153,1
373,37.300,554.7,624,879,0.934,1,1
373,37.300,687.8,740,899,0.882,151,1
374,37.400,427.7,556,867,0.907,153,1
374,37.400,555.2,608,875,0.935,1,1
374,37.400,688.6,768,903,0.900,151,1
375,37.500,426.9,548,879,0.855,153,1
375,37.500,557.3,664,883,0.918,1,1
375,37.500,687.5,768,903,0.869,151,1
376,37.600,422.2,540,847,0.887,153,1
376,37.600,558.1,672,879,0.918,1,1
376,37.600,690.6,776,871,0.871,151,1
377,37.700,426.5,532,863,0.789,153,1
377,37.700,558.0,664,879,0.927,1,1
377,37.700,690.6,776,863,0.822,151,1
377,37.700,896.6,752,843,0.560,156,1
378,37.800,336.3,760,835,0.428,157,1
378,37.800,447.4,776,847,0.752,158,1
378,37.800,558.1,668,871,0.912,1,1
378,37.800,686.3,768,855,0.831,151,1
378,37.800,783.1,764,847,0.497,159,1
378,37.800,898.1,724,847,0.685,156,1
379,37.900,451.2,732,851,0.786,158,1
379,37.900,558.6,656,871,0.919,1,1
379,37.900,684.8,776,855,0.746,151,1
379,37.900,890.4,688,859,0.871,156,1
380,38.000,335.5,748,827,0.719,157,1
380,38.000,440.5,564,847,0.890,158,1
380,38.000,557.2,664,871,0.928,1,1
380,38.000,675.8,724,863,0.859,151,1
380,38.000,758.8,488,659,0.837,160,0
380,38.000,891.5,712,867,0.886,156,1
381,38.100,225.8,736,839,0.821,161,1
381,38.100,337.9,752,839,0.715,157,1
381,38.100,450.1,752,851,0.785,158,1
381,38.100,557.9,652,875,0.919,1,1
381,38.100,676.6,768,867,0.863,151,1
381,38.100,785.2,772,863,0.591,159,1
381,38.100,893.0,696,863,0.891,156,1
382,38.200,226.8,636,855,0.651,161,1
382,38.200,337.7,760,851,0.566,157,1
382,38.200,451.9,752,859,0.613,158,1
382,38.200,556.7,660,879,0.910,1,1
382,38.200,672.5,764,871,0.871,151,1
382,38.200,778.7,756,871,0.697,159,1
383,38.300,223.2,632,851,0.719,161,1
383,38.300,344.9,780,855,0.434,157,1
383,38.300,451.6,744,855,0.644,158,1
383,38.300,559.3,668,879,0.890,1,1
383,38.300,672.5,760,875,0.903,151,1
383,38.300,770.8,684,859,0.709,159,1
384,38.400,222.5,628,851,0.731,161,1
384,38.400,451.6,724,839,0.650,158,1
384,38.400,557.9,668,883,0.910,1,1
384,38.400,671.0,760,883,0.898,151,1
384,38.400,762.8,676,871,0.843,159,1
384,38.400,881.5,796,875,0.436,156,1
385,38.500,227.3,724,847,0.618,161,1
385,38.500,352.4,732,855,0.847,157,1
385,38.500,454.2,720,859,0.872,158,1
385,38.500,556.9,656,883,0.908,1,1
385,38.500,670.3,720,883,0.899,151,1
385,38.500,762.6,620,871,0.916,159,1
385,38.500,875.6,760,871,0.669,156,1
386,38.600,353.2,716,867,0.902,157,1
386,38.600,454.9,664,875,0.915,158,1
386,38.600,557.3,572,883,0.923,1,1
386,38.600,668.6,708,879,0.907,151,1
386,38.600,763.7,636,879,0.905,159,1
386,38.600,881.4,756,867,0.533,156,1
387,38.700,226.4,484,679,0.868,161,1
387,38.700,353.4,692,875,0.847,157,1
387,38.700,456.4,628,879,0.871,158,1
387,38.700,556.1,600,883,0.925,1,1
387,38.700,669.0,668,879,0.902,151,1
387,38.700,765.6,696,883,0.932,159,1
388,38.800,219.3,476,643,0.480,161,1
388,38.800,352.6,704,883,0.880,157,1
388,38.800,461.1,708,887,0.870,158,1
388,38.800,555.5,572,887,0.887,1,1
388,38.800,667.6,640,883,0.894,151,1
388,38.800,766.7,720,895,0.899,159,1
388,38.800,865.2,724,867,0.781,162,1
389,38.900,347.7,724,887,0.845,157,1
389,38.900,456.2,668,887,0.821,158,1
389,38.900,553.5,636,887,0.901,1,1
389,38.900,662.5,608,887,0.917,151,1
389,38.900,763.4,708,903,0.912,159,1
389,38.900,855.3,424,895,0.870,162,1
389,38.900,1053.5,596,867,0.827,163,0
390,39.000,148.2,792,863,0.493,164,0
390,39.000,349.7,620,883,0.902,157,1
390,39.000,460.3,644,891,0.845,158,1
390,39.000,555.4,576,887,0.889,1,1
390,39.000,662.7,612,887,0.918,151,1
390,39.000,765.2,708,899,0.934,159,1
390,39.000,863.4,700,891,0.857,162,1
390,39.000,967.8,808,871,0.415,165,0
390,39.000,1059.5,604,871,0.619,163,0
391,39.100,146.2,788,859,0.480,164,0
391,39.100,261.5,760,883,0.569,166,1
391,39.100,351.1,632,879,0.894,157,1
391,39.100,462.3,660,887,0.877,158,1
391,39.100,556.1,580,887,0.908,1,1
391,39.100,660.6,608,887,0.930,151,1
391,39.100,768.7,712,899,0.936,159,1
391,39.100,861.2,532,891,0.907,162,1
391,39.100,1056.6,708,871,0.662,163,0
392,39.200,145.7,760,871,0.600,164,0
392,39.200,266.3,744,887,0.658,166,1
392,39.200,353.5,616,879,0.900,157,1
392,39.200,462.0,616,891,0.854,158,1
392,39.200,556.3,636,891,0.904,1,1
392,39.200,662.3,700,887,0.927,151,1
392,39.200,769.9,732,887,0.908,159,1
392,39.200,862.1,748,879,0.791,162,1
393,39.300,258.1,724,899,0.635,166,1
393,39.300,354.8,616,883,0.777,157,1
393,39.300,462.2,696,891,0.847,158,1
393,39.300,555.8,656,887,0.902,1,1
393,39.300,659.6,660,891,0.923,151,1
393,39.300,761.8,700,887,0.908,159,1
393,39.300,855.4,576,883,0.890,162,1
394,39.400,269.2,724,895,0.614,166,1
394,39.400,354.8,512,879,0.750,157,1
394,39.400,462.1,580,887,0.844,158,1
394,39.400,556.8,668,887,0.874,1,1
394,39.400,658.2,592,887,0.845,151,1
394,39.400,759.3,688,887,0.892,159,1
394,39.400,852.7,692,879,0.913,162,1
394,39.400,937.8,488,687,0.445,167,1
395,39.500,270.3,736,891,0.589,166,1
395,39.500,355.3,504,871,0.858,157,1
395,39.500,461.7,596,883,0.899,158,1
395,39.500,558.0,664,883,0.879,1,1
395,39.500,658.1,652,887,0.881,151,1
395,39.500,758.6,696,883,0.914,159,1
395,39.500,852.5,740,883,0.923,162,1
396,39.600,63.3,616,871,0.618,168,0
396,39.600,264.2,704,899,0.586,166,1
396,39.600,358.2,472,863,0.868,157,1
396,39.600,458.4,544,879,0.866,158,1
396,39.600,556.7,640,883,0.909,1,1
396,39.600,650.2,460,883,0.918,151,1
396,39.600,753.5,564,887,0.916,159,1
396,39.600,850.8,696,887,0.916,162,1
396,39.600,944.2,468,855,0.612,167,1
397,39.700,61.1,612,883,0.623,168,0
397,39.700,263.5,700,903,0.586,166,1
397,39.700,362.0,476,867,0.846,157,1
397,39.700,459.3,532,875,0.887,158,1
397,39.700,556.2,648,883,0.909,1,1
397,39.700,654.9,596,887,0.917,151,1
397,39.700,754.1,632,891,0.907,159,1
397,39.700,851.2,736,883,0.908,162,1
397,39.700,944.3,484,839,0.628,167,1
398,39.800,60.2,612,823,0.590,168,0
398,39.800,266.4,700,895,0.600,166,1
398,39.800,364.5,476,859,0.841,157,1
398,39.800,465.4,692,875,0.890,158,1
398,39.800,558.5,660,883,0.911,1,1
398,39.800,657.2,596,895,0.910,151,1
398,39.800,755.6,544,891,0.909,159,1
398,39.800,852.8,728,879,0.908,162,1
398,39.800,947.5,740,867,0.828,167,1
398,39.800,1026.1,548,623,0.442,169,0
399,39.900,269.7,600,891,0.603,166,1
399,39.900,372.7,700,867,0.785,157,1
399,39.900,464.4,612,875,0.881,158,1
399,39.900,559.3,660,883,0.902,1,1
399,39.900,655.2,484,899,0.925,151,1
399,39.900,754.8,528,895,0.915,159,1
399,39.900,852.0,700,879,0.902,162,1
399,39.900,948.2,732,883,0.893,167,1
399,39.900,1033.7,564,867,0.783,169,0
400,40.000,263.1,556,879,0.665,166,1
400,40.000,378.2,624,875,0.706,157,1
400,40.000,465.4,640,871,0.894,158,1
400,40.000,559.9,664,879,0.888,1,1
400,40.000,655.6,472,891,0.892,151,1
400,40.000,753.0,532,891,0.893,159,1
400,40.000,847.8,664,879,0.899,162,1
400,40.000,946.7,712,883,0.901,167,1
400,40.000,1035.4,756,871,0.555,169,0
401,40.100,174.4,744,883,0.597,170,1
401,40.100,266.8,548,875,0.645,166,1
401,40.100,377.8,712,875,0.844,157,1
401,40.100,466.4,644,875,0.879,158,1
401,40.100,560.1,664,883,0.902,1,1
401,40.100,657.4,472,891,0.905,151,1
401,40.100,753.7,620,891,0.920,159,1
401,40.100,848.3,708,879,0.913,162,1
401,40.100,948.1,784,879,0.464,167,1
401,40.100,1035.1,788,875,0.729,169,0
402,40.200,179.6,736,895,0.624,170,1
402,40.200,270.9,556,891,0.771,166,1
402,40.200,376.4,628,875,0.868,157,1
402,40.200,468.2,724,879,0.857,158,1
402,40.200,560.6,664,887,0.901,1,1
402,40.200,659.0,468,899,0.904,151,1
402,40.200,751.4,516,895,0.900,159,1
402,40.200,847.9,716,879,0.911,162,1
403,40.300,181.3,732,891,0.637,170,1
403,40.300,272.8,576,887,0.785,166,1
403,40.300,375.2,692,875,0.859,157,1
403,40.300,470.5,656,879,0.903,158,1
403,40.300,560.3,652,887,0.844,1,1
403,40.300,656.7,472,891,0.905,151,1
403,40.300,751.1,516,895,0.918,159,1
403,40.300,850.3,628,879,0.910,162,1
404,40.400,175.7,740,887,0.595,170,1
404,40.400,270.7,580,887,0.686,166,1
404,40.400,373.5,696,879,0.832,157,1
404,40.400,468.9,628,883,0.915,158,1
404,40.400,559.3,656,891,0.877,1,1
404,40.400,656.6,480,891,0.923,151,1
404,40.400,750.7,420,891,0.923,159,1
404,40.400,847.3,632,879,0.920,162,1
404,40.400,944.5,732,847,0.400,167,1
405,40.500,278.3,740,883,0.620,166,1
405,40.500,373.7,700,883,0.831,157,1
405,40.500,468.5,624,887,0.916,158,1
405,40.500,558.9,544,891,0.909,1,1
405,40.500,655.9,496,891,0.927,151,1
405,40.500,746.6,416,895,0.929,159,1
405,40.500,843.0,636,879,0.891,162,1
406,40.600,96.8,800,875,0.581,171,0
406,40.600,176.3,484,863,0.614,170,1
406,40.600,277.0,708,887,0.601,166,1
406,40.600,376.1,696,891,0.752,157,1
406,40.600,469.6,608,891,0.925,158,1
406,40.600,560.3,536,891,0.907,1,1
406,40.600,656.3,588,891,0.930,151,1
406,40.600,751.5,432,895,0.916,159,1
406,40.600,844.5,676,879,0.904,162,1
407,40.700,100.3,784,867,0.524,171,0
407,40.700,172.5,492,591,0.432,170,1
407,40.700,282.8,736,879,0.578,166,1
407,40.700,374.7,688,891,0.724,157,1
407,40.700,469.9,592,895,0.917,158,1
407,40.700,562.4,544,891,0.912,1,1
407,40.700,656.5,592,887,0.925,151,1
407,40.700,751.8,612,891,0.916,159,1
407,40.700,844.4,588,883,0.874,162,1
407,40.700,938.0,708,875,0.789,167,1
408,40.800,284.2,748,879,0.825,166,1
408,40.800,372.5,672,903,0.878,157,1
408,40.800,470.6,608,903,0.930,158,1
408,40.800,564.1,544,899,0.917,1,1
408,40.800,657.5,468,887,0.912,151,1
408,40.800,752.4,408,895,0.911,159,1
408,40.800,844.1,468,891,0.888,162,1
408,40.800,936.6,696,891,0.889,167,1
409,40.900,288.1,744,895,0.875,166,1
409,40.900,375.5,564,903,0.911,157,1
409,40.900,470.4,600,903,0.923,158,1
409,40.900,563.7,548,903,0.925,1,1
409,40.900,656.8,464,891,0.922,151,1
409,40.900,749.6,408,895,0.922,159,1
409,40.900,842.4,484,879,0.845,162,1
409,40.900,939.4,744,863,0.565,167,1
410,41.000,289.6,748,883,0.811,166,1
410,41.000,376.1,576,907,0.911,157,1
410,41.000,470.7,604,907,0.920,158,1
410,41.000,562.4,544,907,0.931,1,1
410,41.000,655.7,476,899,0.912,151,1
410,41.000,747.8,508,903,0.920,159,1
410,41.000,843.2,588,883,0.840,162,1
410,41.000,934.6,536,875,0.795,167,1
411,41.100,292.0,628,887,0.620,166,1
411,41.100,381.0,580,903,0.607,157,1
411,41.100,471.2,608,895,0.901,158,1
411,41.100,562.6,532,899,0.914,1,1
411,41.100,657.3,488,895,0.896,151,1
411,41.100,749.5,536,887,0.914,159,1
411,41.100,844.8,584,871,0.792,162,1
411,41.100,933.6,564,879,0.865,167,1
412,41.200,291.1,624,895,0.617,166,1
412,41.200,383.1,656,903,0.603,157,1
412,41.200,472.5,600,899,0.795,158,1
412,41.200,564.8,540,895,0.902,1,1
412,41.200,660.9,572,895,0.928,151,1
412,41.200,752.1,572,875,0.919,159,1
412,41.200,842.0,588,871,0.805,162,1
412,41.200,936.1,696,859,0.749,167,1
413,41.300,290.3,656,883,0.747,166,1
413,41.300,379.8,640,899,0.709,157,1
413,41.300,472.5,592,899,0.828,158,1
413,41.300,564.4,548,895,0.899,1,1
413,41.300,660.2,604,895,0.890,151,1
413,41.300,753.5,532,875,0.906,159,1
413,41.300,844.0,608,867,0.864,162,1
413,41.300,936.8,676,859,0.824,167,1
414,41.400,291.6,664,887,0.868,166,1
414,41.400,379.2,564,891,0.861,157,1
414,41.400,471.0,608,887,0.916,158,1
414,41.400,564.4,572,887,0.912,1,1
414,41.400,660.2,604,891,0.902,151,1
414,41.400,751.1,644,879,0.890,159,1
414,41.400,844.5,600,875,0.839,162,1
414,41.400,936.0,672,871,0.647,167,1
415,41.500,201.8,712,875,0.788,172,1
415,41.500,292.1,740,879,0.852,166,1
415,41.500,379.1,552,875,0.874,157,1
415,41.500,471.1,604,887,0.910,158,1
415,41.500,565.8,660,879,0.917,1,1
415,41.500,661.0,616,887,0.923,151,1
415,41.500,752.0,528,879,0.901,159,1
415,41.500,845.7,628,867,0.780,162,1
415,41.500,938.9,688,859,0.595,167,1
416,41.600,200.9,728,871,0.701,172,1
416,41.600,293.3,616,871,0.894,166,1
416,41.600,381.9,556,867,0.863,157,1
416,41.600,472.0,600,875,0.915,158,1
416,41.600,566.5,632,875,0.909,1,1
416,41.600,661.7,604,887,0.927,151,1
416,41.600,753.5,664,883,0.933,159,1
416,41.600,843.5,712,863,0.730,162,1
417,41.700,203.5,696,867,0.603,172,1
417,41.700,292.9,608,867,0.800,166,1
417,41.700,381.9,564,855,0.872,157,1
417,41.700,475.8,604,863,0.922,158,1
417,41.700,565.5,552,875,0.902,1,1
417,41.700,660.6,596,887,0.915,151,1
417,41.700,753.1,652,887,0.925,159,1
417,41.700,842.1,616,859,0.837,162,1
418,41.800,202.7,652,843,0.474,172,1
418,41.800,289.7,620,847,0.759,166,1
418,41.800,380.4,620,847,0.810,157,1
418,41.800,472.2,596,847,0.912,158,1
418,41.800,564.4,548,867,0.884,1,1
418,41.800,660.9,596,883,0.875,151,1
418,41.800,749.2,668,875,0.932,159,1
418,41.800,843.7,604,835,0.601,162,1
419,41.900,203.1,692,791,0.412,172,1
419,41.900,288.4,612,847,0.880,166,1
419,41.900,383.9,572,847,0.899,157,1
419,41.900,473.1,596,847,0.926,158,1
419,41.900,564.7,540,863,0.898,1,1
419,41.900,660.2,596,867,0.838,151,1
419,41.900,750.8,684,859,0.917,159,1
420,42.000,197.8,544,819,0.665,172,1
420,42.000,282.4,504,775,0.900,166,1
420,42.000,375.5,528,839,0.929,157,1
420,42.000,469.0,488,843,0.901,158,1
420,42.000,563.2,556,851,0.898,1,1
420,42.000,655.5,608,859,0.898,151,1
420,42.000,749.8,652,847,0.909,159,1
420,42.000,839.7,724,831,0.500,162,1
421,42.100,281.6,600,811,0.564,166,1
421,42.100,372.0,544,835,0.903,157,1
421,42.100,467.8,484,847,0.902,158,1
421,42.100,559.5,532,863,0.904,1,1
421,42.100,650.5,604,887,0.928,151,1
421,42.100,743.7,672,859,0.894,159,1
421,42.100,838.4,748,839,0.547,162,1
422,42.200,279.6,608,815,0.727,166,1
422,42.200,371.9,424,843,0.922,157,1
422,42.200,464.0,460,851,0.905,158,1
422,42.200,555.1,528,871,0.934,1,1
422,42.200,649.7,596,899,0.936,151,1
422,42.200,743.7,644,867,0.894,159,1
422,42.200,838.5,728,843,0.858,162,1
423,42.300,277.1,608,807,0.917,166,1
423,42.300,371.5,412,839,0.917,157,1
423,42.300,464.4,456,847,0.906,158,1
423,42.300,556.2,528,863,0.924,1,1
423,42.300,650.7,592,891,0.935,151,1
423,42.300,744.5,648,863,0.883,159,1
423,42.300,838.1,752,827,0.693,162,1
423,42.300,1017.1,560,775,0.797,173,0
424,42.400,283.9,684,839,0.772,166,1
424,42.400,369.2,680,843,0.906,157,1
424,42.400,466.8,604,859,0.891,158,1
424,42.400,557.6,532,871,0.934,1,1
424,42.400,651.4,608,891,0.911,151,1
424,42.400,746.9,684,863,0.897,159,1
424,42.400,848.2,716,823,0.714,162,1
424,42.400,1032.6,788,859,0.576,174,0
425,42.500,282.5,660,847,0.829,166,1
425,42.500,372.0,672,851,0.810,157,1
425,42.500,465.8,596,863,0.901,158,1
425,42.500,556.6,548,879,0.927,1,1
425,42.500,650.9,596,887,0.934,151,1
425,42.500,746.1,680,863,0.884,159,1
425,42.500,847.3,748,847,0.773,162,1
425,42.500,1029.5,776,859,0.569,174,0
426,42.600,286.5,720,851,0.509,166,1
426,42.600,370.2,608,855,0.897,157,1
426,42.600,464.4,500,871,0.888,158,1
426,42.600,557.7,588,879,0.908,1,1
426,42.600,652.8,744,883,0.814,151,1
426,42.600,746.8,732,871,0.907,159,1
426,42.600,842.7,680,855,0.662,162,1
426,42.600,939.8,692,823,0.585,175,0
427,42.700,370.5,704,855,0.827,157,1
427,42.700,464.1,600,871,0.894,158,1
427,42.700,558.0,628,879,0.897,1,1
427,42.700,652.7,720,875,0.713,151,1
427,42.700,748.0,700,867,0.904,159,1
427,42.700,843.1,564,855,0.639,162,1
427,42.700,937.6,668,847,0.647,175,0
428,42.800,279.1,760,863,0.750,166,1
428,42.800,369.1,708,847,0.697,157,1
428,42.800,466.6,472,883,0.894,158,1
428,42.800,556.7,652,883,0.914,1,1
428,42.800,656.2,716,875,0.837,151,1
428,42.800,749.6,740,867,0.795,159,1
428,42.800,843.5,540,863,0.917,162,1
428,42.800,940.0,728,863,0.863,175,0
429,42.900,276.6,760,867,0.712,166,1
429,42.900,369.7,684,867,0.797,157,1
429,42.900,464.4,480,887,0.884,158,1
429,42.900,556.1,664,891,0.911,1,1
429,42.900,654.3,736,883,0.880,151,1
429,42.900,749.3,776,875,0.701,159,1
429,42.900,841.0,540,871,0.875,162,1
429,42.900,937.7,724,863,0.659,175,0
430,43.000,90.0,584,859,0.472,176,0
430,43.000,179.5,720,883,0.603,177,1
430,43.000,277.7,776,879,0.620,166,1
430,43.000,366.7,680,879,0.658,157,1
430,43.000,462.4,484,903,0.684,158,1
430,43.000,556.5,664,891,0.902,1,1
430,43.000,655.0,708,887,0.844,151,1
430,43.000,751.6,724,879,0.771,159,1
430,43.000,844.5,548,871,0.671,162,1
431,43.100,86.6,556,727,0.506,176,0
431,43.100,179.6,712,879,0.618,177,1
431,43.100,277.9,772,879,0.630,166,1
431,43.100,367.4,748,875,0.619,157,1
431,43.100,462.8,512,903,0.664,158,1
431,43.100,557.5,664,891,0.863,1,1
431,43.100,652.4,660,891,0.754,151,1
431,43.100,753.1,816,875,0.595,159,1
431,43.100,847.1,552,867,0.624,162,1
432,43.200,179.7,648,879,0.614,177,1
432,43.200,275.1,748,879,0.613,166,1
432,43.200,366.0,760,875,0.727,157,1
432,43.200,464.2,508,899,0.758,158,1
432,43.200,558.5,644,895,0.866,1,1
432,43.200,658.4,696,887,0.749,151,1
432,43.200,752.8,732,871,0.706,159,1
432,43.200,845.3,552,871,0.785,162,1
433,43.300,179.1,580,883,0.626,177,1
433,43.300,270.4,784,883,0.609,166,1
433,43.300,366.2,732,879,0.626,157,1
433,43.300,463.7,596,903,0.635,158,1
433,43.300,558.5,664,895,0.876,1,1
433,43.300,656.7,636,887,0.812,151,1
433,43.300,749.1,788,883,0.593,159,1
433,43.300,846.2,716,879,0.811,162,1
433,43.300,1050.9,592,839,0.619,178,0
434,43.400,176.5,480,883,0.633,177,1
434,43.400,265.0,756,891,0.608,166,1
434,43.400,363.0,752,883,0.627,157,1
434,43.400,462.3,608,895,0.691,158,1
434,43.400,556.0,644,887,0.904,1,1
434,43.400,658.0,692,887,0.886,151,1
434,43.400,754.1,488,875,0.922,159,1
434,43.400,844.2,732,871,0.881,162,1
434,43.400,1046.5,720,835,0.598,178,0
435,43.500,174.3,484,855,0.746,177,1
435,43.500,265.4,548,887,0.712,166,1
435,43.500,364.2,748,883,0.672,157,1
435,43.500,459.7,592,887,0.741,158,1
435,43.500,556.0,652,887,0.901,1,1
435,43.500,659.3,712,887,0.894,151,1
435,43.500,753.7,476,875,0.923,159,1
435,43.500,850.1,772,871,0.867,162,1
436,43.600,267.0,744,875,0.813,166,1
436,43.600,362.4,752,859,0.840,157,1
436,43.600,455.2,708,879,0.841,158,1
436,43.600,555.6,664,883,0.918,1,1
436,43.600,657.4,712,891,0.918,151,1
436,43.600,760.1,580,863,0.689,159,1
437,43.700,268.2,692,875,0.693,166,1
437,43.700,363.0,696,863,0.622,157,1
437,43.700,455.4,700,879,0.908,158,1
437,43.700,556.0,604,891,0.925,1,1
437,43.700,656.9,692,903,0.905,151,1
437,43.700,761.0,624,879,0.933,159,1
438,43.800,259.9,560,879,0.828,166,1
438,43.800,351.4,716,887,0.880,157,1
438,43.800,453.1,664,887,0.917,158,1
438,43.800,554.4,668,891,0.917,1,1
438,43.800,653.8,656,907,0.920,151,1
438,43.800,758.6,616,891,0.947,159,1
438,43.800,859.9,736,867,0.749,162,1
439,43.900,261.3,548,867,0.942,166,1
439,43.900,355.8,712,879,0.888,157,1
439,43.900,458.4,640,875,0.904,158,1
439,43.900,557.4,556,887,0.926,1,1
439,43.900,655.6,688,899,0.917,151,1
439,43.900,765.0,600,867,0.907,159,1
440,44.000,63.0,728,859,0.813,179,0
440,44.000,261.2,540,879,0.909,166,1
440,44.000,348.6,704,891,0.921,157,1
440,44.000,455.6,648,879,0.915,158,1
440,44.000,557.6,544,883,0.921,1,1
440,44.000,659.5,704,887,0.803,151,1
440,44.000,766.8,600,855,0.898,159,1
441,44.100,61.7,628,847,0.846,179,0
441,44.100,259.4,540,879,0.882,166,1
441,44.100,349.1,708,895,0.914,157,1
441,44.100,456.1,632,887,0.916,158,1
441,44.100,557.2,544,883,0.929,1,1
441,44.100,661.9,680,879,0.758,151,1
441,44.100,769.1,600,855,0.904,159,1
442,44.200,65.7,612,795,0.469,179,0
442,44.200,257.8,648,863,0.910,166,1
442,44.200,348.2,704,891,0.887,157,1
442,44.200,452.2,700,879,0.903,158,1
442,44.200,555.9,564,883,0.907,1,1
442,44.200,659.9,700,875,0.586,151,1
442,44.200,771.1,652,871,0.908,159,1
442,44.200,885.3,468,839,0.936,180,1
443,44.300,352.5,700,891,0.905,157,1
443,44.300,450.3,692,875,0.874,158,1
443,44.300,561.9,576,883,0.921,1,1
443,44.300,683.5,404,835,0.825,181,1
443,44.300,775.0,640,855,0.905,159,1
443,44.300,889.2,468,827,0.934,180,1
444,44.400,148.3,740,895,0.478,182,0
444,44.400,353.1,616,887,0.892,157,1
444,44.400,452.8,676,859,0.622,158,1
444,44.400,562.2,548,879,0.915,1,1
444,44.400,772.6,676,859,0.904,159,1
444,44.400,889.5,464,827,0.857,180,1
445,44.500,147.6,700,887,0.736,182,0
445,44.500,357.2,600,875,0.890,157,1
445,44.500,564.0,584,879,0.929,1,1
445,44.500,680.8,624,851,0.447,181,1
445,44.500,777.1,720,855,0.864,159,1
445,44.500,894.6,580,835,0.854,180,1
446,44.600,366.6,800,867,0.413,157,1
446,44.600,564.1,584,871,0.887,1,1
446,44.600,892.9,580,667,0.592,180,1
447,44.700,357.5,632,883,0.672,157,1
447,44.700,562.8,652,871,0.909,1,1
447,44.700,900.0,696,839,0.790,180,1
447,44.700,1020.0,652,791,0.514,183,0
448,44.800,567.8,632,875,0.919,1,1
448,44.800,692.2,536,791,0.651,181,1
448,44.800,904.6,692,843,0.659,180,1
448,44.800,1021.4,608,795,0.882,183,0
449,44.900,354.0,492,803,0.763,157,1
449,44.900,566.5,656,875,0.928,1,1
449,44.900,692.1,532,759,0.865,181,1
449,44.900,905.3,704,851,0.641,180,1
449,44.900,1023.1,604,831,0.909,183,0
450,45.000,350.4,488,767,0.901,157,1
450,45.000,447.7,636,751,0.405,184,1
450,45.000,563.7,556,875,0.921,1,1
450,45.000,687.5,556,647,0.794,181,1
450,45.000,817.3,400,495,0.583,185,0
450,45.000,1025.5,600,783,0.787,183,0
451,45.100,233.8,712,815,0.408,186,0
451,45.100,349.9,480,851,0.906,157,1
451,45.100,566.1,660,871,0.923,1,1
451,45.100,690.1,536,855,0.892,181,1
452,45.200,568.2,652,875,0.920,1,1
452,45.200,697.3,556,855,0.865,181,1
453,45.300,229.7,596,815,0.782,186,0
453,45.300,361.1,492,615,0.557,157,1
453,45.300,445.8,584,711,0.471,184,1
453,45.300,568.0,652,875,0.904,1,1
453,45.300,704.1,536,863,0.824,181,1
454,45.400,563.1,664,879,0.908,1,1
454,45.400,692.3,536,871,0.912,181,1
455,45.500,562.9,656,871,0.918,1,1
455,45.500,691.1,540,871,0.901,181,1
455,45.500,805.0,628,751,0.521,187,1
456,45.600,99.5,628,763,0.865,188,0
456,45.600,437.2,692,847,0.862,184,1
456,45.600,565.1,524,875,0.930,1,1
456,45.600,695.7,544,875,0.923,181,1
456,45.600,816.7,604,779,0.821,187,1
457,45.700,100.0,620,763,0.715,188,0
457,45.700,439.3,564,871,0.893,184,1
457,45.700,563.6,556,883,0.907,1,1
457,45.700,695.6,540,879,0.901,181,1
457,45.700,831.8,800,875,0.485,189,0
458,45.800,435.7,544,875,0.897,184,1
458,45.800,563.6,628,879,0.911,1,1
458,45.800,694.0,540,883,0.920,181,1
458,45.800,822.9,656,879,0.890,187,1
458,45.800,955.4,748,835,0.435,190,0
459,45.900,436.8,556,879,0.907,184,1
459,45.900,562.4,640,883,0.897,1,1
459,45.900,694.9,544,891,0.926,181,1
459,45.900,825.0,660,895,0.902,187,1
459,45.900,961.0,760,867,0.730,190,0
460,46.000,436.4,652,875,0.902,184,1
460,46.000,565.0,652,883,0.914,1,1
460,46.000,695.6,652,887,0.902,181,1
460,46.000,826.7,668,887,0.896,187,1
460,46.000,960.7,760,839,0.566,190,0
461,46.100,303.4,580,867,0.631,191,1
461,46.100,432.7,664,875,0.883,184,1
461,46.100,564.7,596,887,0.916,1,1
461,46.100,694.4,652,891,0.918,181,1
461,46.100,827.9,672,895,0.904,187,1
462,46.200,298.2,652,883,0.628,191,1
462,46.200,428.5,648,887,0.684,184,1
462,46.200,560.5,660,895,0.885,1,1
462,46.200,694.0,656,903,0.922,181,1
462,46.200,821.0,668,891,0.740,187,1
463,46.300,297.3,660,875,0.863,191,1
463,46.300,429.5,656,891,0.905,184,1
463,46.300,561.5,648,903,0.908,1,1
463,46.300,693.8,560,919,0.903,181,1
463,46.300,818.8,680,847,0.715,187,1
463,46.300,928.8,748,831,0.466,192,0
464,46.400,298.3,664,859,0.883,191,1
464,46.400,431.0,536,891,0.910,184,1
464,46.400,561.5,628,903,0.905,1,1
464,46.400,693.3,660,923,0.915,181,1
464,46.400,818.4,644,851,0.550,187,1
465,46.500,303.6,656,855,0.772,191,1
465,46.500,432.8,552,851,0.883,184,1
465,46.500,560.7,560,895,0.918,1,1
465,46.500,694.0,688,915,0.900,181,1
465,46.500,1018.9,608,831,0.477,193,0
466,46.600,434.1,552,835,0.868,184,1
466,46.600,562.5,580,891,0.909,1,1
466,46.600,693.2,704,911,0.878,181,1
466,46.600,797.5,708,851,0.442,194,0
466,46.600,900.3,720,823,0.449,195,1
466,46.600,1019.3,608,831,0.803,193,0
467,46.700,430.2,532,839,0.778,184,1
467,46.700,561.5,648,875,0.916,1,1
467,46.700,694.4,712,903,0.902,181,1
467,46.700,892.0,720,839,0.610,195,1
467,46.700,1023.3,716,835,0.575,193,0
468,46.800,432.0,528,843,0.773,184,1
468,46.800,562.5,664,867,0.904,1,1
468,46.800,694.3,780,883,0.889,181,1
468,46.800,893.1,548,855,0.891,195,1
469,46.900,434.7,528,843,0.782,184,1
469,46.900,562.2,668,867,0.899,1,1
469,46.900,692.2,756,875,0.902,181,1
469,46.900,889.9,544,851,0.880,195,1
470,47.000,333.6,756,815,0.526,196,1
470,47.000,447.7,656,843,0.846,184,1
470,47.000,559.1,648,867,0.895,1,1
470,47.000,686.4,776,855,0.824,181,1
470,47.000,792.4,784,855,0.663,197,0
470,47.000,893.0,700,863,0.819,195,1
471,47.100,340.2,760,835,0.595,196,1
471,47.100,435.1,544,775,0.806,184,1
471,47.100,557.0,640,855,0.910,1,1
471,47.100,676.8,748,855,0.884,181,1
471,47.100,761.7,476,763,0.788,198,1
471,47.100,892.9,728,867,0.878,195,1
472,47.200,229.7,736,835,0.619,199,1
472,47.200,342.2,712,843,0.658,196,1
472,47.200,451.5,708,847,0.824,200,1
472,47.200,557.6,640,859,0.913,1,1
472,47.200,677.2,744,859,0.900,181,1
472,47.200,763.9,480,791,0.828,198,1
472,47.200,894.3,724,867,0.895,195,1
473,47.300,100.1,624,843,0.649,201,0
473,47.300,230.8,676,851,0.629,199,1
473,47.300,339.3,700,851,0.616,196,1
473,47.300,448.5,560,851,0.731,200,1
473,47.300,557.3,656,863,0.911,1,1
473,47.300,674.4,736,859,0.896,181,1
473,47.300,782.5,736,859,0.851,197,0
473,47.300,893.7,712,867,0.895,195,1
474,47.400,99.5,628,835,0.582,201,0
474,47.400,230.3,648,855,0.633,199,1
474,47.400,347.1,760,851,0.483,196,1
474,47.400,448.6,612,851,0.682,200,1
474,47.400,558.4,676,867,0.886,1,1
474,47.400,671.3,744,863,0.896,181,1
474,47.400,772.0,576,863,0.841,198,1
475,47.500,228.6,636,851,0.673,199,1
475,47.500,351.7,656,831,0.712,196,1
475,47.500,447.5,568,847,0.846,200,1
475,47.500,558.7,676,871,0.896,1,1
475,47.500,669.5,756,871,0.900,181,1
475,47.500,765.5,624,863,0.854,198,1
475,47.500,881.7,740,875,0.564,195,1
476,47.600,229.1,628,855,0.661,199,1
476,47.600,355.8,712,847,0.722,196,1
476,47.600,453.3,692,851,0.862,200,1
476,47.600,558.2,664,871,0.900,1,1
476,47.600,670.2,752,871,0.891,181,1
476,47.600,763.9,620,867,0.855,198,1
477,47.700,235.0,596,859,0.715,199,1
477,47.700,354.4,716,855,0.869,196,1
477,47.700,455.1,724,859,0.893,200,1
477,47.700,557.9,548,875,0.888,1,1
477,47.700,672.1,680,871,0.907,181,1
477,47.700,760.5,616,871,0.882,198,1
477,47.700,973.0,692,863,0.531,202,1
478,47.800,233.8,744,851,0.564,199,1
478,47.800,351.4,700,867,0.862,196,1
478,47.800,453.0,708,863,0.861,200,1
478,47.800,556.9,556,875,0.889,1,1
478,47.800,669.0,676,875,0.913,181,1
478,47.800,760.1,612,879,0.922,198,1
478,47.800,972.3,700,871,0.766,202,1
479,47.900,29.2,692,839,0.611,203,0
479,47.900,231.2,484,847,0.823,199,1
479,47.900,351.7,664,875,0.885,196,1
479,47.900,452.0,568,875,0.900,200,1
479,47.900,553.8,560,879,0.912,1,1
479,47.900,662.2,612,879,0.889,181,1
479,47.900,763.0,616,887,0.920,198,1
479,47.900,867.2,704,871,0.610,204,1
480,48.000,28.8,692,811,0.624,203,0
480,48.000,236.6,488,755,0.704,199,1
480,48.000,353.6,636,879,0.896,196,1
480,48.000,457.3,596,883,0.852,200,1
480,48.000,555.6,572,879,0.901,1,1
480,48.000,668.0,624,883,0.889,181,1
480,48.000,765.2,616,891,0.930,198,1
480,48.000,863.7,660,883,0.908,204,1
481,48.100,352.9,628,871,0.901,196,1
481,48.100,460.0,664,875,0.830,200,1
481,48.100,556.4,544,879,0.906,1,1
481,48.100,662.5,580,883,0.918,181,1
481,48.100,764.7,628,895,0.893,198,1
481,48.100,854.7,408,895,0.899,204,1
481,48.100,961.9,748,875,0.488,202,1
481,48.100,1057.8,604,875,0.810,205,0
482,48.200,149.0,676,875,0.641,206,1
482,48.200,263.5,760,871,0.566,207,1
482,48.200,351.1,616,871,0.887,196,1
482,48.200,460.9,604,883,0.889,200,1
482,48.200,554.9,552,883,0.897,1,1
482,48.200,660.0,580,883,0.913,181,1
482,48.200,763.9,612,895,0.904,198,1
482,48.200,860.6,412,895,0.876,204,1
482,48.200,965.6,684,863,0.753,202,1
482,48.200,1057.0,724,875,0.785,205,0
483,48.300,148.6,672,875,0.677,206,1
483,48.300,265.7,776,875,0.575,207,1
483,48.300,351.7,612,867,0.800,196,1
483,48.300,461.8,648,891,0.833,200,1
483,48.300,555.8,612,887,0.892,1,1
483,48.300,661.5,596,887,0.928,181,1
483,48.300,766.8,628,887,0.928,198,1
483,48.300,861.6,528,887,0.854,204,1
483,48.300,968.0,728,867,0.828,202,1
483,48.300,1055.1,728,871,0.800,205,0
484,48.400,150.7,680,883,0.638,206,1
484,48.400,261.5,740,879,0.683,207,1
484,48.400,353.5,620,871,0.837,196,1
484,48.400,464.8,620,891,0.793,200,1
484,48.400,556.6,656,887,0.899,1,1
484,48.400,662.1,644,883,0.929,181,1
484,48.400,765.6,700,887,0.915,198,1
484,48.400,862.2,560,883,0.893,204,1
485,48.500,262.0,724,883,0.611,207,1
485,48.500,354.3,612,875,0.777,196,1
485,48.500,462.3,632,887,0.866,200,1
485,48.500,557.0,656,887,0.880,1,1
485,48.500,659.6,512,883,0.912,181,1
485,48.500,762.6,668,879,0.874,198,1
485,48.500,852.6,556,875,0.888,204,1
486,48.600,270.5,696,891,0.607,207,1
486,48.600,355.2,500,875,0.768,196,1
486,48.600,461.5,552,887,0.857,200,1
486,48.600,554.9,660,887,0.877,1,1
486,48.600,660.0,504,887,0.888,181,1
486,48.600,757.7,700,883,0.908,198,1
486,48.600,851.3,684,883,0.889,204,1
486,48.600,938.4,480,707,0.575,208,1
487,48.700,64.4,740,835,0.527,209,0
487,48.700,162.3,708,783,0.523,206,1
487,48.700,268.6,780,887,0.585,207,1
487,48.700,356.5,480,875,0.809,196,1
487,48.700,460.6,664,883,0.791,200,1
487,48.700,554.0,668,883,0.857,1,1
487,48.700,656.5,480,883,0.849,181,1
487,48.700,752.6,688,887,0.913,198,1
487,48.700,848.3,696,883,0.902,204,1
487,48.700,941.7,464,835,0.653,208,1
488,48.800,63.1,624,879,0.615,209,0
488,48.800,264.7,716,895,0.635,207,1
488,48.800,356.8,476,863,0.895,196,1
488,48.800,460.4,540,875,0.853,200,1
488,48.800,556.8,644,883,0.896,1,1
488,48.800,651.9,472,887,0.881,181,1
488,48.800,753.5,560,891,0.912,198,1
488,48.800,848.3,560,883,0.890,204,1
488,48.800,944.4,476,835,0.899,208,1
489,48.900,63.8,608,867,0.619,209,0
489,48.900,169.9,792,891,0.464,206,1
489,48.900,264.2,680,903,0.566,207,1
489,48.900,363.4,480,867,0.817,196,1
489,48.900,462.5,560,875,0.896,200,1
489,48.900,556.5,640,879,0.901,1,1
489,48.900,655.7,580,887,0.920,181,1
489,48.900,751.4,524,895,0.893,198,1
489,48.900,851.2,720,875,0.898,204,1
490,49.000,63.7,612,839,0.615,209,0
490,49.000,265.1,612,895,0.605,207,1
490,49.000,362.9,480,867,0.796,196,1
490,49.000,464.3,592,875,0.905,200,1
490,49.000,557.7,656,883,0.905,1,1
490,49.000,657.6,488,891,0.912,181,1
490,49.000,756.2,676,895,0.896,198,1
490,49.000,853.5,716,875,0.910,204,1
490,49.000,943.4,736,847,0.791,208,1
491,49.100,271.2,552,879,0.642,207,1
491,49.100,366.4,672,855,0.834,196,1
491,49.100,463.4,632,871,0.887,200,1
491,49.100,555.8,652,879,0.888,1,1
491,49.100,656.3,488,895,0.920,181,1
491,49.100,753.9,668,891,0.914,198,1
491,49.100,851.5,700,875,0.881,204,1
491,49.100,945.8,740,879,0.890,208,1
491,49.100,1028.4,548,871,0.814,210,0
492,49.200,270.4,552,875,0.678,207,1
492,49.200,370.7,644,867,0.858,196,1
492,49.200,463.0,632,871,0.866,200,1
492,49.200,557.2,656,879,0.886,1,1
492,49.200,657.4,480,895,0.912,181,1
492,49.200,751.8,636,891,0.906,198,1
492,49.200,851.7,728,879,0.896,204,1
492,49.200,946.2,740,875,0.856,208,1
492,49.200,1034.2,700,867,0.692,210,0
493,49.300,176.7,740,875,0.523,211,0
493,49.300,274.5,660,887,0.699,207,1
493,49.300,370.0,692,859,0.830,196,1
493,49.300,466.0,696,871,0.881,200,1
493,49.300,557.7,636,883,0.878,1,1
493,49.300,659.6,472,899,0.928,181,1
493,49.300,751.2,548,895,0.909,198,1
493,49.300,849.2,756,883,0.902,204,1
494,49.400,180.8,676,883,0.621,211,0
494,49.400,278.9,744,883,0.614,207,1
494,49.400,374.7,680,863,0.613,196,1
494,49.400,466.2,716,871,0.747,200,1
494,49.400,557.7,660,887,0.874,1,1
494,49.400,656.6,476,895,0.934,181,1
494,49.400,749.1,524,899,0.910,198,1
494,49.400,849.5,756,883,0.905,204,1
495,49.500,178.3,740,871,0.611,211,0
495,49.500,267.6,600,879,0.683,207,1
495,49.500,371.2,692,867,0.772,196,1
495,49.500,466.8,632,875,0.886,200,1
495,49.500,557.7,672,887,0.888,1,1
495,49.500,654.1,484,891,0.930,181,1
495,49.500,747.9,508,895,0.906,198,1
495,49.500,846.0,756,879,0.879,204,1
496,49.600,278.7,700,879,0.628,207,1
496,49.600,374.6,700,879,0.623,196,1
496,49.600,470.5,616,887,0.665,200,1
496,49.600,559.0,544,891,0.870,1,1
496,49.600,656.8,492,891,0.935,181,1
496,49.600,748.3,412,895,0.921,198,1
496,49.600,845.3,700,875,0.814,204,1
497,49.700,280.9,752,871,0.603,207,1
497,49.700,377.0,684,883,0.612,196,1
497,49.700,470.8,620,887,0.769,200,1
497,49.700,560.6,544,891,0.895,1,1
497,49.700,656.2,580,891,0.928,181,1
497,49.700,748.6,432,899,0.924,198,1
497,49.700,841.5,684,871,0.896,204,1
498,49.800,99.5,688,863,0.471,212,0
498,49.800,287.5,752,871,0.581,207,1
498,49.800,376.1,688,879,0.611,196,1
498,49.800,471.7,604,891,0.774,200,1
498,49.800,563.3,548,891,0.891,1,1
498,49.800,659.0,600,895,0.917,181,1
498,49.800,748.7,524,895,0.913,198,1
498,49.800,844.4,628,875,0.854,204,1
499,49.900,95.0,560,711,0.515,212,0
499,49.900,288.4,748,871,0.586,207,1
499,49.900,374.7,688,887,0.630,196,1
499,49.900,471.1,600,895,0.810,200,1
499,49.900,563.5,548,891,0.885,1,1
499,49.900,655.9,600,891,0.898,181,1
499,49.900,747.3,420,899,0.914,198,1
499,49.900,840.9,556,883,0.836,204,1
500,50.000,90.5,548,703,0.551,212,0
500,50.000,292.5,748,883,0.614,207,1
500,50.000,375.4,588,903,0.615,196,1
500,50.000,470.9,608,899,0.845,200,1
500,50.000,564.5,552,895,0.908,1,1
500,50.000,659.0,476,895,0.899,181,1
500,50.000,751.2,412,891,0.908,198,1
500,50.000,840.0,468,883,0.880,204,1
500,50.000,936.6,704,883,0.878,213,1
501,50.100,292.4,736,895,0.625,207,1
501,50.100,378.3,648,915,0.687,196,1
501,50.100,470.7,612,899,0.925,200,1
501,50.100,563.9,548,899,0.918,1,1
501,50.100,656.7,476,903,0.916,181,1
501,50.100,747.6,416,895,0.908,198,1
501,50.100,839.6,488,859,0.747,204,1
502,50.200,292.4,724,875,0.577,207,1
502,50.200,375.8,560,915,0.612,196,1
502,50.200,469.3,612,903,0.860,200,1
502,50.200,558.8,536,903,0.906,1,1
502,50.200,652.3,528,899,0.892,181,1
502,50.200,744.1,528,899,0.920,198,1
502,50.200,841.2,604,867,0.854,204,1
502,50.200,930.1,536,847,0.720,213,1
503,50.300,286.8,612,879,0.623,207,1
503,50.300,375.4,644,883,0.852,196,1
503,50.300,467.7,600,895,0.889,200,1
503,50.300,557.8,536,887,0.912,1,1
503,50.300,655.5,584,883,0.906,181,1
503,50.300,749.2,556,863,0.921,198,1
503,50.300,837.8,596,855,0.841,204,1
503,50.300,932.3,692,851,0.775,213,1
504,50.400,280.0,636,871,0.736,207,1
504,50.400,375.1,584,879,0.862,196,1
504,50.400,467.3,600,891,0.894,200,1
504,50.400,559.7,548,883,0.890,1,1
504,50.400,654.4,588,875,0.917,181,1
504,50.400,747.1,544,863,0.919,198,1
504,50.400,836.5,608,863,0.899,204,1
504,50.400,931.3,772,855,0.759,213,1
505,50.500,287.3,628,879,0.885,207,1
505,50.500,379.8,656,895,0.889,196,1
505,50.500,469.8,592,895,0.901,200,1
505,50.500,561.1,540,891,0.917,1,1
505,50.500,657.5,592,891,0.909,181,1
505,50.500,750.7,540,867,0.910,198,1
505,50.500,841.4,592,871,0.890,204,1
505,50.500,935.7,756,867,0.869,213,1
506,50.600,290.3,732,871,0.862,207,1
506,50.600,377.3,664,879,0.893,196,1
506,50.600,467.4,604,887,0.887,200,1
506,50.600,560.9,608,875,0.915,1,1
506,50.600,658.3,604,879,0.900,181,1
506,50.600,748.2,640,871,0.917,198,1
506,50.600,844.2,600,875,0.822,204,1
506,50.600,934.2,724,871,0.626,213,1
507,50.700,195.6,716,855,0.611,214,0
507,50.700,286.0,668,859,0.847,207,1
507,50.700,375.2,640,859,0.823,196,1
507,50.700,466.0,616,863,0.902,200,1
507,50.700,560.3,656,863,0.895,1,1
507,50.700,655.1,616,867,0.879,181,1
507,50.700,746.7,660,867,0.912,198,1
507,50.700,839.8,740,863,0.722,204,1
508,50.800,196.1,712,859,0.665,214,0
508,50.800,287.0,620,855,0.853,207,1
508,50.800,375.7,636,855,0.848,196,1
508,50.800,466.2,604,855,0.894,200,1
508,50.800,560.1,640,859,0.900,1,1
508,50.800,655.2,604,875,0.896,181,1
508,50.800,748.9,668,871,0.919,198,1
508,50.800,839.4,728,859,0.829,204,1
509,50.900,195.8,700,859,0.605,214,0
509,50.900,283.5,612,859,0.761,207,1
509,50.900,373.6,592,851,0.893,196,1
509,50.900,465.8,600,855,0.915,200,1
509,50.900,557.0,568,859,0.915,1,1
509,50.900,650.7,600,879,0.900,181,1
509,50.900,744.0,660,871,0.900,198,1
509,50.900,835.8,692,859,0.851,204,1
510,51.000,277.8,600,859,0.642,207,1
510,51.000,367.4,592,859,0.772,196,1
510,51.000,459.7,592,859,0.888,200,1
510,51.000,551.7,548,871,0.924,1,1
510,51.000,645.3,592,895,0.850,181,1
510,51.000,740.3,660,883,0.932,198,1
510,51.000,831.6,636,863,0.704,204,1
511,51.100,178.7,572,827,0.705,215,1
511,51.100,273.7,588,863,0.889,207,1
511,51.100,365.8,540,867,0.914,196,1
511,51.100,454.1,520,871,0.922,200,1
511,51.100,548.4,540,887,0.933,1,1
511,51.100,642.6,608,903,0.901,181,1
511,51.100,738.9,664,895,0.914,198,1
511,51.100,827.5,680,871,0.771,204,1
512,51.200,180.2,544,791,0.914,215,1
512,51.200,280.9,612,851,0.862,207,1
512,51.200,365.4,528,879,0.913,196,1
512,51.200,455.7,484,879,0.927,200,1
512,51.200,550.9,540,891,0.937,1,1
512,51.200,643.6,588,907,0.901,181,1
512,51.200,740.4,580,899,0.913,198,1
512,51.200,827.9,700,879,0.837,204,1
513,51.300,177.6,556,787,0.519,215,1
513,51.300,277.2,600,855,0.854,207,1
513,51.300,367.9,440,883,0.906,196,1
513,51.300,458.0,472,879,0.926,200,1
513,51.300,552.7,528,891,0.932,1,1
513,51.300,645.4,588,907,0.932,181,1
513,51.300,741.8,596,899,0.929,198,1
513,51.300,831.4,704,879,0.844,204,1
514,51.400,186.2,728,855,0.509,215,1
514,51.400,278.9,596,871,0.626,207,1
514,51.400,366.3,424,867,0.815,196,1
514,51.400,461.8,460,871,0.855,200,1
514,51.400,552.6,520,887,0.942,1,1
514,51.400,646.3,588,903,0.934,181,1
514,51.400,740.2,656,899,0.915,198,1
514,51.400,831.9,696,871,0.855,204,1
514,51.400,1015.8,548,831,0.810,216,0
515,51.500,182.8,712,871,0.611,215,1
515,51.500,282.7,604,867,0.563,207,1
515,51.500,363.5,516,867,0.874,196,1
515,51.500,460.4,508,875,0.877,200,1
515,51.500,552.6,540,887,0.939,1,1
515,51.500,645.4,600,899,0.935,181,1
515,51.500,741.2,684,891,0.931,198,1
515,51.500,833.5,716,863,0.826,204,1
515,51.500,1023.5,680,851,0.805,216,0
516,51.600,276.3,728,871,0.619,207,1
516,51.600,366.2,644,875,0.706,196,1
516,51.600,461.5,600,875,0.836,200,1
516,51.600,553.9,548,887,0.930,1,1
516,51.600,646.3,612,895,0.923,181,1
516,51.600,742.4,708,887,0.930,198,1
516,51.600,834.2,736,863,0.867,204,1
516,51.600,1026.4,772,859,0.851,216,0
517,51.700,275.6,684,871,0.597,207,1
517,51.700,364.0,416,867,0.842,196,1
517,51.700,462.4,588,879,0.813,200,1
517,51.700,553.4,556,887,0.931,1,1
517,51.700,646.5,616,891,0.923,181,1
517,51.700,742.2,704,883,0.921,198,1
517,51.700,836.1,704,867,0.876,204,1
517,51.700,935.5,740,843,0.562,217,1
517,51.700,1026.5,776,855,0.835,216,0
518,51.800,176.0,724,803,0.437,215,1
518,51.800,278.3,732,867,0.820,207,1
518,51.800,362.9,560,867,0.909,196,1
518,51.800,462.2,488,883,0.862,200,1
518,51.800,552.9,624,887,0.922,1,1
518,51.800,647.5,720,891,0.910,181,1
518,51.800,743.1,708,883,0.903,198,1
518,51.800,840.3,732,867,0.794,204,1
518,51.800,935.0,720,855,0.612,217,1
519,51.900,276.0,724,875,0.718,207,1
519,51.900,364.9,572,883,0.916,196,1
519,51.900,462.3,484,891,0.891,200,1
519,51.900,552.0,648,887,0.917,1,1
519,51.900,646.9,728,895,0.938,181,1
519,51.900,742.6,732,891,0.913,198,1
519,51.900,839.2,740,875,0.860,204,1
519,51.900,935.8,684,875,0.622,217,1
520,52.000,274.6,728,879,0.612,207,1
520,52.000,364.4,620,879,0.907,196,1
520,52.000,463.5,484,887,0.885,200,1
520,52.000,552.4,628,887,0.931,1,1
520,52.000,648.0,724,895,0.915,181,1
520,52.000,744.0,708,887,0.922,198,1
520,52.000,841.5,704,875,0.889,204,1
520,52.000,934.4,680,879,0.747,217,1
521,52.100,175.5,712,863,0.603,215,1
521,52.100,275.2,772,879,0.611,207,1
521,52.100,366.9,692,883,0.635,196,1
521,52.100,458.7,472,899,0.651,200,1
521,52.100,551.4,628,887,0.925,1,1
521,52.100,649.6,660,891,0.920,181,1
521,52.100,743.6,684,883,0.902,198,1
521,52.100,842.5,540,871,0.893,204,1
521,52.100,939.3,728,839,0.551,217,1
522,52.200,177.0,736,875,0.610,215,1
522,52.200,275.5,772,887,0.613,207,1
522,52.200,366.4,708,879,0.621,196,1
522,52.200,459.3,476,903,0.622,200,1
522,52.200,552.7,624,891,0.926,1,1
522,52.200,651.0,640,895,0.905,181,1
522,52.200,746.6,696,891,0.870,198,1
522,52.200,845.0,552,875,0.899,204,1
523,52.300,85.5,600,771,0.591,218,0
523,52.300,176.8,736,887,0.620,215,1
523,52.300,275.9,788,887,0.601,207,1
523,52.300,359.6,724,887,0.637,196,1
523,52.300,462.7,496,903,0.646,200,1
523,52.300,552.8,640,891,0.920,1,1
523,52.300,652.8,688,895,0.881,181,1
523,52.300,749.8,704,883,0.830,198,1
523,52.300,845.3,772,879,0.885,204,1
524,52.400,175.5,744,887,0.617,215,1
524,52.400,273.1,700,891,0.602,207,1
524,52.400,364.9,732,883,0.607,196,1
524,52.400,461.2,504,903,0.685,200,1
524,52.400,554.4,664,891,0.912,1,1
524,52.400,653.4,724,895,0.888,181,1
524,52.400,750.5,700,891,0.907,198,1
524,52.400,843.9,772,883,0.900,204,1
524,52.400,1050.3,596,703,0.593,219,0
525,52.500,168.8,600,891,0.593,215,1
525,52.500,262.6,732,895,0.601,207,1
525,52.500,364.8,728,887,0.603,196,1
525,52.500,462.9,524,903,0.664,200,1
525,52.500,552.5,656,887,0.928,1,1
525,52.500,653.8,696,895,0.912,181,1
525,52.500,751.4,484,895,0.928,198,1
525,52.500,842.6,760,891,0.924,204,1
525,52.500,1047.3,600,851,0.619,219,0
526,52.600,178.2,488,887,0.623,215,1
526,52.600,271.8,548,899,0.620,207,1
526,52.600,363.0,648,887,0.629,196,1
526,52.600,461.3,544,895,0.868,200,1
526,52.600,552.7,656,891,0.930,1,1
526,52.600,653.4,664,903,0.931,181,1
526,52.600,752.1,480,899,0.942,198,1
526,52.600,841.4,776,887,0.923,204,1
527,52.700,166.1,776,883,0.610,215,1
527,52.700,264.7,656,895,0.642,207,1
527,52.700,362.1,696,879,0.604,196,1
527,52.700,457.2,640,887,0.877,200,1
527,52.700,551.3,648,891,0.931,1,1
527,52.700,651.9,628,903,0.913,181,1
527,52.700,752.9,492,891,0.931,198,1
527,52.700,848.3,772,875,0.867,204,1
528,52.800,262.2,656,895,0.623,207,1
528,52.800,359.1,688,895,0.619,196,1
528,52.800,456.9,644,899,0.647,200,1
528,52.800,552.1,668,895,0.906,1,1
528,52.800,651.4,692,911,0.916,181,1
528,52.800,753.7,496,895,0.915,198,1
528,52.800,846.9,756,875,0.883,204,1
529,52.900,267.5,560,887,0.606,207,1
529,52.900,355.9,712,883,0.714,196,1
529,52.900,455.9,612,891,0.879,200,1
529,52.900,551.6,612,895,0.933,1,1
529,52.900,653.2,672,907,0.925,181,1
529,52.900,758.0,636,887,0.937,198,1
529,52.900,860.4,756,863,0.632,204,1
530,53.000,262.4,716,879,0.554,207,1
530,53.000,355.1,724,895,0.693,196,1
530,53.000,454.9,688,887,0.877,200,1
530,53.000,553.2,668,899,0.927,1,1
530,53.000,653.0,700,911,0.917,181,1
530,53.000,759.2,676,887,0.914,198,1
530,53.000,856.8,756,883,0.565,204,1
531,53.100,267.5,728,883,0.672,207,1
531,53.100,349.1,732,883,0.908,196,1
531,53.100,454.1,680,891,0.916,200,1
531,53.100,552.5,668,895,0.933,1,1
531,53.100,653.4,704,911,0.922,181,1
531,53.100,759.7,644,891,0.920,198,1
532,53.200,59.2,728,879,0.615,220,0
532,53.200,259.9,708,891,0.628,207,1
532,53.200,345.2,712,891,0.931,196,1
532,53.200,451.0,680,891,0.888,200,1
532,53.200,550.7,564,895,0.943,1,1
532,53.200,653.3,680,903,0.927,181,1
532,53.200,758.4,660,895,0.940,198,1
533,53.300,56.6,608,879,0.635,220,0
533,53.300,261.0,504,631,0.604,207,1
533,53.300,344.5,664,895,0.917,196,1
533,53.300,449.7,688,891,0.862,200,1
533,53.300,552.3,640,895,0.931,1,1
533,53.300,656.5,680,903,0.916,181,1
533,53.300,761.0,688,899,0.919,198,1
534,53.400,58.0,616,843,0.691,220,0
534,53.400,257.3,796,879,0.506,207,1
534,53.400,344.8,692,895,0.898,196,1
534,53.400,447.5,652,887,0.876,200,1
534,53.400,552.0,664,891,0.931,1,1
534,53.400,656.3,696,895,0.915,181,1
534,53.400,760.8,720,899,0.882,198,1
534,53.400,882.7,468,735,0.806,221,1
535,53.500,251.4,776,871,0.448,207,1
535,53.500,341.9,616,899,0.912,196,1
535,53.500,445.1,648,891,0.910,200,1
535,53.500,549.5,652,895,0.934,1,1
535,53.500,656.1,700,899,0.921,181,1
535,53.500,756.1,724,903,0.898,198,1
535,53.500,878.5,476,731,0.880,221,1
536,53.600,143.5,740,863,0.714,222,0
536,53.600,249.2,708,867,0.537,207,1
536,53.600,341.7,628,887,0.928,196,1
536,53.600,445.4,688,887,0.891,200,1
536,53.600,548.1,568,891,0.917,1,1
536,53.600,654.7,700,891,0.901,181,1
536,53.600,759.3,720,887,0.891,198,1
536,53.600,878.8,484,843,0.866,221,1
537,53.700,143.7,732,891,0.745,222,0
537,53.700,344.6,612,891,0.923,196,1
537,53.700,442.7,708,883,0.898,200,1
537,53.700,552.9,584,899,0.928,1,1
537,53.700,890.3,620,807,0.467,221,1
538,53.800,348.9,616,887,0.900,196,1
538,53.800,555.4,648,891,0.906,1,1
538,53.800,676.7,608,855,0.778,223,0
539,53.900,345.6,596,811,0.729,196,1
539,53.900,449.4,704,779,0.439,200,1
539,53.900,555.7,612,887,0.887,1,1
539,53.900,888.5,612,831,0.683,221,1
539,53.900,1016.6,620,803,0.899,224,0
540,54.000,344.5,516,819,0.589,196,1
540,54.000,554.3,648,879,0.881,1,1
540,54.000,1015.2,604,843,0.822,224,0
541,54.100,345.1,488,839,0.763,196,1
541,54.100,555.3,628,887,0.888,1,1
541,54.100,1015.6,600,859,0.828,224,0
542,54.200,348.8,484,743,0.753,196,1
542,54.200,556.1,664,883,0.886,1,1
542,54.200,1018.6,608,847,0.577,224,0
543,54.300,221.0,732,887,0.782,225,0
543,54.300,555.5,664,879,0.900,1,1
544,54.400,350.9,488,727,0.575,196,1
544,54.400,553.3,652,879,0.921,1,1
544,54.400,686.7,528,863,0.741,226,1
545,54.500,224.2,608,851,0.458,225,0
545,54.500,555.9,648,875,0.906,1,1
545,54.500,687.8,536,879,0.792,226,1
546,54.600,221.4,596,871,0.471,225,0
546,54.600,555.6,668,883,0.896,1,1
546,54.600,684.7,536,863,0.789,226,1
547,54.700,556.0,656,883,0.910,1,1
547,54.700,685.3,536,871,0.800,226,1
548,54.800,555.6,572,883,0.913,1,1
548,54.800,684.7,544,887,0.904,226,1
549,54.900,556.2,572,891,0.914,1,1
549,54.900,688.6,556,887,0.898,226,1
550,55.000,436.2,556,887,0.894,227,1
550,55.000,553.2,628,895,0.926,1,1
550,55.000,686.8,548,895,0.915,226,1
550,55.000,817.1,664,887,0.916,228,1
550,55.000,948.3,776,879,0.413,229,0
551,55.100,430.7,572,887,0.922,227,1
551,55.100,552.5,636,895,0.931,1,1
551,55.100,686.7,644,899,0.914,226,1
551,55.100,816.4,660,895,0.909,228,1
551,55.100,951.3,784,883,0.793,229,0
552,55.200,304.7,596,779,0.411,230,1
552,55.200,421.9,656,879,0.916,227,1
552,55.200,552.8,656,891,0.915,1,1
552,55.200,684.8,668,895,0.915,226,1
552,55.200,815.0,676,899,0.857,228,1
553,55.300,423.7,664,883,0.905,227,1
553,55.300,555.5,624,895,0.913,1,1
553,55.300,686.3,660,899,0.915,226,1
553,55.300,819.2,684,899,0.886,228,1
554,55.400,295.5,648,887,0.627,230,1
554,55.400,425.3,576,895,0.855,227,1
554,55.400,556.4,648,895,0.915,1,1
554,55.400,687.6,644,903,0.902,226,1
554,55.400,822.1,652,895,0.893,228,1
555,55.500,291.8,660,891,0.833,230,1
555,55.500,423.6,668,899,0.891,227,1
555,55.500,553.0,648,907,0.932,1,1
555,55.500,688.4,692,923,0.885,226,1
556,55.600,294.7,660,883,0.768,230,1
556,55.600,427.2,552,899,0.894,227,1
556,55.600,552.4,632,903,0.928,1,1
556,55.600,687.2,720,931,0.872,226,1
557,55.700,304.3,668,895,0.736,230,1
557,55.700,428.2,556,891,0.910,227,1
557,55.700,552.3,596,903,0.933,1,1
557,55.700,688.2,700,923,0.868,226,1
558,55.800,426.6,632,899,0.797,227,1
558,55.800,555.2,676,903,0.923,1,1
558,55.800,688.3,768,923,0.840,226,1
558,55.800,1014.6,616,839,0.473,231,0
559,55.900,424.9,536,895,0.861,227,1
559,55.900,556.1,604,899,0.920,1,1
559,55.900,688.3,772,915,0.871,226,1
560,56.000,423.9,532,895,0.836,227,1
560,56.000,552.4,664,891,0.930,1,1
560,56.000,686.4,792,895,0.814,226,1
560,56.000,888.1,732,847,0.680,232,1
561,56.100,432.2,536,895,0.810,227,1
561,56.100,552.5,656,895,0.936,1,1
561,56.100,678.5,744,879,0.750,226,1
561,56.100,887.2,680,855,0.905,232,1
562,56.200,445.2,604,887,0.790,227,1
562,56.200,555.6,648,883,0.918,1,1
562,56.200,677.2,740,855,0.810,226,1
562,56.200,773.2,652,847,0.835,233,1
562,56.200,891.7,720,863,0.909,232,1
563,56.300,330.1,712,823,0.433,234,1
563,56.300,445.6,632,855,0.801,227,1
563,56.300,555.8,656,879,0.909,1,1
563,56.300,672.0,740,859,0.848,226,1
563,56.300,770.1,712,851,0.849,233,1
563,56.300,889.7,744,875,0.908,232,1
564,56.400,336.5,740,831,0.683,234,1
564,56.400,444.9,728,855,0.825,227,1
564,56.400,554.1,664,871,0.923,1,1
564,56.400,667.9,748,867,0.856,226,1
564,56.400,774.1,488,859,0.867,233,1
564,56.400,890.3,720,871,0.913,232,1
565,56.500,93.4,656,851,0.624,235,0
565,56.500,223.8,700,863,0.603,236,1
565,56.500,331.5,676,855,0.600,234,1
565,56.500,440.1,536,859,0.639,227,1
565,56.500,553.1,656,879,0.928,1,1
565,56.500,666.5,744,871,0.886,226,1
565,56.500,771.5,496,867,0.848,233,1
565,56.500,887.2,748,867,0.606,232,1
566,56.600,94.2,620,855,0.635,235,0
566,56.600,227.4,668,863,0.623,236,1
566,56.600,332.5,712,855,0.608,234,1
566,56.600,443.9,540,859,0.654,227,1
566,56.600,554.2,652,879,0.927,1,1
566,56.600,664.3,736,875,0.883,226,1
566,56.600,762.9,524,867,0.896,233,1
567,56.700,226.3,712,851,0.662,236,1
567,56.700,333.2,760,847,0.443,234,1
567,56.700,445.8,732,855,0.755,227,1
567,56.700,555.5,672,883,0.905,1,1
567,56.700,665.1,756,879,0.907,226,1
567,56.700,760.4,640,875,0.929,233,1
567,56.700,875.2,740,867,0.400,232,1
568,56.800,221.9,632,843,0.711,236,1
568,56.800,346.3,740,839,0.677,234,1
568,56.800,446.2,620,859,0.873,227,1
568,56.800,551.5,664,887,0.907,1,1
568,56.800,662.6,744,879,0.919,226,1
568,56.800,756.7,616,879,0.936,233,1
568,56.800,872.2,720,875,0.835,232,1
569,56.900,224.3,608,847,0.623,236,1
569,56.900,350.2,732,851,0.717,234,1
569,56.900,452.5,724,863,0.807,227,1
569,56.900,553.4,656,883,0.930,1,1
569,56.900,666.1,720,879,0.918,226,1
569,56.900,759.2,620,875,0.925,233,1
569,56.900,867.4,752,871,0.772,232,1
570,57.000,215.5,480,847,0.637,236,1
570,57.000,350.0,708,871,0.739,234,1
570,57.000,456.4,696,875,0.864,227,1
570,57.000,552.8,572,883,0.925,1,1
570,57.000,663.3,672,879,0.892,226,1
570,57.000,760.3,628,887,0.936,233,1
570,57.000,970.1,784,867,0.568,237,0
571,57.100,27.0,760,851,0.477,238,0
571,57.100,234.3,476,859,0.619,239,0
571,57.100,350.0,704,875,0.912,234,1
571,57.100,451.6,692,883,0.897,227,1
571,57.100,554.7,620,887,0.917,1,1
571,57.100,661.8,672,887,0.927,226,1
571,57.100,763.0,692,899,0.921,233,1
571,57.100,860.7,732,871,0.761,232,1
572,57.200,349.5,720,879,0.901,234,1
572,57.200,451.7,652,883,0.843,227,1
572,57.200,552.7,612,887,0.923,1,1
572,57.200,660.6,584,887,0.916,226,1
572,57.200,760.3,624,899,0.924,233,1
572,57.200,859.5,504,883,0.881,232,1
572,57.200,1049.5,612,875,0.822,240,0
573,57.300,348.9,628,875,0.903,234,1
573,57.300,455.3,652,883,0.865,227,1
573,57.300,553.5,604,887,0.918,1,1
573,57.300,657.7,528,887,0.916,226,1
573,57.300,763.1,696,895,0.922,233,1
573,57.300,856.9,416,891,0.882,232,1
573,57.300,962.5,676,867,0.710,237,0
573,57.300,1052.6,616,875,0.816,240,0
574,57.400,149.2,792,863,0.547,241,0
574,57.400,349.5,624,875,0.908,234,1
574,57.400,455.4,680,891,0.857,227,1
574,57.400,554.5,624,891,0.921,1,1
574,57.400,659.3,624,891,0.921,226,1
574,57.400,763.6,692,895,0.928,233,1
574,57.400,860.4,516,891,0.881,232,1
574,57.400,1056.8,708,867,0.617,240,0
575,57.500,145.5,732,875,0.623,241,0
575,57.500,262.7,752,887,0.619,242,1
575,57.500,350.1,624,875,0.903,234,1
575,57.500,461.2,672,891,0.840,227,1
575,57.500,554.7,660,891,0.923,1,1
575,57.500,659.5,648,883,0.911,226,1
575,57.500,763.1,712,887,0.917,233,1
575,57.500,855.7,540,879,0.883,232,1
576,57.600,255.7,720,891,0.623,242,1
576,57.600,350.5,616,883,0.790,234,1
576,57.600,460.4,688,895,0.814,227,1
576,57.600,554.0,672,895,0.916,1,1
576,57.600,655.6,664,887,0.909,226,1
576,57.600,758.1,700,879,0.907,233,1
576,57.600,853.2,708,875,0.905,232,1
577,57.700,255.3,728,891,0.609,242,1
577,57.700,348.3,608,891,0.745,234,1
577,57.700,457.7,696,899,0.774,227,1
577,57.700,552.3,676,895,0.924,1,1
577,57.700,654.3,664,891,0.919,226,1
577,57.700,756.8,696,887,0.912,233,1
577,57.700,849.2,744,879,0.908,232,1
578,57.800,260.9,780,887,0.607,242,1
578,57.800,350.9,592,875,0.794,234,1
578,57.800,457.5,688,891,0.847,227,1
578,57.800,555.1,676,891,0.908,1,1
578,57.800,657.7,688,891,0.908,226,1
578,57.800,754.7,712,883,0.902,233,1
578,57.800,850.6,760,879,0.882,232,1
579,57.900,268.1,808,887,0.496,242,1
579,57.900,349.5,488,875,0.884,234,1
579,57.900,457.9,632,883,0.868,227,1
579,57.900,555.6,648,887,0.897,1,1
579,57.900,653.6,548,891,0.914,226,1
579,57.900,753.1,692,887,0.918,233,1
579,57.900,848.8,744,883,0.918,232,1
579,57.900,934.7,468,819,0.625,243,1
580,58.000,62.5,628,879,0.612,244,0
580,58.000,262.5,592,899,0.563,242,1
580,58.000,355.1,476,875,0.765,234,1
580,58.000,458.1,564,879,0.880,227,1
580,58.000,553.5,652,883,0.913,1,1
580,58.000,650.9,472,891,0.899,226,1
580,58.000,751.3,676,887,0.906,233,1
580,58.000,847.7,756,879,0.903,232,1
581,58.100,60.7,608,879,0.619,244,0
581,58.100,262.5,576,903,0.597,242,1
581,58.100,347.4,480,875,0.680,234,1
581,58.100,456.7,608,875,0.906,227,1
581,58.100,553.7,652,887,0.918,1,1
581,58.100,652.7,572,891,0.920,226,1
581,58.100,752.9,684,887,0.909,233,1
581,58.100,851.0,752,875,0.901,232,1
581,58.100,937.6,724,867,0.626,243,1
582,58.200,59.6,624,847,0.586,244,0
582,58.200,263.7,736,895,0.601,242,1
582,58.200,358.2,492,867,0.851,234,1
582,58.200,460.9,668,871,0.895,227,1
582,58.200,556.0,656,887,0.910,1,1
582,58.200,654.5,500,895,0.919,226,1
582,58.200,753.7,664,887,0.912,233,1
582,58.200,851.5,748,871,0.874,232,1
582,58.200,941.3,716,875,0.873,243,1
583,58.300,270.3,576,883,0.623,242,1
583,58.300,359.8,680,847,0.856,234,1
583,58.300,457.2,640,875,0.914,227,1
583,58.300,554.6,652,887,0.908,1,1
583,58.300,653.6,492,895,0.907,226,1
583,58.300,750.7,676,887,0.905,233,1
583,58.300,847.2,732,875,0.887,232,1
583,58.300,942.5,736,875,0.834,243,1
583,58.300,1025.1,576,863,0.679,245,0
584,58.400,268.3,592,883,0.596,242,1
584,58.400,363.6,660,859,0.816,234,1
584,58.400,460.3,688,875,0.883,227,1
584,58.400,554.4,668,887,0.902,1,1
584,58.400,651.7,484,895,0.905,226,1
584,58.400,747.2,668,879,0.888,233,1
584,58.400,845.8,752,875,0.903,232,1
584,58.400,944.1,776,871,0.582,243,1
584,58.400,1031.6,796,867,0.567,245,0
585,58.500,171.9,808,883,0.490,246,0
585,58.500,269.6,556,883,0.607,242,1
585,58.500,369.0,700,875,0.584,234,1
585,58.500,457.5,696,879,0.789,227,1
585,58.500,552.6,668,887,0.907,1,1
585,58.500,651.7,472,899,0.926,226,1
585,58.500,747.8,664,887,0.859,233,1
585,58.500,844.4,760,883,0.917,232,1
586,58.600,175.8,680,883,0.600,246,0
586,58.600,276.2,720,891,0.627,242,1
586,58.600,371.9,720,867,0.614,234,1
586,58.600,462.0,704,879,0.772,227,1
586,58.600,555.5,676,891,0.887,1,1
586,58.600,654.1,480,899,0.945,226,1
586,58.600,746.4,664,883,0.887,233,1
586,58.600,846.7,756,879,0.902,232,1
587,58.700,174.0,676,887,0.662,246,0
587,58.700,275.8,736,891,0.620,242,1
587,58.700,372.5,712,879,0.643,234,1
587,58.700,462.8,688,879,0.871,227,1
587,58.700,556.3,656,887,0.893,1,1
587,58.700,653.4,480,895,0.927,226,1
587,58.700,746.1,440,883,0.918,233,1
587,58.700,846.1,748,879,0.910,232,1
588,58.800,172.2,644,895,0.615,246,0
588,58.800,277.5,720,891,0.627,242,1
588,58.800,370.0,708,887,0.643,234,1
588,58.800,463.4,636,887,0.805,227,1
588,58.800,556.7,664,891,0.899,1,1
588,58.800,654.4,580,895,0.927,226,1
588,58.800,742.6,408,891,0.919,233,1
588,58.800,846.2,752,879,0.859,232,1
589,58.900,91.3,736,859,0.556,247,0
589,58.900,276.6,744,887,0.629,242,1
589,58.900,369.6,712,891,0.612,234,1
589,58.900,465.9,636,887,0.779,227,1
589,58.900,556.7,556,891,0.901,1,1
589,58.900,651.5,608,887,0.917,226,1
589,58.900,745.3,648,891,0.918,233,1
589,58.900,839.0,692,879,0.903,232,1
590,59.000,91.5,776,863,0.544,247,0
590,59.000,283.6,760,883,0.589,242,1
590,59.000,374.3,688,875,0.821,234,1
590,59.000,465.9,596,879,0.920,227,1
590,59.000,557.5,548,887,0.909,1,1
590,59.000,651.8,596,883,0.918,226,1
590,59.000,744.8,644,887,0.924,233,1
590,59.000,842.5,720,875,0.889,232,1
591,59.100,278.0,764,879,0.511,242,1
591,59.100,372.4,672,887,0.649,234,1
591,59.100,467.2,600,883,0.912,227,1
591,59.100,559.4,548,887,0.904,1,1
591,59.100,652.1,592,883,0.928,226,1
591,59.100,744.2,516,887,0.913,233,1
591,59.100,838.7,484,883,0.908,232,1
591,59.100,933.9,708,867,0.573,248,1
592,59.200,284.4,760,883,0.622,242,1
592,59.200,375.0,672,887,0.666,234,1
592,59.200,464.2,612,891,0.891,227,1
592,59.200,557.5,548,887,0.920,1,1
592,59.200,648.9,484,887,0.931,226,1
592,59.200,743.4,424,891,0.915,233,1
592,59.200,838.4,560,875,0.895,232,1
592,59.200,936.1,776,863,0.699,248,1
593,59.300,285.6,748,883,0.613,242,1
593,59.300,375.8,584,903,0.663,234,1
593,59.300,465.1,620,891,0.852,227,1
593,59.300,556.2,552,891,0.924,1,1
593,59.300,649.1,484,891,0.926,226,1
593,59.300,742.9,516,895,0.926,233,1
593,59.300,837.9,604,867,0.879,232,1
593,59.300,925.3,568,851,0.455,248,1
594,59.400,285.9,676,891,0.616,242,1
594,59.400,374.7,576,899,0.639,234,1
594,59.400,465.9,620,895,0.794,227,1
594,59.400,557.9,648,891,0.907,1,1
594,59.400,651.3,492,891,0.897,226,1
594,59.400,743.1,532,895,0.928,233,1
594,59.400,839.9,576,867,0.859,232,1
594,59.400,928.2,540,847,0.835,248,1
595,59.500,283.0,632,875,0.719,242,1
595,59.500,377.6,668,883,0.888,234,1
595,59.500,466.8,608,891,0.889,227,1
595,59.500,557.2,540,887,0.896,1,1
595,59.500,654.3,584,887,0.903,226,1
595,59.500,749.8,628,879,0.918,233,1
595,59.500,838.6,600,863,0.724,232,1
596,59.600,282.6,640,879,0.853,242,1
596,59.600,375.4,688,883,0.839,234,1
596,59.600,468.0,592,891,0.911,227,1
596,59.600,558.3,556,887,0.913,1,1
596,59.600,654.6,600,887,0.917,226,1
596,59.600,749.3,656,875,0.911,233,1
596,59.600,838.2,652,867,0.892,232,1
596,59.600,932.1,776,859,0.665,248,1
597,59.700,285.7,696,871,0.884,242,1
597,59.700,376.8,676,891,0.809,234,1
597,59.700,467.6,612,883,0.896,227,1
597,59.700,559.8,624,887,0.905,1,1
597,59.700,655.2,600,887,0.903,226,1
597,59.700,746.8,616,879,0.921,233,1
597,59.700,838.9,616,879,0.900,232,1
597,59.700,932.4,760,863,0.723,248,1
598,59.800,284.7,740,879,0.890,242,1
598,59.800,378.4,676,887,0.815,234,1
598,59.800,467.4,608,883,0.901,227,1
598,59.800,562.1,648,883,0.910,1,1
598,59.800,657.1,596,887,0.879,226,1
598,59.800,748.4,664,883,0.936,233,1
598,59.800,841.6,648,875,0.736,232,1
598,59.800,936.2,744,847,0.563,248,1
599,59.900,199.8,772,863,0.469,249,0
599,59.900,288.9,628,871,0.865,242,1
599,59.900,376.3,656,875,0.840,234,1
599,59.900,470.6,620,879,0.863,227,1
599,59.900,563.8,656,883,0.866,1,1
599,59.900,656.5,616,887,0.728,226,1
599,59.900,748.4,652,875,0.921,233,1
599,59.900,842.5,684,851,0.602,232,1
600,60.000,199.5,740,867,0.698,249,0
600,60.000,287.7,632,871,0.897,242,1
600,60.000,375.6,656,863,0.907,234,1
600,60.000,468.8,600,867,0.923,227,1
600,60.000,561.9,644,883,0.931,1,1
600,60.000,654.9,600,891,0.919,226,1
600,60.000,748.4,660,883,0.924,233,1
601,60.100,281.7,720,827,0.893,242,1
601,60.100,373.1,672,835,0.875,234,1
601,60.100,462.9,624,839,0.894,227,1
601,60.100,555.2,572,851,0.908,1,1
601,60.100,648.7,612,859,0.913,226,1
601,60.100,742.1,700,851,0.877,233,1
602,60.200,200.2,720,823,0.685,249,0
602,60.200,284.2,632,827,0.890,242,1
602,60.200,376.9,656,839,0.865,234,1
602,60.200,468.1,616,843,0.908,227,1
602,60.200,559.9,564,855,0.881,1,1
602,60.200,655.3,608,867,0.913,226,1
602,60.200,748.2,664,843,0.912,233,1
602,60.200,840.1,624,815,0.644,232,1
603,60.300,282.9,612,831,0.897,242,1
603,60.300,377.0,560,839,0.908,234,1
603,60.300,467.8,596,839,0.919,227,1
603,60.300,561.1,656,843,0.926,1,1
603,60.300,653.1,612,835,0.914,226,1
603,60.300,747.9,676,819,0.850,233,1
604,60.400,188.8,644,779,0.499,249,0
604,60.400,372.5,544,827,0.934,234,1
604,60.400,464.8,584,835,0.917,227,1
604,60.400,557.7,628,843,0.912,1,1
604,60.400,649.4,620,835,0.934,226,1
604,60.400,742.2,684,795,0.870,233,1
605,60.500,276.8,612,827,0.853,242,1
605,60.500,369.0,528,827,0.899,234,1
605,60.500,462.4,480,835,0.905,227,1
605,60.500,554.2,552,851,0.921,1,1
605,60.500,645.7,596,859,0.935,226,1
605,60.500,741.8,668,803,0.904,233,1
605,60.500,834.6,764,831,0.499,232,1
606,60.600,278.6,612,819,0.790,242,1
606,60.600,368.8,536,827,0.860,234,1
606,60.600,464.2,484,835,0.921,227,1
606,60.600,555.2,540,851,0.917,1,1
606,60.600,646.9,580,851,0.933,226,1
606,60.600,742.2,664,815,0.911,233,1
607,60.700,276.8,744,835,0.681,242,1
607,60.700,369.0,576,835,0.893,234,1
607,60.700,463.0,608,843,0.901,227,1
607,60.700,554.3,548,867,0.922,1,1
607,60.700,646.4,636,847,0.933,226,1
607,60.700,741.2,688,791,0.673,233,1
608,60.800,365.6,668,855,0.839,234,1
608,60.800,459.9,604,863,0.870,227,1
608,60.800,551.2,548,879,0.936,1,1
608,60.800,645.5,720,871,0.929,226,1
608,60.800,741.1,732,839,0.667,233,1
608,60.800,841.4,736,831,0.498,232,1
608,60.800,931.8,744,831,0.461,250,0
609,60.900,274.9,740,855,0.715,242,1
609,60.900,360.4,680,855,0.889,234,1
609,60.900,457.1,600,875,0.905,227,1
609,60.900,550.2,636,883,0.939,1,1
609,60.900,647.3,664,871,0.904,226,1
609,60.900,742.3,692,843,0.889,233,1
609,60.900,836.8,700,839,0.839,232,1
610,61.000,358.6,688,851,0.879,234,1
610,61.000,458.4,488,879,0.910,227,1
610,61.000,550.8,660,883,0.935,1,1
610,61.000,647.2,692,875,0.905,226,1
610,61.000,742.2,712,847,0.893,233,1
610,61.000,840.9,752,843,0.617,232,1
611,61.100,367.1,708,855,0.864,234,1
611,61.100,463.1,488,879,0.906,227,1
611,61.100,552.6,656,883,0.937,1,1
611,61.100,652.6,712,859,0.874,226,1
611,61.100,747.4,680,847,0.443,233,1
611,61.100,838.7,548,843,0.904,232,1
611,61.100,934.6,760,859,0.689,250,0
612,61.200,274.9,752,859,0.824,242,1
612,61.200,362.2,556,855,0.908,234,1
612,61.200,461.1,472,875,0.904,227,1
612,61.200,552.5,652,883,0.939,1,1
612,61.200,650.8,696,871,0.919,226,1
612,61.200,743.2,700,851,0.889,233,1
612,61.200,841.8,536,843,0.901,232,1
613,61.300,272.1,764,859,0.749,242,1
613,61.300,365.9,560,855,0.926,234,1
613,61.300,457.2,480,879,0.908,227,1
613,61.300,551.5,612,883,0.933,1,1
613,61.300,650.7,712,875,0.832,226,1
613,61.300,744.5,728,855,0.840,233,1
613,61.300,844.6,548,835,0.804,232,1
614,61.400,88.6,756,843,0.424,251,0
614,61.400,175.3,744,819,0.403,252,1
614,61.400,274.4,756,855,0.689,242,1
614,61.400,360.5,744,839,0.800,234,1
614,61.400,459.3,476,883,0.900,227,1
614,61.400,551.7,660,887,0.935,1,1
614,61.400,649.7,696,879,0.829,226,1
614,61.400,751.7,720,847,0.592,233,1
614,61.400,852.8,748,839,0.537,232,1
615,61.500,180.8,756,867,0.494,252,1
615,61.500,275.4,788,863,0.522,242,1
615,61.500,460.0,484,879,0.859,227,1
615,61.500,552.2,664,887,0.930,1,1
615,61.500,651.4,700,875,0.794,226,1
615,61.500,750.8,724,847,0.453,233,1
615,61.500,847.8,732,855,0.653,232,1
616,61.600,174.2,692,859,0.669,252,1
616,61.600,269.9,760,871,0.604,242,1
616,61.600,360.2,764,859,0.765,234,1
616,61.600,458.1,600,879,0.860,227,1
616,61.600,552.1,672,887,0.931,1,1
616,61.600,650.5,700,879,0.845,226,1
616,61.600,746.0,488,859,0.857,233,1
616,61.600,842.7,780,863,0.833,232,1
616,61.600,1042.3,592,827,0.653,253,0
617,61.700,172.5,616,871,0.648,252,1
617,61.700,263.9,756,879,0.657,242,1
617,61.700,362.7,740,871,0.725,234,1
617,61.700,457.2,532,879,0.909,227,1
617,61.700,550.1,636,883,0.949,1,1
617,61.700,651.1,684,879,0.909,226,1
617,61.700,746.4,496,859,0.898,233,1
617,61.700,839.9,748,875,0.911,232,1
617,61.700,1041.3,612,827,0.871,253,0
618,61.800,170.9,572,859,0.714,252,1
618,61.800,261.3,764,883,0.667,242,1
618,61.800,363.5,548,855,0.895,234,1
618,61.800,453.9,688,879,0.829,227,1
618,61.800,552.1,656,883,0.932,1,1
618,61.800,653.1,724,875,0.899,226,1
618,61.800,750.7,488,839,0.920,233,1
618,61.800,840.3,760,863,0.894,232,1
619,61.900,173.9,492,751,0.616,252,1
619,61.900,260.9,756,879,0.738,242,1
619,61.900,360.8,708,851,0.884,234,1
619,61.900,450.3,624,867,0.888,227,1
619,61.900,551.7,648,879,0.930,1,1
619,61.900,655.4,680,871,0.868,226,1
619,61.900,757.2,504,815,0.944,233,1
620,62.000,262.3,680,871,0.844,242,1
620,62.000,359.8,732,851,0.864,234,1
620,62.000,455.0,684,867,0.912,227,1
620,62.000,551.9,656,883,0.913,1,1
620,62.000,652.7,692,883,0.880,226,1
620,62.000,753.7,644,743,0.501,233,1
621,62.100,256.6,696,859,0.862,242,1
621,62.100,358.4,744,855,0.592,234,1
621,62.100,454.1,724,871,0.913,227,1
621,62.100,551.2,640,887,0.904,1,1
621,62.100,651.4,680,895,0.870,226,1
621,62.100,758.2,608,843,0.910,233,1
622,62.200,266.7,680,863,0.825,242,1
622,62.200,451.9,520,863,0.882,227,1
622,62.200,553.3,648,883,0.923,1,1
622,62.200,653.9,760,875,0.540,226,1
622,62.200,760.8,620,827,0.898,233,1
623,62.300,260.4,556,859,0.835,242,1
623,62.300,351.9,736,859,0.619,234,1
623,62.300,450.7,624,855,0.779,227,1
623,62.300,554.1,648,883,0.930,1,1
623,62.300,655.0,664,799,0.402,226,1
623,62.300,758.9,588,815,0.913,233,1
624,62.400,57.0,744,835,0.682,254,0
624,62.400,257.3,532,863,0.882,242,1
624,62.400,348.7,728,879,0.881,234,1
624,62.400,451.3,716,839,0.459,227,1
624,62.400,555.4,648,883,0.919,1,1
624,62.400,761.4,600,831,0.913,233,1
625,62.500,55.9,628,835,0.886,254,0
625,62.500,252.0,576,839,0.861,242,1
625,62.500,346.1,716,887,0.895,234,1
625,62.500,553.6,628,887,0.925,1,1
625,62.500,664.0,688,859,0.437,226,1
625,62.500,761.3,700,843,0.808,233,1
625,62.500,879.5,592,719,0.435,255,1
626,62.600,346.1,720,887,0.899,234,1
626,62.600,454.1,728,811,0.480,227,1
626,62.600,553.4,648,875,0.918,1,1
626,62.600,679.8,408,667,0.575,256,0
626,62.600,764.6,720,859,0.867,233,1
626,62.600,882.0,472,803,0.948,255,1
627,62.700,351.2,732,879,0.858,234,1
627,62.700,555.6,656,863,0.907,1,1
627,62.700,765.1,736,851,0.703,233,1
627,62.700,879.9,476,787,0.928,255,1
628,62.800,350.7,720,871,0.825,234,1
628,62.800,555.2,660,859,0.900,1,1
628,62.800,765.9,716,855,0.732,233,1
628,62.800,879.4,480,839,0.894,255,1
629,62.900,141.8,716,859,0.461,257,0
629,62.900,350.3,616,867,0.858,234,1
629,62.900,556.3,660,863,0.914,1,1
629,62.900,886.2,504,823,0.639,255,1
630,63.000,351.2,612,867,0.818,234,1
630,63.000,556.3,664,867,0.915,1,1
631,63.100,354.6,620,855,0.615,234,1
631,63.100,556.7,652,871,0.881,1,1
631,63.100,685.0,532,743,0.557,258,1
631,63.100,888.6,680,835,0.426,255,1
631,63.100,1014.5,624,815,0.877,259,0
632,63.200,350.2,652,811,0.405,234,1
632,63.200,556.5,668,875,0.895,1,1
632,63.200,683.6,532,759,0.570,258,1
632,63.200,1016.2,612,815,0.836,259,0
633,63.300,360.7,496,855,0.713,234,1
633,63.300,554.7,660,871,0.913,1,1
633,63.300,685.4,540,843,0.567,258,1
633,63.300,1018.5,616,831,0.883,259,0
634,63.400,551.2,668,871,0.912,1,1
634,63.400,682.2,544,815,0.884,258,1
635,63.500,356.2,492,787,0.754,234,1
635,63.500,555.7,648,867,0.913,1,1
635,63.500,688.2,540,835,0.864,258,1
636,63.600,556.2,644,875,0.917,1,1
636,63.600,686.4,540,859,0.895,258,1
637,63.700,217.7,612,807,0.420,260,0
637,63.700,554.8,660,875,0.911,1,1
637,63.700,681.1,536,867,0.879,258,1
638,63.800,215.6,576,799,0.652,260,0
638,63.800,555.5,656,871,0.909,1,1
638,63.800,682.8,536,871,0.888,258,1
639,63.900,557.9,668,875,0.920,1,1
639,63.900,685.8,548,875,0.894,258,1
639,63.900,809.9,668,779,0.438,261,1
640,64.000,556.2,584,875,0.923,1,1
640,64.000,685.7,568,879,0.905,258,1
640,64.000,940.9,744,839,0.419,262,0
641,64.100,87.9,620,791,0.670,263,0
641,64.100,426.1,740,871,0.870,264,1
641,64.100,550.6,616,879,0.941,1,1
641,64.100,681.8,548,883,0.915,258,1
641,64.100,815.8,668,875,0.877,261,1
642,64.200,426.4,624,883,0.867,264,1
642,64.200,550.7,632,883,0.940,1,1
642,64.200,685.7,664,887,0.911,258,1
642,64.200,814.0,656,887,0.906,261,1
642,64.200,950.3,772,859,0.553,262,0
643,64.300,428.3,620,883,0.891,264,1
643,64.300,551.0,652,891,0.939,1,1
643,64.300,686.0,668,891,0.913,258,1
643,64.300,812.8,664,891,0.865,261,1
643,64.300,948.3,772,847,0.559,262,0
644,64.400,305.4,640,795,0.571,265,1
644,64.400,426.2,668,875,0.908,264,1
644,64.400,555.7,660,891,0.920,1,1
644,64.400,685.7,648,883,0.908,258,1
644,64.400,818.5,676,883,0.873,261,1
645,64.500,294.9,664,863,0.718,265,1
645,64.500,425.0,672,883,0.903,264,1
645,64.500,555.9,652,891,0.916,1,1
645,64.500,686.0,656,891,0.913,258,1
645,64.500,817.0,668,887,0.888,261,1
646,64.600,292.6,664,879,0.814,265,1
646,64.600,425.1,672,879,0.900,264,1
646,64.600,554.8,660,895,0.914,1,1
646,64.600,687.7,664,903,0.878,258,1
647,64.700,292.0,664,879,0.871,265,1
647,64.700,423.4,656,895,0.915,264,1
647,64.700,553.3,644,883,0.937,1,1
647,64.700,686.5,640,911,0.887,258,1
648,64.800,295.3,664,871,0.821,265,1
648,64.800,426.8,560,871,0.904,264,1
648,64.800,551.2,600,887,0.939,1,1
648,64.800,686.2,760,907,0.867,258,1
648,64.800,1014.3,628,819,0.622,266,0
649,64.900,294.5,668,875,0.694,265,1
649,64.900,424.9,564,875,0.905,264,1
649,64.900,552.1,612,891,0.941,1,1
649,64.900,684.5,668,907,0.898,258,1
649,64.900,1016.7,624,827,0.871,266,0
650,65.000,418.3,544,879,0.905,264,1
650,65.000,551.2,676,879,0.927,1,1
650,65.000,682.5,764,875,0.879,258,1
651,65.100,425.4,536,851,0.836,264,1
651,65.100,554.3,664,875,0.931,1,1
651,65.100,684.2,772,859,0.828,258,1
651,65.100,888.7,720,839,0.725,267,1
652,65.200,422.0,532,867,0.774,264,1
652,65.200,554.1,664,867,0.927,1,1
652,65.200,684.3,768,859,0.857,258,1
652,65.200,889.4,676,843,0.848,267,1
653,65.300,427.0,540,855,0.693,264,1
653,65.300,554.2,640,859,0.925,1,1
653,65.300,675.3,740,851,0.801,258,1
653,65.300,887.9,704,847,0.896,267,1
654,65.400,422.6,552,827,0.889,264,1
654,65.400,554.2,656,863,0.923,1,1
654,65.400,669.1,732,859,0.845,258,1
654,65.400,750.2,472,743,0.863,268,1
654,65.400,888.6,732,851,0.906,267,1
655,65.500,331.0,752,831,0.514,269,1
655,65.500,428.5,552,835,0.892,264,1
655,65.500,553.0,640,859,0.940,1,1
655,65.500,667.7,696,859,0.862,258,1
655,65.500,762.1,468,847,0.792,268,1
655,65.500,888.3,728,859,0.890,267,1
656,65.600,92.0,636,839,0.627,270,0
656,65.600,222.7,748,839,0.499,271,1
656,65.600,330.9,712,843,0.605,269,1
656,65.600,444.4,684,851,0.792,272,1
656,65.600,552.4,656,863,0.924,1,1
656,65.600,664.1,692,863,0.904,258,1
656,65.600,765.5,480,855,0.853,268,1
656,65.600,888.1,716,847,0.639,267,1
657,65.700,92.6,620,855,0.677,270,0
657,65.700,223.7,760,843,0.591,271,1
657,65.700,334.3,740,847,0.578,269,1
657,65.700,443.3,672,851,0.820,272,1
657,65.700,552.4,660,863,0.920,1,1
657,65.700,664.6,692,863,0.889,258,1
657,65.700,755.3,476,851,0.852,268,1
658,65.800,217.7,756,843,0.603,271,1
658,65.800,331.8,700,855,0.646,269,1
658,65.800,446.2,692,851,0.774,272,1
658,65.800,549.8,656,871,0.927,1,1
658,65.800,660.0,752,871,0.893,258,1
658,65.800,757.6,620,855,0.922,268,1
659,65.900,221.0,760,843,0.645,271,1
659,65.900,339.2,748,855,0.628,269,1
659,65.900,448.8,772,851,0.676,272,1
659,65.900,551.6,676,871,0.926,1,1
659,65.900,662.4,744,871,0.922,258,1
659,65.900,758.6,652,859,0.914,268,1
660,66.000,225.8,672,847,0.615,271,1
660,66.000,344.4,716,855,0.771,269,1
660,66.000,445.5,684,847,0.857,272,1
660,66.000,551.7,656,871,0.928,1,1
660,66.000,664.1,692,871,0.906,258,1
660,66.000,757.3,616,859,0.922,268,1
660,66.000,873.2,764,855,0.852,273,0
661,66.100,349.3,716,855,0.736,269,1
661,66.100,445.9,656,855,0.842,272,1
661,66.100,553.7,656,871,0.923,1,1
661,66.100,662.2,700,867,0.919,258,1
661,66.100,758.1,616,859,0.935,268,1
661,66.100,872.6,752,851,0.504,273,0
662,66.200,229.9,672,863,0.623,271,1
662,66.200,345.7,724,863,0.869,269,1
662,66.200,448.6,716,863,0.864,272,1
662,66.200,550.0,584,875,0.932,1,1
662,66.200,660.0,656,871,0.883,258,1
662,66.200,757.4,680,871,0.927,268,1
663,66.300,213.2,472,831,0.631,274,0
663,66.300,345.4,696,871,0.857,269,1
663,66.300,447.6,672,863,0.886,272,1
663,66.300,549.5,644,875,0.919,1,1
663,66.300,656.2,640,871,0.914,258,1
663,66.300,759.2,628,879,0.932,268,1
663,66.300,856.6,456,867,0.888,275,1
663,66.300,1050.7,592,827,0.558,276,0
664,66.400,213.6,472,675,0.613,274,0
664,66.400,346.1,632,867,0.914,269,1
664,66.400,450.5,604,867,0.870,272,1
664,66.400,550.9,588,875,0.921,1,1
664,66.400,655.0,460,871,0.919,258,1
664,66.400,760.8,688,879,0.930,268,1
664,66.400,859.2,664,863,0.891,275,1
664,66.400,1043.1,596,855,0.679,276,0
665,66.500,341.8,620,871,0.891,269,1
665,66.500,450.7,612,875,0.868,272,1
665,66.500,548.1,644,883,0.900,1,1
665,66.500,654.0,616,875,0.913,258,1
665,66.500,758.3,696,883,0.936,268,1
665,66.500,852.2,536,883,0.906,275,1
665,66.500,1047.3,596,855,0.627,276,0
666,66.600,138.3,748,863,0.587,277,0
666,66.600,342.9,624,867,0.883,269,1
666,66.600,453.2,632,871,0.897,272,1
666,66.600,550.2,604,879,0.934,1,1
666,66.600,652.0,624,875,0.914,258,1
666,66.600,757.9,716,879,0.934,268,1
666,66.600,851.9,536,875,0.900,275,1
666,66.600,1049.1,720,847,0.434,276,0
667,66.700,141.0,692,871,0.640,277,0
667,66.700,253.8,748,875,0.613,278,1
667,66.700,342.3,624,863,0.820,269,1
667,66.700,455.2,644,879,0.832,272,1
667,66.700,549.7,668,883,0.910,1,1
667,66.700,649.2,620,871,0.910,258,1
667,66.700,755.7,700,871,0.922,268,1
667,66.700,846.2,552,871,0.906,275,1
668,66.800,250.6,748,867,0.602,278,1
668,66.800,346.1,616,863,0.738,269,1
668,66.800,454.1,612,879,0.839,272,1
668,66.800,550.9,660,883,0.900,1,1
668,66.800,652.3,588,875,0.907,258,1
668,66.800,750.0,700,871,0.680,268,1
668,66.800,840.4,564,875,0.900,275,1
669,66.900,259.9,740,871,0.571,278,1
669,66.900,347.1,612,859,0.871,269,1
669,66.900,457.5,624,875,0.877,272,1
669,66.900,552.4,664,883,0.913,1,1
669,66.900,653.3,604,875,0.906,258,1
669,66.900,753.5,728,871,0.899,268,1
669,66.900,842.9,572,875,0.927,275,1
670,67.000,261.2,768,871,0.422,278,1
670,67.000,352.3,588,863,0.895,269,1
670,67.000,453.5,652,871,0.843,272,1
670,67.000,550.7,664,879,0.910,1,1
670,67.000,648.4,504,879,0.868,258,1
670,67.000,750.3,656,871,0.922,268,1
670,67.000,843.8,736,875,0.880,275,1
670,67.000,933.7,476,675,0.608,279,1
671,67.100,58.6,752,815,0.427,280,0
671,67.100,260.3,788,879,0.559,278,1
671,67.100,349.4,492,863,0.919,269,1
671,67.100,452.9,556,867,0.845,272,1
671,67.100,551.9,656,875,0.908,1,1
671,67.100,647.2,512,871,0.937,258,1
671,67.100,749.8,676,871,0.888,268,1
671,67.100,842.8,712,879,0.902,275,1
671,67.100,934.1,476,863,0.872,279,1
672,67.200,55.3,616,859,0.676,280,0
672,67.200,260.0,768,891,0.608,278,1
672,67.200,349.9,492,855,0.885,269,1
672,67.200,454.1,620,863,0.900,272,1
672,67.200,550.6,652,879,0.897,1,1
672,67.200,646.8,560,879,0.932,258,1
672,67.200,748.3,684,871,0.914,268,1
672,67.200,846.6,752,871,0.900,275,1
672,67.200,938.2,708,855,0.562,279,1
673,67.300,260.1,680,879,0.654,278,1
673,67.300,361.1,672,859,0.819,269,1
673,67.300,456.3,612,871,0.897,272,1
673,67.300,551.2,656,883,0.903,1,1
673,67.300,647.1,576,887,0.926,258,1
673,67.300,750.8,700,879,0.904,268,1
673,67.300,845.0,736,867,0.878,275,1
673,67.300,938.9,724,867,0.725,279,1
674,67.400,253.6,656,875,0.706,278,1
674,67.400,359.3,664,851,0.877,269,1
674,67.400,451.8,616,867,0.891,272,1
674,67.400,548.7,656,883,0.904,1,1
674,67.400,646.6,504,887,0.943,258,1
674,67.400,743.9,692,879,0.882,268,1
674,67.400,842.0,728,871,0.881,275,1
674,67.400,936.8,740,867,0.768,279,1
674,67.400,1018.8,548,851,0.580,281,0
675,67.500,257.8,560,875,0.704,278,1
675,67.500,362.6,656,803,0.727,269,1
675,67.500,453.7,644,863,0.892,272,1
675,67.500,550.8,664,883,0.885,1,1
675,67.500,646.8,484,887,0.939,258,1
675,67.500,747.8,672,883,0.918,268,1
675,67.500,844.0,744,871,0.884,275,1
676,67.600,260.6,572,879,0.632,278,1
676,67.600,364.3,616,859,0.665,269,1
676,67.600,458.2,672,867,0.885,272,1
676,67.600,552.4,664,883,0.907,1,1
676,67.600,650.4,468,887,0.918,258,1
676,67.600,745.6,684,887,0.864,268,1
676,67.600,844.6,760,875,0.858,275,1
677,67.700,171.3,784,875,0.579,282,1
677,67.700,258.4,552,883,0.650,278,1
677,67.700,366.7,680,875,0.618,269,1
677,67.700,457.3,628,871,0.759,272,1
677,67.700,551.2,664,887,0.894,1,1
677,67.700,649.4,472,887,0.924,258,1
677,67.700,745.7,676,887,0.907,268,1
677,67.700,841.6,748,875,0.903,275,1
678,67.800,170.9,764,875,0.686,282,1
678,67.800,262.3,556,879,0.661,278,1
678,67.800,366.6,708,867,0.647,269,1
678,67.800,458.6,716,871,0.791,272,1
678,67.800,551.4,636,883,0.884,1,1
678,67.800,647.7,476,887,0.919,258,1
678,67.800,742.3,640,883,0.929,268,1
678,67.800,842.0,744,871,0.894,275,1
679,67.900,167.9,752,863,0.595,282,1
679,67.900,269.7,640,879,0.622,278,1
679,67.900,367.2,716,871,0.614,269,1
679,67.900,460.8,612,875,0.766,272,1
679,67.900,551.7,564,883,0.912,1,1
679,67.900,647.7,508,883,0.924,258,1
679,67.900,744.0,660,883,0.906,268,1
679,67.900,838.9,736,867,0.732,275,1
680,68.000,167.1,744,859,0.556,282,1
680,68.000,272.5,748,875,0.612,278,1
680,68.000,369.4,696,875,0.607,269,1
680,68.000,462.2,632,875,0.770,272,1
680,68.000,553.2,568,883,0.911,1,1
680,68.000,648.5,504,883,0.924,258,1
680,68.000,743.3,424,891,0.917,268,1
680,68.000,839.6,764,867,0.692,275,1
681,68.100,89.8,812,863,0.463,283,0
681,68.100,168.9,492,567,0.562,282,1
681,68.100,277.0,776,867,0.569,278,1
681,68.100,364.0,708,875,0.784,269,1
681,68.100,462.6,628,879,0.907,272,1
681,68.100,552.1,548,883,0.931,1,1
681,68.100,646.0,592,879,0.940,258,1
681,68.100,738.9,536,887,0.914,268,1
681,68.100,837.9,696,867,0.893,275,1
682,68.200,278.3,760,855,0.533,278,1
682,68.200,365.9,716,867,0.828,269,1
682,68.200,459.4,604,879,0.885,272,1
682,68.200,551.7,548,883,0.940,1,1
682,68.200,645.6,504,879,0.937,258,1
682,68.200,739.4,652,875,0.919,268,1
682,68.200,835.7,628,867,0.883,275,1
683,68.300,279.3,744,851,0.480,278,1
683,68.300,365.0,696,871,0.873,269,1
683,68.300,458.8,608,883,0.913,272,1
683,68.300,551.5,536,887,0.937,1,1
683,68.300,644.8,476,871,0.925,258,1
683,68.300,740.8,420,867,0.915,268,1
683,68.300,836.7,560,859,0.880,275,1
684,68.400,279.1,736,871,0.604,278,1
684,68.400,371.3,668,887,0.614,269,1
684,68.400,462.9,604,887,0.863,272,1
684,68.400,555.5,548,883,0.920,1,1
684,68.400,647.3,472,883,0.919,258,1
684,68.400,742.3,412,875,0.931,268,1
684,68.400,834.3,480,871,0.879,275,1
684,68.400,930.9,764,859,0.790,284,1
685,68.500,279.9,712,883,0.610,278,1
685,68.500,373.2,676,887,0.624,269,1
685,68.500,462.0,616,883,0.904,272,1
685,68.500,553.0,552,887,0.935,1,1
685,68.500,645.1,476,883,0.924,258,1
685,68.500,740.7,500,883,0.937,268,1
685,68.500,830.6,608,867,0.897,275,1
685,68.500,928.4,764,851,0.402,284,1
686,68.600,369.1,652,875,0.898,269,1
686,68.600,460.3,616,883,0.891,272,1
686,68.600,552.1,524,887,0.931,1,1
686,68.600,646.5,568,875,0.923,258,1
686,68.600,740.9,536,867,0.927,268,1
686,68.600,836.5,584,859,0.880,275,1
686,68.600,920.7,544,855,0.729,284,1
687,68.700,277.7,648,871,0.866,278,1
687,68.700,372.8,664,887,0.876,269,1
687,68.700,462.1,600,899,0.898,272,1
687,68.700,553.6,524,895,0.938,1,1
687,68.700,648.3,588,879,0.923,258,1
687,68.700,743.2,552,871,0.926,268,1
687,68.700,833.5,612,851,0.907,275,1
687,68.700,922.1,688,879,0.892,284,1
688,68.800,281.4,672,831,0.856,278,1
688,68.800,374.5,636,895,0.883,269,1
688,68.800,463.3,596,895,0.889,272,1
688,68.800,555.6,544,891,0.923,1,1
688,68.800,651.1,600,879,0.917,258,1
688,68.800,747.0,604,871,0.908,268,1
688,68.800,835.2,648,863,0.901,275,1
688,68.800,925.6,748,875,0.882,284,1
689,68.900,280.7,732,875,0.863,278,1
689,68.900,371.2,672,895,0.885,269,1
689,68.900,463.5,600,895,0.890,272,1
689,68.900,556.8,612,891,0.925,1,1
689,68.900,652.2,600,887,0.908,258,1
689,68.900,744.9,632,879,0.930,268,1
689,68.900,836.6,692,879,0.919,275,1
689,68.900,928.9,748,875,0.868,284,1
690,69.000,281.0,704,883,0.903,278,1
690,69.000,372.5,668,899,0.913,269,1
690,69.000,462.6,608,895,0.916,272,1
690,69.000,557.6,652,899,0.911,1,1
690,69.000,649.9,596,891,0.930,258,1
690,69.000,744.6,668,895,0.930,268,1
690,69.000,837.4,708,875,0.900,275,1
691,69.100,193.6,756,863,0.878,285,0
691,69.100,284.5,740,883,0.896,278,1
691,69.100,375.3,676,891,0.921,269,1
691,69.100,465.3,632,887,0.913,272,1
691,69.100,558.9,656,895,0.929,1,1
691,69.100,651.0,624,891,0.930,258,1
691,69.100,746.6,656,891,0.934,268,1
691,69.100,836.5,740,847,0.540,275,1
692,69.200,193.0,736,859,0.882,285,0
692,69.200,284.1,724,871,0.890,278,1
692,69.200,374.9,672,883,0.926,269,1
692,69.200,464.5,680,883,0.885,272,1
692,69.200,557.9,652,891,0.931,1,1
692,69.200,650.8,616,895,0.922,258,1
692,69.200,746.2,684,891,0.905,268,1
693,69.300,282.9,708,859,0.912,278,1
693,69.300,374.2,600,871,0.929,269,1
693,69.300,465.8,612,871,0.910,272,1
693,69.300,557.8,544,875,0.914,1,1
693,69.300,653.1,612,879,0.924,258,1
693,69.300,744.9,684,867,0.908,268,1
694,69.400,282.8,692,827,0.892,278,1
694,69.400,371.5,640,819,0.477,269,1
694,69.400,463.2,596,843,0.917,272,1
694,69.400,553.7,660,851,0.930,1,1
694,69.400,648.0,708,839,0.894,258,1
695,69.500,462.7,588,839,0.921,272,1
695,69.500,555.5,656,847,0.928,1,1
695,69.500,648.1,708,835,0.924,258,1
696,69.600,370.5,552,831,0.934,269,1
696,69.600,459.3,580,835,0.919,272,1
696,69.600,553.4,652,843,0.934,1,1
696,69.600,649.2,704,839,0.917,258,1
697,69.700,281.9,716,823,0.799,278,1
697,69.700,460.3,500,843,0.916,272,1
697,69.700,550.4,608,859,0.943,1,1
697,69.700,644.2,716,851,0.897,258,1
698,69.800,356.2,692,871,0.899,269,1
698,69.800,455.5,616,879,0.924,272,1
698,69.800,544.4,552,891,0.936,1,1
698,69.800,638.4,712,899,0.921,258,1
698,69.800,745.8,708,799,0.602,286,1
699,69.900,269.2,732,875,0.421,278,1
699,69.900,357.3,748,879,0.543,269,1
699,69.900,454.2,616,887,0.912,272,1
699,69.900,545.0,552,895,0.932,1,1
699,69.900,639.0,716,899,0.919,258,1
699,69.900,740.9,712,879,0.848,286,1
700,70.000,276.2,744,871,0.408,278,1
700,70.000,358.9,700,875,0.456,269,1
700,70.000,456.8,612,895,0.919,272,1
700,70.000,547.9,584,895,0.935,1,1
700,70.000,642.7,728,895,0.913,258,1
700,70.000,742.8,744,875,0.636,286,1
701,70.100,192.2,752,863,0.401,287,0
701,70.100,455.6,616,895,0.906,272,1
701,70.100,548.2,604,899,0.928,1,1
701,70.100,646.0,688,895,0.911,258,1
701,70.100,740.6,708,879,0.751,286,1
702,70.200,454.6,616,903,0.934,272,1
702,70.200,548.5,648,903,0.953,1,1
702,70.200,649.0,692,895,0.891,258,1
702,70.200,739.7,816,879,0.562,286,1
703,70.300,269.5,780,887,0.828,278,1
703,70.300,364.7,744,887,0.811,269,1
703,70.300,454.6,480,899,0.916,272,1
703,70.300,548.4,632,903,0.933,1,1
703,70.300,648.3,700,887,0.894,258,1
703,70.300,743.3,784,879,0.540,286,1
703,70.300,839.8,720,871,0.837,288,0
703,70.300,936.8,732,831,0.404,289,0
704,70.400,270.7,716,891,0.920,278,1
704,70.400,365.5,736,883,0.429,269,1
704,70.400,456.2,484,903,0.926,272,1
704,70.400,549.3,660,899,0.945,1,1
704,70.400,651.4,724,879,0.823,258,1
704,70.400,840.2,548,871,0.883,288,0
704,70.400,937.0,708,819,0.504,289,0
705,70.500,271.4,772,883,0.699,278,1
705,70.500,455.5,500,903,0.912,272,1
705,70.500,550.1,660,903,0.942,1,1
705,70.500,651.0,700,887,0.783,258,1
706,70.600,270.1,772,883,0.773,278,1
706,70.600,362.0,768,875,0.790,269,1
706,70.600,456.8,520,895,0.901,272,1
706,70.600,550.1,664,895,0.946,1,1
706,70.600,649.2,736,883,0.760,258,1
707,70.700,261.3,764,867,0.601,278,1
707,70.700,361.7,740,859,0.886,269,1
707,70.700,455.5,692,887,0.854,272,1
707,70.700,549.0,664,887,0.914,1,1
707,70.700,653.1,744,867,0.745,258,1
707,70.700,840.4,752,871,0.909,288,0
708,70.800,263.5,764,875,0.827,278,1
708,70.800,359.0,744,867,0.820,269,1
708,70.800,460.9,712,891,0.903,272,1
708,70.800,550.7,652,891,0.936,1,1
708,70.800,649.3,632,879,0.910,258,1
708,70.800,748.6,484,843,0.917,290,0
708,70.800,841.3,784,863,0.897,288,0
708,70.800,1043.2,600,811,0.758,291,0
709,70.900,173.8,660,823,0.475,292,0
709,70.900,262.2,764,887,0.884,278,1
709,70.900,361.9,756,871,0.788,269,1
709,70.900,456.0,712,887,0.703,272,1
709,70.900,550.5,652,899,0.944,1,1
709,70.900,658.0,728,883,0.744,258,1
710,71.000,261.1,768,887,0.891,278,1
710,71.000,361.4,736,875,0.798,269,1
710,71.000,457.0,728,835,0.721,272,1
710,71.000,551.2,648,895,0.929,1,1
710,71.000,657.4,676,867,0.839,258,1
710,71.000,755.8,504,699,0.768,290,0
711,71.100,261.6,776,875,0.819,278,1
711,71.100,357.8,744,835,0.634,269,1
711,71.100,452.8,712,867,0.882,272,1
711,71.100,551.5,648,891,0.910,1,1
711,71.100,653.6,772,883,0.653,258,1
712,71.200,263.4,752,875,0.844,278,1
712,71.200,552.5,660,891,0.930,1,1
712,71.200,652.2,760,867,0.475,258,1
713,71.300,257.7,736,863,0.655,278,1
713,71.300,553.7,648,883,0.924,1,1
714,71.400,551.6,656,887,0.923,1,1
715,71.500,56.2,752,871,0.628,293,0
715,71.500,254.3,680,879,0.828,278,1
715,71.500,347.0,736,879,0.875,294,1
715,71.500,552.6,652,879,0.929,1,1
715,71.500,762.4,704,811,0.528,295,0
716,71.600,55.1,656,863,0.913,293,0
716,71.600,258.4,700,875,0.840,278,1
716,71.600,346.8,732,883,0.863,294,1
716,71.600,552.2,648,871,0.926,1,1
717,71.700,350.4,744,887,0.736,294,1
717,71.700,554.3,648,855,0.931,1,1
717,71.700,763.3,716,815,0.507,295,0
717,71.700,883.3,492,679,0.646,296,0
718,71.800,250.7,696,875,0.454,278,1
718,71.800,351.2,736,883,0.780,294,1
718,71.800,554.6,648,851,0.912,1,1
718,71.800,660.0,680,763,0.436,297,0
718,71.800,886.3,552,675,0.650,296,0
719,71.900,353.7,716,863,0.699,294,1
719,71.900,554.4,644,863,0.926,1,1
719,71.900,763.9,720,847,0.812,295,0
720,72.000,353.3,732,859,0.488,294,1
720,72.000,438.5,636,715,0.411,298,0
720,72.000,555.2,656,863,0.912,1,1
721,72.100,555.8,672,867,0.902,1,1
722,72.200,555.2,648,859,0.911,1,1
723,72.300,552.1,656,867,0.897,1,1
724,72.400,554.2,664,871,0.909,1,1
724,72.400,889.7,672,843,0.513,299,0
724,72.400,1011.5,624,835,0.711,300,0
725,72.500,555.6,660,863,0.897,1,1
726,72.600,555.4,652,855,0.897,1,1
727,72.700,555.8,648,855,0.885,1,1
728,72.800,555.4,660,863,0.919,1,1
728,72.800,687.2,540,847,0.873,301,1
729,72.900,555.7,656,859,0.917,1,1
729,72.900,683.6,540,855,0.892,301,1
730,73.000,557.0,664,855,0.916,1,1
730,73.000,683.6,544,871,0.904,301,1
731,73.100,556.1,644,863,0.925,1,1
731,73.100,684.7,564,835,0.858,301,1
732,73.200,426.5,696,851,0.787,302,1
732,73.200,552.6,596,867,0.934,1,1
732,73.200,683.5,660,859,0.862,301,1
733,73.300,430.5,652,871,0.907,302,1
733,73.300,553.4,620,871,0.937,1,1
733,73.300,688.6,652,871,0.911,301,1
733,73.300,815.0,688,839,0.808,303,1
734,73.400,428.6,616,871,0.904,302,1
734,73.400,553.9,644,875,0.939,1,1
734,73.400,687.4,664,879,0.919,301,1
734,73.400,818.3,660,875,0.884,303,1
735,73.500,429.4,680,867,0.896,302,1
735,73.500,555.3,652,879,0.925,1,1
735,73.500,687.0,668,875,0.914,301,1
735,73.500,817.8,668,875,0.921,303,1
735,73.500,934.0,692,791,0.530,304,0
736,73.600,297.6,664,867,0.866,305,0
736,73.600,426.6,664,871,0.905,302,1
736,73.600,557.6,672,879,0.909,1,1
736,73.600,688.1,664,887,0.910,301,1
736,73.600,817.8,676,883,0.916,303,1
737,73.700,294.8,664,863,0.902,305,0
737,73.700,427.3,676,875,0.909,302,1
737,73.700,557.8,660,883,0.909,1,1
737,73.700,688.9,664,895,0.908,301,1
737,73.700,822.6,696,867,0.812,303,1
738,73.800,292.5,664,875,0.900,305,0
738,73.800,424.7,660,867,0.929,302,1
738,73.800,554.7,636,883,0.932,1,1
738,73.800,689.4,684,903,0.901,301,1
738,73.800,815.6,724,831,0.443,303,1
739,73.900,294.6,664,867,0.817,305,0
739,73.900,424.3,548,839,0.899,302,1
739,73.900,553.0,632,879,0.925,1,1
739,73.900,686.7,736,895,0.890,301,1
739,73.900,837.0,732,839,0.576,306,0
740,74.000,424.9,552,863,0.884,302,1
740,74.000,554.5,628,879,0.928,1,1
740,74.000,687.7,708,891,0.893,301,1
740,74.000,818.1,736,827,0.416,303,1
741,74.100,427.6,664,871,0.832,302,1
741,74.100,557.4,668,871,0.919,1,1
741,74.100,688.2,748,891,0.892,301,1
742,74.200,423.6,540,875,0.883,302,1
742,74.200,558.4,668,875,0.915,1,1
742,74.200,689.1,760,871,0.892,301,1
743,74.300,427.1,536,867,0.668,302,1
743,74.300,556.2,668,879,0.913,1,1
743,74.300,688.6,764,871,0.902,301,1
744,74.400,317.6,716,855,0.845,307,1
744,74.400,439.3,540,851,0.860,302,1
744,74.400,558.1,668,871,0.916,1,1
744,74.400,687.7,772,855,0.821,301,1
744,74.400,886.2,648,843,0.839,308,0
745,74.500,332.1,744,823,0.834,307,1
745,74.500,451.2,700,851,0.837,302,1
745,74.500,558.7,652,871,0.912,1,1
745,74.500,690.4,764,855,0.644,301,1
745,74.500,890.6,684,851,0.875,308,0
746,74.600,450.0,744,851,0.811,302,1
746,74.600,559.6,664,875,0.902,1,1
746,74.600,679.4,772,859,0.801,301,1
746,74.600,786.7,760,863,0.563,309,0
746,74.600,892.1,716,863,0.874,308,0
747,74.700,91.2,628,815,0.572,310,0
747,74.700,218.4,720,851,0.676,311,1
747,74.700,330.8,764,855,0.550,307,1
747,74.700,447.7,752,855,0.592,302,1
747,74.700,554.0,680,871,0.926,1,1
747,74.700,669.4,776,867,0.839,301,1
747,74.700,778.4,800,867,0.651,309,0
747,74.700,889.1,756,867,0.793,308,0
748,74.800,94.2,616,831,0.632,310,0
748,74.800,223.6,708,855,0.625,311,1
748,74.800,449.2,732,863,0.665,302,1
748,74.800,556.3,672,879,0.919,1,1
748,74.800,670.7,756,875,0.891,301,1
748,74.800,777.9,788,871,0.518,309,0
749,74.900,226.4,696,851,0.829,311,1
749,74.900,340.7,748,847,0.559,307,1
749,74.900,448.0,748,851,0.798,302,1
749,74.900,558.8,668,879,0.912,1,1
749,74.900,673.8,756,875,0.883,301,1
749,74.900,785.2,760,863,0.599,309,0
750,75.000,224.0,676,843,0.716,311,1
750,75.000,349.8,752,851,0.479,307,1
750,75.000,451.0,748,859,0.767,302,1
750,75.000,557.6,668,883,0.923,1,1
750,75.000,668.8,756,883,0.904,301,1
750,75.000,763.4,696,863,0.867,312,1
751,75.100,226.7,716,847,0.630,311,1
751,75.100,345.9,736,851,0.806,307,1
751,75.100,452.3,736,855,0.856,302,1
751,75.100,556.6,656,879,0.911,1,1
751,75.100,668.5,764,883,0.890,301,1
751,75.100,760.8,624,875,0.928,312,1
751,75.100,877.5,752,863,0.789,313,1
752,75.200,351.2,724,855,0.869,307,1
752,75.200,455.2,740,871,0.825,302,1
752,75.200,557.3,588,883,0.905,1,1
752,75.200,669.6,732,879,0.916,301,1
752,75.200,761.8,624,871,0.911,312,1
752,75.200,875.0,776,867,0.818,313,1
753,75.300,351.7,712,875,0.917,307,1
753,75.300,456.9,700,891,0.903,302,1
753,75.300,556.1,588,883,0.912,1,1
753,75.300,669.2,704,883,0.910,301,1
753,75.300,764.6,620,887,0.935,312,1
754,75.400,228.2,480,707,0.614,311,1
754,75.400,352.7,696,879,0.875,307,1
754,75.400,456.6,716,883,0.794,302,1
754,75.400,557.1,620,883,0.872,1,1
754,75.400,667.4,708,887,0.844,301,1
754,75.400,766.1,700,891,0.901,312,1
755,75.500,219.1,468,651,0.491,311,1
755,75.500,350.5,736,883,0.877,307,1
755,75.500,455.6,660,887,0.803,302,1
755,75.500,555.3,576,887,0.884,1,1
755,75.500,668.4,692,883,0.902,301,1
755,75.500,764.8,708,899,0.918,312,1
755,75.500,863.6,596,887,0.833,313,1
755,75.500,1052.1,588,863,0.615,314,0
756,75.600,140.9,768,855,0.547,315,0
756,75.600,346.1,720,879,0.828,307,1
756,75.600,458.2,668,887,0.854,302,1
756,75.600,552.1,624,887,0.910,1,1
756,75.600,659.7,704,887,0.902,301,1
756,75.600,762.0,720,903,0.933,312,1
756,75.600,856.5,428,895,0.891,313,1
756,75.600,1051.9,608,871,0.765,314,0
757,75.700,142.4,708,871,0.618,315,0
757,75.700,261.3,744,875,0.528,316,1
757,75.700,349.9,692,883,0.900,307,1
757,75.700,462.5,680,887,0.898,302,1
757,75.700,555.9,636,887,0.919,1,1
757,75.700,662.7,696,887,0.924,301,1
757,75.700,766.8,716,895,0.927,312,1
757,75.700,859.8,444,887,0.916,313,1
757,75.700,1056.6,708,867,0.653,314,0
758,75.800,145.9,752,871,0.600,315,0
758,75.800,261.4,768,883,0.617,316,1
758,75.800,350.7,624,879,0.821,307,1
758,75.800,463.9,636,887,0.896,302,1
758,75.800,556.8,640,887,0.910,1,1
758,75.800,658.6,604,887,0.926,301,1
758,75.800,766.4,704,895,0.934,312,1
758,75.800,863.4,552,891,0.911,313,1
758,75.800,960.4,744,867,0.614,317,0
758,75.800,1056.8,720,863,0.736,314,0
759,75.900,143.3,720,867,0.605,315,0
759,75.900,261.9,764,883,0.582,316,1
759,75.900,352.8,616,883,0.702,307,1
759,75.900,461.5,620,891,0.799,302,1
759,75.900,556.0,656,891,0.879,1,1
759,75.900,660.8,704,883,0.921,301,1
759,75.900,767.2,732,883,0.907,312,1
759,75.900,855.2,544,883,0.894,313,1
760,76.000,261.0,712,887,0.624,316,1
760,76.000,355.3,620,903,0.673,307,1
760,76.000,463.1,660,895,0.859,302,1
760,76.000,556.6,672,891,0.891,1,1
760,76.000,661.9,628,887,0.926,301,1
760,76.000,762.0,732,887,0.914,312,1
760,76.000,848.5,560,883,0.850,313,1
761,76.100,276.6,792,883,0.480,318,0
761,76.100,361.0,616,879,0.708,307,1
761,76.100,462.9,628,887,0.801,302,1
761,76.100,557.3,668,887,0.893,1,1
761,76.100,660.1,676,887,0.908,301,1
761,76.100,761.4,688,883,0.901,312,1
761,76.100,851.9,564,875,0.867,313,1
762,76.200,65.4,752,843,0.556,319,0
762,76.200,266.6,784,891,0.555,316,1
762,76.200,352.9,488,871,0.906,307,1
762,76.200,458.4,656,879,0.851,302,1
762,76.200,557.5,644,883,0.911,1,1
762,76.200,658.2,596,887,0.915,301,1
762,76.200,756.4,672,887,0.913,312,1
762,76.200,852.8,716,887,0.906,313,1
762,76.200,942.1,468,851,0.789,320,1
763,76.300,59.0,612,875,0.621,319,0
763,76.300,261.6,752,899,0.611,316,1
763,76.300,344.6,488,875,0.758,307,1
763,76.300,457.4,620,875,0.907,302,1
763,76.300,553.4,644,879,0.917,1,1
763,76.300,653.8,596,887,0.926,301,1
763,76.300,753.4,676,891,0.888,312,1
763,76.300,849.4,768,879,0.920,313,1
763,76.300,937.9,488,863,0.875,320,1
764,76.400,59.4,608,879,0.614,319,0
764,76.400,264.8,740,899,0.596,316,1
764,76.400,364.2,688,867,0.839,321,1
764,76.400,463.6,728,879,0.848,302,1
764,76.400,556.8,660,883,0.892,1,1
764,76.400,659.1,624,895,0.914,301,1
764,76.400,757.0,704,891,0.935,312,1
764,76.400,852.8,760,879,0.890,313,1
764,76.400,944.5,728,875,0.414,320,1
765,76.500,268.1,780,891,0.592,316,1
765,76.500,366.0,700,879,0.623,321,1
765,76.500,462.0,636,883,0.789,302,1
765,76.500,556.2,672,887,0.874,1,1
765,76.500,653.5,480,899,0.913,301,1
765,76.500,754.2,680,895,0.912,312,1
765,76.500,853.7,760,875,0.917,313,1
765,76.500,944.1,736,879,0.826,320,1
766,76.600,272.0,776,883,0.592,316,1
766,76.600,369.1,660,871,0.631,321,1
766,76.600,461.0,652,875,0.743,302,1
766,76.600,558.5,664,887,0.864,1,1
766,76.600,658.3,492,899,0.888,301,1
766,76.600,756.4,664,891,0.926,312,1
766,76.600,853.0,736,875,0.904,313,1
766,76.600,946.0,728,883,0.888,320,1
766,76.600,1031.0,540,871,0.852,322,0
767,76.700,370.4,700,875,0.767,321,1
767,76.700,466.3,704,875,0.872,302,1
767,76.700,559.3,668,887,0.867,1,1
767,76.700,655.7,480,903,0.896,301,1
767,76.700,752.6,668,891,0.906,312,1
767,76.700,852.0,744,875,0.896,313,1
767,76.700,945.8,732,879,0.817,320,1
767,76.700,1031.8,788,875,0.621,322,0
768,76.800,176.7,760,879,0.511,323,1
768,76.800,274.8,736,875,0.517,316,1
768,76.800,372.4,704,871,0.731,321,1
768,76.800,465.8,672,875,0.883,302,1
768,76.800,558.2,660,887,0.869,1,1
768,76.800,658.1,468,903,0.904,301,1
768,76.800,752.2,656,891,0.916,312,1
768,76.800,848.5,748,879,0.917,313,1
768,76.800,946.4,756,871,0.532,320,1
768,76.800,1033.2,788,871,0.704,322,0
769,76.900,180.8,700,887,0.674,323,1
769,76.900,274.4,548,887,0.811,316,1
769,76.900,370.6,684,871,0.902,321,1
769,76.900,468.1,640,879,0.854,302,1
769,76.900,559.1,612,883,0.883,1,1
769,76.900,656.8,468,899,0.917,301,1
769,76.900,753.8,652,891,0.924,312,1
769,76.900,849.0,732,879,0.908,313,1
769,76.900,1035.7,788,867,0.507,322,0
770,77.000,181.1,636,891,0.638,323,1
770,77.000,278.1,556,887,0.758,316,1
770,77.000,371.7,708,875,0.857,321,1
770,77.000,470.9,696,879,0.870,302,1
770,77.000,558.1,596,887,0.879,1,1
770,77.000,658.6,472,895,0.923,301,1
770,77.000,749.4,552,895,0.917,312,1
770,77.000,851.3,756,883,0.899,313,1
771,77.100,175.2,648,795,0.419,323,1
771,77.100,278.0,744,895,0.633,316,1
771,77.100,374.0,712,887,0.678,321,1
771,77.100,469.5,632,891,0.892,302,1
771,77.100,560.4,560,891,0.875,1,1
771,77.100,658.0,488,895,0.933,301,1
771,77.100,750.9,420,895,0.917,312,1
771,77.100,849.7,740,879,0.909,313,1
772,77.200,93.8,780,867,0.564,324,0
772,77.200,179.4,488,747,0.439,323,1
772,77.200,278.1,752,891,0.596,316,1
772,77.200,372.9,684,887,0.732,321,1
772,77.200,467.8,608,887,0.918,302,1
772,77.200,557.7,544,891,0.910,1,1
772,77.200,655.5,572,895,0.920,301,1
772,77.200,742.9,408,899,0.927,312,1
772,77.200,845.4,712,879,0.833,313,1
773,77.300,95.6,808,879,0.556,324,0
773,77.300,281.2,748,887,0.673,316,1
773,77.300,374.5,692,891,0.645,321,1
773,77.300,469.3,616,891,0.898,302,1
773,77.300,560.7,544,895,0.913,1,1
773,77.300,655.9,604,891,0.929,301,1
773,77.300,749.4,636,895,0.925,312,1
773,77.300,844.2,692,883,0.876,313,1
774,77.400,286.9,748,899,0.815,316,1
774,77.400,373.4,672,899,0.807,321,1
774,77.400,470.7,600,899,0.918,302,1
774,77.400,564.3,540,895,0.922,1,1
774,77.400,657.7,468,891,0.915,301,1
774,77.400,750.8,408,895,0.914,312,1
774,77.400,845.6,516,891,0.872,313,1
774,77.400,940.0,708,847,0.617,325,1
775,77.500,289.5,744,887,0.797,316,1
775,77.500,373.7,568,903,0.778,321,1
775,77.500,471.4,600,899,0.914,302,1
775,77.500,564.4,536,895,0.921,1,1
775,77.500,658.4,468,887,0.915,301,1
775,77.500,750.9,408,899,0.920,312,1
775,77.500,845.8,460,887,0.887,313,1
775,77.500,938.6,716,875,0.814,325,1
776,77.600,291.7,744,895,0.606,316,1
776,77.600,378.2,632,915,0.656,321,1
776,77.600,470.2,608,899,0.928,302,1
776,77.600,561.3,552,907,0.933,1,1
776,77.600,653.8,480,903,0.915,301,1
776,77.600,746.5,508,907,0.927,312,1
776,77.600,840.5,612,871,0.868,313,1
776,77.600,936.0,700,875,0.547,325,1
777,77.700,295.2,676,883,0.569,316,1
777,77.700,382.3,612,907,0.607,321,1
777,77.700,471.2,608,899,0.879,302,1
777,77.700,562.4,548,903,0.925,1,1
777,77.700,655.6,544,899,0.890,301,1
777,77.700,747.5,532,895,0.892,312,1
777,77.700,845.7,596,879,0.804,313,1
777,77.700,933.2,536,875,0.799,325,1
778,77.800,293.0,704,883,0.587,316,1
778,77.800,382.7,636,899,0.601,321,1
778,77.800,473.0,600,907,0.643,302,1
778,77.800,564.3,540,899,0.878,1,1
778,77.800,660.1,484,899,0.911,301,1
778,77.800,750.6,536,895,0.937,312,1
778,77.800,844.2,584,875,0.878,313,1
778,77.800,934.3,664,879,0.857,325,1
779,77.900,198.3,736,879,0.609,326,1
779,77.900,287.7,624,891,0.628,316,1
779,77.900,381.2,652,907,0.622,321,1
779,77.900,472.9,604,895,0.863,302,1
779,77.900,564.7,544,895,0.901,1,1
779,77.900,661.0,596,895,0.925,301,1
779,77.900,752.0,544,875,0.896,312,1
779,77.900,841.0,588,871,0.770,313,1
779,77.900,938.2,736,855,0.781,325,1
780,78.000,286.1,688,875,0.900,316,1
780,78.000,375.4,684,895,0.829,321,1
780,78.000,469.0,604,883,0.933,302,1
780,78.000,561.7,620,879,0.915,1,1
780,78.000,658.9,600,883,0.904,301,1
780,78.000,747.7,636,875,0.911,312,1
780,78.000,841.0,608,879,0.910,313,1
780,78.000,934.0,748,867,0.891,325,1
781,78.100,291.3,664,887,0.877,316,1
781,78.100,378.4,568,887,0.867,321,1
781,78.100,469.8,600,887,0.907,302,1
781,78.100,563.8,628,879,0.905,1,1
781,78.100,660.1,596,887,0.913,301,1
781,78.100,750.7,640,875,0.903,312,1
781,78.100,845.0,600,879,0.877,313,1
781,78.100,935.4,684,867,0.863,325,1
782,78.200,205.4,676,875,0.649,326,1
782,78.200,293.4,720,875,0.854,316,1
782,78.200,380.3,576,871,0.892,321,1
782,78.200,473.6,608,875,0.932,302,1
782,78.200,566.7,648,871,0.892,1,1
782,78.200,662.1,616,883,0.907,301,1
782,78.200,753.8,544,875,0.924,312,1
782,78.200,844.5,616,875,0.822,313,1
782,78.200,937.2,724,855,0.585,325,1
783,78.300,200.0,712,875,0.612,326,1
783,78.300,293.4,604,871,0.885,316,1
783,78.300,382.8,560,859,0.859,321,1
783,78.300,472.4,600,871,0.914,302,1
783,78.300,566.0,644,875,0.905,1,1
783,78.300,661.4,592,891,0.928,301,1
783,78.300,754.1,660,887,0.932,312,1
783,78.300,847.7,708,859,0.663,313,1
784,78.400,203.2,684,859,0.635,326,1
784,78.400,291.3,612,851,0.802,316,1
784,78.400,380.0,560,855,0.744,321,1
784,78.400,474.5,600,851,0.913,302,1
784,78.400,565.2,540,867,0.876,1,1
784,78.400,661.8,596,887,0.871,301,1
784,78.400,750.9,672,887,0.928,312,1
785,78.500,207.0,644,843,0.612,326,1
785,78.500,290.7,624,839,0.848,316,1
785,78.500,382.4,596,847,0.897,321,1
785,78.500,473.3,592,847,0.930,302,1
785,78.500,564.8,540,863,0.892,1,1
785,78.500,661.0,596,879,0.877,301,1
785,78.500,750.4,668,871,0.928,312,1
785,78.500,845.1,636,811,0.559,313,1
786,78.600,200.7,664,823,0.528,326,1
786,78.600,286.2,608,843,0.896,316,1
786,78.600,386.0,560,843,0.857,321,1
786,78.600,471.6,576,847,0.903,302,1
786,78.600,564.5,544,859,0.910,1,1
786,78.600,657.3,584,859,0.917,301,1
786,78.600,751.7,580,851,0.914,312,1
787,78.700,188.1,540,819,0.899,326,1
787,78.700,282.5,556,711,0.772,316,1
787,78.700,371.9,528,835,0.919,321,1
787,78.700,466.3,488,847,0.890,302,1
787,78.700,559.8,536,859,0.903,1,1
787,78.700,650.8,604,879,0.908,301,1
787,78.700,746.8,636,863,0.919,312,1
787,78.700,840.9,708,827,0.609,313,1
788,78.800,282.2,604,807,0.908,316,1
788,78.800,372.2,428,835,0.926,321,1
788,78.800,463.1,460,843,0.913,302,1
788,78.800,557.8,532,863,0.922,1,1
788,78.800,649.6,600,887,0.929,301,1
788,78.800,745.8,632,867,0.898,312,1
788,78.800,838.6,708,835,0.745,313,1
789,78.900,195.6,724,819,0.439,326,1
789,78.900,276.6,596,811,0.902,316,1
789,78.900,372.0,424,843,0.936,321,1
789,78.900,463.5,456,851,0.908,302,1
789,78.900,556.1,528,867,0.920,1,1
789,78.900,649.4,600,899,0.943,301,1
789,78.900,745.6,668,871,0.887,312,1
789,78.900,839.0,704,839,0.865,313,1
789,78.900,1018.0,540,747,0.635,327,0
790,79.000,275.5,604,827,0.863,316,1
790,79.000,369.9,504,839,0.919,321,1
790,79.000,465.0,468,847,0.902,302,1
790,79.000,557.6,528,863,0.921,1,1
790,79.000,651.3,596,891,0.929,301,1
790,79.000,746.9,672,863,0.847,312,1
790,79.000,841.5,704,827,0.582,313,1
790,79.000,1014.9,688,799,0.488,327,0
791,79.100,280.1,704,815,0.517,316,1
791,79.100,371.5,648,851,0.705,321,1
791,79.100,465.2,592,859,0.820,302,1
791,79.100,558.0,552,875,0.916,1,1
791,79.100,651.4,712,887,0.911,301,1
791,79.100,748.1,668,859,0.915,312,1
791,79.100,846.4,752,843,0.802,313,1
791,79.100,1028.5,784,859,0.761,327,0
792,79.200,278.9,688,823,0.667,316,1
792,79.200,372.1,688,855,0.796,321,1
792,79.200,466.0,592,867,0.891,302,1
792,79.200,558.0,560,879,0.919,1,1
792,79.200,650.9,712,883,0.902,301,1
792,79.200,746.3,688,863,0.908,312,1
792,79.200,843.4,680,851,0.885,313,1
792,79.200,935.2,476,823,0.703,328,0
792,79.200,1026.8,764,843,0.531,327,0
793,79.300,278.1,652,843,0.587,316,1
793,79.300,370.2,688,855,0.886,321,1
793,79.300,464.0,492,871,0.893,302,1
793,79.300,558.9,664,879,0.883,1,1
793,79.300,651.4,716,883,0.823,301,1
793,79.300,747.6,700,867,0.904,312,1
793,79.300,843.4,684,855,0.674,313,1
793,79.300,937.5,628,827,0.594,328,0
794,79.400,287.2,756,851,0.533,316,1
794,79.400,369.0,704,847,0.759,321,1
794,79.400,463.3,484,875,0.897,302,1
794,79.400,558.5,636,879,0.885,1,1
794,79.400,653.6,736,879,0.747,301,1
794,79.400,747.0,708,867,0.888,312,1
794,79.400,843.9,564,863,0.737,313,1
794,79.400,938.9,616,859,0.705,328,0
795,79.500,97.6,804,859,0.422,329,0
795,79.500,277.3,764,867,0.715,316,1
795,79.500,371.4,708,863,0.785,321,1
795,79.500,463.3,488,891,0.805,302,1
795,79.500,557.6,648,887,0.888,1,1
795,79.500,655.7,644,883,0.650,301,1
795,79.500,748.9,768,875,0.614,312,1
795,79.500,843.3,536,867,0.670,313,1
795,79.500,944.4,712,779,0.403,328,0
796,79.600,179.4,740,875,0.608,330,1
796,79.600,276.5,772,883,0.620,316,1
796,79.600,364.1,716,887,0.630,321,1
796,79.600,459.0,480,903,0.650,302,1
796,79.600,555.3,608,891,0.901,1,1
796,79.600,653.5,644,887,0.855,301,1
796,79.600,748.2,700,883,0.907,312,1
796,79.600,847.1,552,871,0.891,313,1
797,79.700,92.8,780,855,0.462,329,0
797,79.700,179.4,712,879,0.609,330,1
797,79.700,279.2,776,875,0.598,316,1
797,79.700,366.1,700,871,0.714,321,1
797,79.700,463.7,484,903,0.674,302,1
797,79.700,557.5,660,895,0.877,1,1
797,79.700,656.2,692,891,0.815,301,1
797,79.700,750.8,816,879,0.527,312,1
797,79.700,850.4,548,871,0.633,313,1
798,79.800,180.0,720,879,0.610,330,1
798,79.800,275.9,780,875,0.602,316,1
798,79.800,367.9,756,871,0.612,321,1
798,79.800,462.9,508,899,0.714,302,1
798,79.800,558.4,668,895,0.861,1,1
798,79.800,654.7,644,891,0.750,301,1
798,79.800,848.4,552,867,0.614,313,1
799,79.900,179.1,608,879,0.626,330,1
799,79.900,271.0,760,883,0.612,316,1
799,79.900,365.6,752,875,0.702,321,1
799,79.900,462.8,612,895,0.698,302,1
799,79.900,558.5,660,891,0.867,1,1
799,79.900,658.0,720,887,0.769,301,1
799,79.900,753.3,768,875,0.609,312,1
799,79.900,846.4,640,875,0.811,313,1
799,79.900,1053.4,588,823,0.597,331,0
800,80.000,175.6,504,879,0.627,330,1
800,80.000,266.9,776,887,0.601,316,1
800,80.000,366.4,692,879,0.624,321,1
800,80.000,464.4,604,899,0.620,302,1
800,80.000,557.9,656,891,0.901,1,1
800,80.000,657.2,652,887,0.908,301,1
800,80.000,756.1,728,871,0.596,312,1
800,80.000,845.4,744,875,0.900,313,1
800,80.000,1047.7,604,843,0.890,331,0
801,80.100,171.6,484,883,0.619,330,1
801,80.100,266.1,768,895,0.603,316,1
801,80.100,365.1,636,887,0.653,321,1
801,80.100,458.8,528,891,0.693,302,1
801,80.100,556.8,644,887,0.918,1,1
801,80.100,659.6,716,887,0.900,301,1
801,80.100,755.2,696,867,0.872,312,1
801,80.100,847.5,772,871,0.873,313,1
801,80.100,1048.6,736,831,0.418,331,0
802,80.200,177.0,484,723,0.576,330,1
802,80.200,265.5,732,887,0.647,316,1
802,80.200,364.1,764,867,0.628,321,1
802,80.200,456.7,608,883,0.707,302,1
802,80.200,557.0,600,887,0.888,1,1
802,80.200,658.5,684,887,0.837,301,1
802,80.200,754.1,496,875,0.934,312,1
802,80.200,850.0,744,859,0.860,313,1
803,80.300,265.3,564,875,0.769,316,1
803,80.300,363.8,712,867,0.791,321,1
803,80.300,454.2,696,875,0.821,302,1
803,80.300,558.6,664,887,0.890,1,1
803,80.300,658.9,716,891,0.867,301,1
803,80.300,755.2,500,867,0.915,312,1
803,80.300,847.9,728,859,0.552,313,1
804,80.400,270.6,780,875,0.601,316,1
804,80.400,362.1,732,867,0.606,321,1
804,80.400,456.5,676,887,0.758,302,1
804,80.400,558.0,680,891,0.903,1,1
804,80.400,656.5,720,899,0.899,301,1
804,80.400,760.2,704,875,0.899,312,1
805,80.500,258.6,560,875,0.873,316,1
805,80.500,348.3,716,879,0.911,321,1
805,80.500,455.3,604,891,0.886,302,1
805,80.500,553.2,648,891,0.932,1,1
805,80.500,654.6,704,903,0.920,301,1
805,80.500,760.5,676,887,0.932,312,1
805,80.500,858.4,768,867,0.633,313,1
806,80.600,260.7,564,863,0.906,316,1
806,80.600,352.7,716,875,0.915,321,1
806,80.600,455.7,672,875,0.884,302,1
806,80.600,556.3,576,883,0.929,1,1
806,80.600,657.3,684,891,0.906,301,1
806,80.600,760.5,588,875,0.919,312,1
807,80.700,62.4,628,847,0.854,332,0
807,80.700,157.4,672,787,0.466,333,0
807,80.700,261.3,548,879,0.925,316,1
807,80.700,349.7,568,891,0.915,321,1
807,80.700,456.3,620,875,0.928,302,1
807,80.700,559.0,652,883,0.915,1,1
807,80.700,661.0,684,883,0.896,301,1
807,80.700,766.6,592,855,0.906,312,1
808,80.800,62.5,612,851,0.818,332,0
808,80.800,259.3,424,871,0.906,316,1
808,80.800,349.9,620,895,0.924,321,1
808,80.800,457.4,720,883,0.903,302,1
808,80.800,556.3,576,883,0.919,1,1
808,80.800,660.0,656,883,0.690,301,1
808,80.800,769.6,596,863,0.920,312,1
809,80.900,257.6,680,859,0.896,316,1
809,80.900,349.6,708,887,0.892,321,1
809,80.900,450.3,732,875,0.887,302,1
809,80.900,554.2,568,883,0.909,1,1
809,80.900,663.4,700,875,0.602,301,1
809,80.900,769.6,704,871,0.913,312,1
809,80.900,882.0,468,735,0.916,334,1
810,81.000,352.9,700,887,0.895,321,1
810,81.000,451.1,676,875,0.868,302,1
810,81.000,561.5,568,883,0.911,1,1
810,81.000,681.2,412,831,0.898,335,1
810,81.000,773.4,688,855,0.916,312,1
810,81.000,887.3,472,823,0.917,334,1
811,81.100,149.4,724,891,0.753,336,0
811,81.100,355.8,608,879,0.873,321,1
811,81.100,563.4,536,871,0.909,1,1
811,81.100,677.6,504,855,0.416,335,1
811,81.100,775.8,712,863,0.895,312,1
811,81.100,890.9,476,835,0.905,334,1
812,81.200,350.8,612,855,0.882,321,1
812,81.200,562.4,648,871,0.918,1,1
812,81.200,680.9,656,791,0.445,335,1
812,81.200,900.2,564,819,0.529,334,1
813,81.300,360.2,600,867,0.573,321,1
813,81.300,562.6,656,871,0.903,1,1
813,81.300,899.7,596,823,0.829,334,1
813,81.300,1018.5,628,819,0.541,337,1
814,81.400,566.7,656,871,0.913,1,1
814,81.400,691.4,520,627,0.496,335,1
814,81.400,902.9,708,783,0.639,334,1
814,81.400,1020.6,636,811,0.561,337,1
815,81.500,354.0,492,703,0.660,321,1
815,81.500,564.7,584,871,0.905,1,1
815,81.500,906.3,696,811,0.826,334,1
815,81.500,1019.6,600,795,0.890,337,1
816,81.600,348.7,488,839,0.858,321,1
816,81.600,565.1,568,875,0.923,1,1
816,81.600,695.8,544,687,0.462,335,1
816,81.600,904.8,684,831,0.638,334,1
816,81.600,1025.6,596,879,0.913,337,1
817,81.700,350.1,480,847,0.892,321,1
817,81.700,564.3,556,875,0.913,1,1
817,81.700,689.1,548,843,0.845,335,1
817,81.700,808.3,636,731,0.472,338,0
817,81.700,1024.0,620,783,0.519,337,1
818,81.800,235.3,612,823,0.749,339,0
818,81.800,352.5,484,747,0.908,321,1
818,81.800,567.0,588,875,0.923,1,1
818,81.800,683.6,596,775,0.415,335,1
819,81.900,229.6,600,815,0.771,339,0
819,81.900,346.1,500,691,0.638,321,1
819,81.900,565.4,632,875,0.924,1,1
819,81.900,694.9,512,859,0.783,335,1
820,82.000,563.2,668,879,0.912,1,1
820,82.000,691.7,532,859,0.829,335,1
821,82.100,563.0,660,875,0.911,1,1
821,82.100,692.1,528,871,0.925,335,1
821,82.100,805.8,624,743,0.466,340,1
822,82.200,100.8,624,763,0.907,341,0
822,82.200,221.6,600,811,0.436,339,0
822,82.200,437.3,680,783,0.796,342,1
822,82.200,565.8,572,875,0.917,1,1
822,82.200,695.2,540,871,0.918,335,1
823,82.300,439.0,676,847,0.788,342,1
823,82.300,564.2,548,879,0.927,1,1
823,82.300,695.4,532,879,0.913,335,1
823,82.300,814.8,644,783,0.547,340,1
824,82.400,440.0,568,867,0.880,342,1
824,82.400,564.0,564,879,0.916,1,1
824,82.400,695.5,544,883,0.905,335,1
824,82.400,826.9,768,871,0.538,340,1
825,82.500,101.2,496,723,0.410,341,0
825,82.500,436.0,560,875,0.902,342,1
825,82.500,563.6,632,883,0.907,1,1
825,82.500,694.7,544,887,0.933,335,1
825,82.500,823.6,660,891,0.923,340,1
825,82.500,961.3,744,851,0.722,343,0
826,82.600,437.4,552,875,0.923,342,1
826,82.600,564.2,644,887,0.899,1,1
826,82.600,695.3,656,891,0.916,335,1
826,82.600,824.6,656,895,0.931,340,1
826,82.600,962.5,760,883,0.739,343,0
827,82.700,309.5,724,815,0.556,344,1
827,82.700,435.1,652,871,0.900,342,1
827,82.700,564.1,604,883,0.924,1,1
827,82.700,694.6,640,887,0.918,335,1
827,82.700,825.3,668,891,0.919,340,1
827,82.700,956.7,748,839,0.674,343,0
828,82.800,307.6,636,871,0.619,344,1
828,82.800,431.4,664,879,0.794,342,1
828,82.800,565.7,656,887,0.919,1,1
828,82.800,694.0,648,891,0.919,335,1
828,82.800,827.1,664,887,0.893,340,1
829,82.900,294.0,656,879,0.869,344,1
829,82.900,426.1,604,891,0.907,342,1
829,82.900,557.9,640,903,0.913,1,1
829,82.900,691.7,632,911,0.895,335,1
829,82.900,815.4,668,891,0.880,340,1
830,83.000,297.8,660,887,0.862,344,1
830,83.000,429.2,548,895,0.901,342,1
830,83.000,560.6,648,907,0.905,1,1
830,83.000,693.8,608,923,0.913,335,1
830,83.000,819.3,680,859,0.731,340,1
831,83.100,296.9,660,803,0.831,344,1
831,83.100,430.5,540,879,0.915,342,1
831,83.100,559.6,576,899,0.909,1,1
831,83.100,691.1,632,919,0.902,335,1
831,83.100,812.3,656,827,0.567,340,1
831,83.100,890.1,344,483,0.589,345,1
831,83.100,1017.7,472,819,0.606,346,0
832,83.200,433.7,548,875,0.863,342,1
832,83.200,562.2,560,895,0.918,1,1
832,83.200,694.0,764,911,0.895,335,1
832,83.200,1019.2,604,831,0.649,346,0
833,83.300,429.1,548,887,0.843,342,1
833,83.300,560.6,564,895,0.913,1,1
833,83.300,692.0,680,915,0.883,335,1
833,83.300,1018.6,604,835,0.442,346,0
834,83.400,429.0,528,875,0.694,342,1
834,83.400,561.6,676,883,0.914,1,1
834,83.400,695.1,752,903,0.901,335,1
834,83.400,893.5,696,835,0.828,345,1
835,83.500,429.7,532,843,0.726,342,1
835,83.500,561.6,672,875,0.902,1,1
835,83.500,693.6,776,887,0.870,335,1
835,83.500,893.0,576,847,0.887,345,1
836,83.600,326.6,756,815,0.474,347,1
836,83.600,445.7,608,847,0.787,348,1
836,83.600,558.4,644,863,0.909,1,1
836,83.600,686.2,752,859,0.843,335,1
836,83.600,792.1,740,855,0.835,349,0
836,83.600,893.7,620,859,0.900,345,1
837,83.700,333.1,720,823,0.409,347,1
837,83.700,438.7,544,839,0.852,348,1
837,83.700,557.8,640,863,0.911,1,1
837,83.700,683.8,752,855,0.774,335,1
837,83.700,788.0,716,851,0.795,349,0
837,83.700,892.4,716,863,0.881,345,1
838,83.800,230.7,732,815,0.513,350,1
838,83.800,339.9,736,839,0.612,347,1
838,83.800,437.1,548,843,0.676,348,1
838,83.800,556.5,640,855,0.912,1,1
838,83.800,675.9,732,855,0.861,335,1
838,83.800,784.2,704,855,0.720,349,0
838,83.800,891.6,704,871,0.893,345,1
839,83.900,99.6,624,827,0.626,351,0
839,83.900,230.2,700,847,0.629,350,1
839,83.900,336.1,700,847,0.615,347,1
839,83.900,446.4,560,847,0.702,348,1
839,83.900,558.2,664,863,0.899,1,1
839,83.900,673.3,744,863,0.891,335,1
839,83.900,762.3,472,807,0.919,352,1
839,83.900,893.9,644,875,0.926,345,1
840,84.000,96.3,612,859,0.638,351,0
840,84.000,228.4,640,855,0.627,350,1
840,84.000,344.3,764,851,0.510,347,1
840,84.000,446.9,532,847,0.630,348,1
840,84.000,557.3,648,863,0.907,1,1
840,84.000,671.5,736,863,0.887,335,1
840,84.000,780.2,728,863,0.841,349,0
840,84.000,888.4,728,867,0.869,345,1
841,84.100,229.9,676,851,0.631,350,1
841,84.100,342.5,644,851,0.623,347,1
841,84.100,440.1,536,847,0.832,348,1
841,84.100,557.3,656,867,0.903,1,1
841,84.100,668.7,712,867,0.903,335,1
841,84.100,769.2,616,859,0.892,352,1
842,84.200,231.0,616,855,0.643,350,1
842,84.200,355.2,716,831,0.805,347,1
842,84.200,455.5,744,847,0.845,353,1
842,84.200,557.7,668,867,0.904,1,1
842,84.200,670.1,736,871,0.900,335,1
842,84.200,766.8,620,859,0.769,352,1
842,84.200,880.1,744,867,0.523,345,1
843,84.300,230.1,604,859,0.642,350,1
843,84.300,355.8,700,851,0.732,347,1
843,84.300,450.2,560,855,0.854,353,1
843,84.300,557.2,540,871,0.891,1,1
843,84.300,670.0,736,871,0.904,335,1
843,84.300,763.1,612,863,0.887,352,1
843,84.300,871.9,732,871,0.702,345,1
843,84.300,973.3,668,859,0.595,354,0
844,84.400,230.6,580,855,0.646,350,1
844,84.400,353.3,716,855,0.823,347,1
844,84.400,455.9,736,859,0.839,353,1
844,84.400,557.9,556,875,0.891,1,1
844,84.400,671.4,660,875,0.898,335,1
844,84.400,759.5,612,867,0.895,352,1
844,84.400,872.1,784,875,0.680,345,1
844,84.400,973.9,688,871,0.741,354,0
845,84.500,32.0,768,847,0.502,355,0
845,84.500,217.4,484,835,0.892,350,1
845,84.500,349.5,644,867,0.886,347,1
845,84.500,450.6,544,875,0.862,353,1
845,84.500,552.4,560,875,0.907,1,1
845,84.500,665.5,620,875,0.894,335,1
845,84.500,761.5,616,883,0.924,352,1
845,84.500,863.9,704,875,0.877,345,1
846,84.600,221.4,484,843,0.825,350,1
846,84.600,350.8,636,875,0.874,347,1
846,84.600,455.0,596,879,0.916,353,1
846,84.600,553.6,572,875,0.917,1,1
846,84.600,665.3,520,879,0.885,335,1
846,84.600,763.1,616,887,0.915,352,1
846,84.600,866.4,692,871,0.808,345,1
847,84.700,248.5,628,839,0.500,356,1
847,84.700,351.8,620,875,0.878,347,1
847,84.700,455.1,548,879,0.889,353,1
847,84.700,554.4,564,879,0.908,1,1
847,84.700,661.3,584,883,0.910,335,1
847,84.700,764.4,624,895,0.914,352,1
847,84.700,857.4,436,895,0.908,345,1
847,84.700,1053.9,604,883,0.748,357,0
848,84.800,151.5,692,855,0.607,358,0
848,84.800,351.8,612,871,0.816,347,1
848,84.800,460.5,616,879,0.871,353,1
848,84.800,556.0,544,879,0.906,1,1
848,84.800,665.6,592,883,0.905,335,1
848,84.800,764.5,596,891,0.907,352,1
848,84.800,859.4,436,895,0.912,345,1
848,84.800,961.0,696,871,0.403,359,0
848,84.800,1055.7,604,879,0.744,357,0
849,84.900,149.7,676,879,0.680,358,0
849,84.900,263.1,744,875,0.579,356,1
849,84.900,350.2,616,867,0.896,347,1
849,84.900,460.9,616,887,0.886,353,1
849,84.900,555.6,556,887,0.893,1,1
849,84.900,660.3,600,887,0.925,335,1
849,84.900,764.3,680,891,0.917,352,1
849,84.900,854.1,424,891,0.900,345,1
849,84.900,1054.6,724,871,0.794,357,0
850,85.000,149.6,680,875,0.691,358,0
850,85.000,262.7,740,879,0.622,356,1
850,85.000,353.7,612,871,0.790,347,1
850,85.000,461.4,600,887,0.851,353,1
850,85.000,555.5,600,887,0.900,1,1
850,85.000,656.2,576,883,0.922,335,1
850,85.000,765.0,664,887,0.905,352,1
850,85.000,861.0,544,883,0.880,345,1
851,85.100,263.1,704,883,0.627,356,1
851,85.100,357.1,612,867,0.736,347,1
851,85.100,462.8,632,891,0.834,353,1
851,85.100,556.8,660,887,0.880,1,1
851,85.100,662.6,620,883,0.931,335,1
851,85.100,765.7,688,883,0.897,352,1
851,85.100,856.9,556,879,0.876,345,1
852,85.200,267.6,680,895,0.595,356,1
852,85.200,355.4,596,871,0.782,347,1
852,85.200,461.9,576,887,0.858,353,1
852,85.200,555.2,656,887,0.881,1,1
852,85.200,657.0,480,883,0.908,335,1
852,85.200,757.7,672,879,0.904,352,1
852,85.200,852.3,552,879,0.898,345,1
853,85.300,272.2,784,883,0.581,356,1
853,85.300,357.6,484,867,0.851,347,1
853,85.300,459.7,596,883,0.820,353,1
853,85.300,554.9,672,883,0.862,1,1
853,85.300,658.3,620,883,0.874,335,1
853,85.300,755.1,672,887,0.901,352,1
853,85.300,849.6,700,883,0.917,345,1
853,85.300,940.2,464,679,0.598,360,1
854,85.400,60.5,656,855,0.600,361,0
854,85.400,265.1,768,891,0.592,356,1
854,85.400,352.4,472,867,0.795,347,1
854,85.400,459.4,700,879,0.845,353,1
854,85.400,555.8,660,883,0.886,1,1
854,85.400,656.5,476,883,0.860,335,1
854,85.400,750.8,552,891,0.909,352,1
854,85.400,847.9,548,883,0.901,345,1
854,85.400,945.0,476,843,0.890,360,1
855,85.500,63.3,612,867,0.686,361,0
855,85.500,265.7,680,903,0.583,356,1
855,85.500,361.3,476,871,0.893,347,1
855,85.500,458.6,544,875,0.879,353,1
855,85.500,556.1,644,883,0.893,1,1
855,85.500,656.0,572,883,0.921,335,1
855,85.500,754.0,648,891,0.880,352,1
855,85.500,850.7,740,883,0.906,345,1
855,85.500,945.6,500,859,0.594,360,1
856,85.600,63.5,608,871,0.621,361,0
856,85.600,263.2,604,899,0.623,356,1
856,85.600,364.6,476,875,0.699,347,1
856,85.600,463.1,548,875,0.894,353,1
856,85.600,557.2,652,879,0.895,1,1
856,85.600,656.3,584,887,0.912,335,1
856,85.600,753.5,544,891,0.904,352,1
856,85.600,852.2,736,875,0.905,345,1
856,85.600,946.0,744,831,0.727,360,1
857,85.700,263.2,564,883,0.668,356,1
857,85.700,368.0,628,867,0.787,347,1
857,85.700,458.9,592,871,0.891,353,1
857,85.700,557.0,660,883,0.888,1,1
857,85.700,657.1,568,895,0.905,335,1
857,85.700,753.0,548,895,0.918,352,1
857,85.700,850.9,608,875,0.900,345,1
857,85.700,944.0,732,879,0.880,360,1
857,85.700,1029.2,560,867,0.849,362,0
858,85.800,268.4,552,887,0.632,356,1
858,85.800,372.2,644,867,0.628,347,1
858,85.800,463.5,644,871,0.858,353,1
858,85.800,556.0,656,879,0.888,1,1
858,85.800,655.9,488,899,0.901,335,1
858,85.800,753.1,676,891,0.902,352,1
858,85.800,848.3,716,879,0.898,345,1
858,85.800,945.8,740,879,0.876,360,1
858,85.800,1026.8,548,867,0.838,362,0
859,85.900,269.6,552,879,0.650,356,1
859,85.900,369.9,680,867,0.775,347,1
859,85.900,464.0,644,871,0.838,353,1
859,85.900,557.5,652,883,0.866,1,1
859,85.900,658.4,480,899,0.914,335,1
859,85.900,751.4,536,895,0.922,352,1
859,85.900,848.3,724,879,0.902,345,1
859,85.900,942.8,728,875,0.721,360,1
859,85.900,1035.2,792,871,0.657,362,0
860,86.000,179.2,736,883,0.603,363,0
860,86.000,271.4,552,891,0.623,356,1
860,86.000,373.5,668,863,0.715,347,1
860,86.000,466.5,712,867,0.885,353,1
860,86.000,557.5,656,879,0.866,1,1
860,86.000,659.7,472,899,0.927,335,1
860,86.000,751.7,480,891,0.890,352,1
860,86.000,847.6,760,883,0.889,345,1
861,86.100,180.6,696,879,0.622,363,0
861,86.100,269.7,552,879,0.802,356,1
861,86.100,371.7,692,871,0.645,347,1
861,86.100,468.9,696,879,0.717,353,1
861,86.100,557.6,652,891,0.818,1,1
861,86.100,655.4,476,895,0.909,335,1
861,86.100,749.0,496,895,0.919,352,1
861,86.100,847.0,752,879,0.897,345,1
862,86.200,178.0,740,871,0.597,363,0
862,86.200,270.6,644,883,0.661,356,1
862,86.200,374.4,688,879,0.629,347,1
862,86.200,470.2,624,883,0.697,353,1
862,86.200,558.4,552,887,0.863,1,1
862,86.200,655.3,488,891,0.922,335,1
862,86.200,746.9,420,895,0.920,352,1
862,86.200,846.2,744,871,0.864,345,1
863,86.300,281.0,736,875,0.604,356,1
863,86.300,375.8,704,875,0.611,347,1
863,86.300,471.1,616,887,0.715,353,1
863,86.300,559.6,552,891,0.884,1,1
863,86.300,656.6,588,891,0.935,335,1
863,86.300,747.2,416,899,0.916,352,1
863,86.300,843.1,652,875,0.832,345,1
864,86.400,284.5,736,875,0.610,356,1
864,86.400,375.7,692,879,0.612,347,1
864,86.400,471.2,596,891,0.659,353,1
864,86.400,562.7,540,891,0.885,1,1
864,86.400,658.0,588,891,0.925,335,1
864,86.400,748.9,424,899,0.922,352,1
864,86.400,842.0,664,871,0.863,345,1
865,86.500,286.6,744,879,0.606,356,1
865,86.500,373.6,700,879,0.609,347,1
865,86.500,471.3,612,891,0.783,353,1
865,86.500,563.6,548,891,0.895,1,1
865,86.500,657.8,596,895,0.920,335,1
865,86.500,751.1,540,899,0.910,352,1
865,86.500,841.4,744,879,0.853,345,1
866,86.600,92.1,552,715,0.577,364,0
866,86.600,287.4,736,879,0.598,356,1
866,86.600,374.6,688,891,0.619,347,1
866,86.600,471.7,600,903,0.699,353,1
866,86.600,563.5,548,895,0.845,1,1
866,86.600,657.6,476,895,0.851,335,1
866,86.600,750.6,412,899,0.912,352,1
866,86.600,839.9,480,887,0.885,345,1
866,86.600,936.1,700,843,0.835,365,1
867,86.700,89.9,548,675,0.575,364,0
867,86.700,289.9,732,887,0.606,356,1
867,86.700,374.4,548,907,0.625,347,1
867,86.700,470.4,604,903,0.826,353,1
867,86.700,564.6,548,895,0.911,1,1
867,86.700,657.6,472,899,0.909,335,1
867,86.700,749.2,412,899,0.908,352,1
867,86.700,838.8,472,883,0.900,345,1
867,86.700,937.3,716,875,0.852,365,1
868,86.800,291.6,732,875,0.579,356,1
868,86.800,375.1,560,919,0.658,347,1
868,86.800,468.5,608,899,0.923,353,1
868,86.800,559.0,544,903,0.924,1,1
868,86.800,652.4,480,907,0.909,335,1
868,86.800,744.2,504,899,0.923,352,1
868,86.800,834.7,596,867,0.800,345,1
868,86.800,932.9,536,631,0.484,365,1
869,86.900,289.6,620,879,0.602,356,1
869,86.900,376.9,572,903,0.606,347,1
869,86.900,468.8,612,907,0.765,353,1
869,86.900,559.9,536,899,0.885,1,1
869,86.900,652.3,556,899,0.869,335,1
869,86.900,744.3,536,887,0.926,352,1
869,86.900,840.1,596,871,0.868,345,1
869,86.900,930.0,552,871,0.724,365,1
870,87.000,286.0,616,879,0.622,356,1
870,87.000,375.6,660,883,0.857,347,1
870,87.000,467.3,596,899,0.885,353,1
870,87.000,557.9,536,891,0.911,1,1
870,87.000,655.4,592,883,0.910,335,1
870,87.000,748.2,552,867,0.922,352,1
870,87.000,838.9,588,863,0.835,345,1
870,87.000,932.6,708,859,0.750,365,1
871,87.100,193.1,724,883,0.443,366,1
871,87.100,284.0,620,891,0.699,356,1
871,87.100,375.4,660,903,0.728,347,1
871,87.100,469.5,596,895,0.921,353,1
871,87.100,561.1,540,891,0.902,1,1
871,87.100,656.0,596,891,0.907,335,1
871,87.100,749.1,540,859,0.915,352,1
871,87.100,838.9,600,867,0.870,345,1
871,87.100,933.8,724,867,0.752,365,1
872,87.200,289.9,652,887,0.862,356,1
872,87.200,376.7,640,879,0.895,347,1
872,87.200,468.0,596,887,0.897,353,1
872,87.200,561.4,592,883,0.921,1,1
872,87.200,657.5,596,883,0.904,335,1
872,87.200,746.5,560,867,0.930,352,1
872,87.200,843.5,608,879,0.889,345,1
872,87.200,934.1,756,875,0.677,365,1
873,87.300,200.5,756,859,0.505,366,1
873,87.300,288.6,736,871,0.855,356,1
873,87.300,376.3,652,871,0.864,347,1
873,87.300,466.9,600,875,0.913,353,1
873,87.300,562.1,648,871,0.903,1,1
873,87.300,658.0,608,875,0.892,335,1
873,87.300,748.5,572,867,0.912,352,1
873,87.300,842.4,608,871,0.818,345,1
873,87.300,935.9,728,859,0.567,365,1
874,87.400,197.8,748,863,0.613,366,1
874,87.400,285.8,624,855,0.853,356,1
874,87.400,374.3,556,855,0.862,347,1
874,87.400,464.6,600,855,0.896,353,1
874,87.400,559.4,644,859,0.891,1,1
874,87.400,653.1,612,871,0.887,335,1
874,87.400,746.0,672,871,0.918,352,1
874,87.400,839.7,740,863,0.748,345,1
875,87.500,191.0,708,855,0.602,366,1
875,87.500,283.4,600,859,0.802,356,1
875,87.500,372.3,648,851,0.859,347,1
875,87.500,463.7,604,859,0.892,353,1
875,87.500,555.5,616,863,0.909,1,1
875,87.500,650.3,576,879,0.902,335,1
875,87.500,744.4,664,875,0.917,352,1
875,87.500,837.4,724,855,0.637,345,1
876,87.600,190.7,684,855,0.608,366,1
876,87.600,278.8,604,859,0.654,356,1
876,87.600,370.0,552,855,0.765,347,1
876,87.600,462.0,600,855,0.875,353,1
876,87.600,553.4,544,867,0.913,1,1
876,87.600,646.9,580,891,0.867,335,1
876,87.600,741.3,616,883,0.929,352,1
876,87.600,833.3,620,859,0.844,345,1
877,87.700,274.9,596,867,0.729,356,1
877,87.700,367.5,556,855,0.814,347,1
877,87.700,458.3,552,855,0.926,353,1
877,87.700,551.6,536,875,0.928,1,1
877,87.700,645.7,564,899,0.865,335,1
877,87.700,740.1,636,887,0.924,352,1
877,87.700,827.4,636,859,0.812,345,1
878,87.800,175.9,548,803,0.892,366,1
878,87.800,275.3,592,823,0.887,356,1
878,87.800,363.1,536,879,0.913,347,1
878,87.800,453.9,496,879,0.934,353,1
878,87.800,547.7,536,895,0.916,1,1
878,87.800,640.8,608,907,0.931,335,1
878,87.800,737.2,664,899,0.910,352,1
878,87.800,827.9,696,875,0.766,345,1
879,87.900,176.8,548,799,0.616,366,1
879,87.900,278.1,600,787,0.864,356,1
879,87.900,365.8,528,883,0.914,347,1
879,87.900,457.0,480,879,0.924,353,1
879,87.900,551.4,524,895,0.927,1,1
879,87.900,644.1,600,907,0.929,335,1
879,87.900,741.2,640,903,0.932,352,1
879,87.900,831.3,676,883,0.862,345,1
880,88.000,278.5,596,871,0.835,356,1
880,88.000,368.4,428,875,0.895,347,1
880,88.000,460.6,468,875,0.913,353,1
880,88.000,552.7,524,891,0.940,1,1
880,88.000,646.1,568,907,0.940,335,1
880,88.000,740.9,632,903,0.932,352,1
880,88.000,831.8,708,879,0.877,345,1
880,88.000,1011.0,532,811,0.757,367,0
881,88.100,185.2,720,863,0.560,366,1
881,88.100,278.8,596,875,0.620,356,1
881,88.100,365.5,420,875,0.720,347,1
881,88.100,459.5,472,879,0.829,353,1
881,88.100,552.4,536,891,0.942,1,1
881,88.100,645.9,584,903,0.936,335,1
881,88.100,742.1,672,899,0.933,352,1
881,88.100,830.9,732,871,0.868,345,1
881,88.100,1016.0,656,839,0.811,367,0
882,88.200,278.2,608,879,0.630,356,1
882,88.200,362.9,524,875,0.773,347,1
882,88.200,458.8,592,879,0.871,353,1
882,88.200,551.4,544,887,0.937,1,1
882,88.200,643.9,600,899,0.917,335,1
882,88.200,740.5,688,891,0.925,352,1
882,88.200,830.0,744,867,0.831,345,1
882,88.200,1022.6,732,859,0.796,367,0
883,88.300,278.2,740,867,0.524,356,1
883,88.300,365.0,668,871,0.758,347,1
883,88.300,461.6,588,879,0.833,353,1
883,88.300,553.4,548,887,0.931,1,1
883,88.300,646.7,600,895,0.932,335,1
883,88.300,743.0,688,887,0.906,352,1
883,88.300,835.4,740,863,0.845,345,1
883,88.300,929.8,492,843,0.483,368,1
883,88.300,1026.8,756,859,0.860,367,0
884,88.400,181.8,692,763,0.410,366,1
884,88.400,276.3,684,867,0.795,356,1
884,88.400,366.2,600,859,0.931,347,1
884,88.400,462.1,556,883,0.863,353,1
884,88.400,553.3,552,887,0.930,1,1
884,88.400,647.2,728,891,0.915,335,1
884,88.400,743.2,712,887,0.927,352,1
884,88.400,838.2,656,867,0.838,345,1
884,88.400,940.0,652,851,0.598,368,1
885,88.500,177.9,712,847,0.650,366,1
885,88.500,277.4,716,875,0.806,356,1
885,88.500,360.2,548,875,0.925,347,1
885,88.500,459.1,488,887,0.890,353,1
885,88.500,550.8,568,887,0.935,1,1
885,88.500,645.9,696,895,0.934,335,1
885,88.500,741.2,700,887,0.927,352,1
885,88.500,836.2,744,875,0.835,345,1
885,88.500,935.5,700,863,0.621,368,1
886,88.600,273.9,736,879,0.657,356,1
886,88.600,363.5,564,879,0.907,347,1
886,88.600,462.5,484,887,0.895,353,1
886,88.600,551.6,640,887,0.921,1,1
886,88.600,647.9,728,891,0.916,335,1
886,88.600,742.0,716,887,0.914,352,1
886,88.600,839.4,748,875,0.875,345,1
886,88.600,934.9,696,879,0.641,368,1
887,88.700,273.4,760,883,0.612,356,1
887,88.700,364.6,640,879,0.906,347,1
887,88.700,461.3,480,891,0.900,353,1
887,88.700,550.9,624,887,0.932,1,1
887,88.700,649.4,688,895,0.921,335,1
887,88.700,745.1,692,883,0.909,352,1
887,88.700,841.9,540,875,0.906,345,1
887,88.700,935.1,712,879,0.775,368,1
888,88.800,179.7,724,871,0.597,366,1
888,88.800,274.2,776,887,0.615,356,1
888,88.800,369.8,680,879,0.908,347,1
888,88.800,461.7,476,895,0.880,353,1
888,88.800,553.1,660,891,0.930,1,1
888,88.800,650.9,720,895,0.909,335,1
888,88.800,743.8,744,883,0.849,352,1
888,88.800,844.3,724,871,0.831,345,1
888,88.800,941.1,728,843,0.489,368,1
889,88.900,86.8,640,863,0.519,369,0
889,88.900,175.2,724,883,0.611,366,1
889,88.900,275.6,776,883,0.610,356,1
889,88.900,365.8,712,887,0.617,347,1
889,88.900,463.2,484,903,0.618,353,1
889,88.900,552.0,624,891,0.926,1,1
889,88.900,651.6,652,895,0.896,335,1
889,88.900,745.5,700,887,0.881,352,1
889,88.900,843.3,564,875,0.887,345,1
890,89.000,85.7,608,759,0.572,369,0
890,89.000,175.0,736,887,0.617,366,1
890,89.000,275.6,680,891,0.610,356,1
890,89.000,364.8,720,887,0.614,347,1
890,89.000,463.2,604,903,0.625,353,1
890,89.000,554.4,668,895,0.894,1,1
890,89.000,651.0,732,895,0.893,335,1
890,89.000,745.1,700,895,0.860,352,1
890,89.000,842.6,748,883,0.895,345,1
891,89.100,173.4,760,887,0.617,366,1
891,89.100,270.6,692,891,0.608,356,1
891,89.100,364.3,720,887,0.614,347,1
891,89.100,461.3,604,903,0.683,353,1
891,89.100,554.0,652,887,0.922,1,1
891,89.100,653.8,704,895,0.891,335,1
891,89.100,749.5,668,891,0.910,352,1
891,89.100,843.2,772,887,0.907,345,1
891,89.100,1051.5,596,835,0.603,370,0
892,89.200,177.6,488,827,0.618,366,1
892,89.200,263.3,648,899,0.601,356,1
892,89.200,365.6,712,891,0.607,347,1
892,89.200,461.4,504,903,0.762,353,1
892,89.200,552.3,644,891,0.934,1,1
892,89.200,653.8,696,903,0.921,335,1
892,89.200,752.0,628,895,0.899,352,1
892,89.200,842.5,772,891,0.928,345,1
892,89.200,1046.8,604,827,0.609,370,0
893,89.300,175.5,484,867,0.626,366,1
893,89.300,260.6,720,899,0.600,356,1
893,89.300,360.2,724,875,0.847,347,1
893,89.300,457.6,624,891,0.903,353,1
893,89.300,551.4,644,891,0.925,1,1
893,89.300,654.9,692,903,0.906,335,1
893,89.300,750.5,480,891,0.926,352,1
893,89.300,840.8,776,883,0.917,345,1
894,89.400,175.5,488,599,0.564,366,1
894,89.400,260.9,724,891,0.614,356,1
894,89.400,356.8,740,887,0.755,347,1
894,89.400,453.6,620,891,0.864,353,1
894,89.400,551.1,640,895,0.929,1,1
894,89.400,651.5,696,911,0.911,335,1
894,89.400,751.4,544,891,0.933,352,1
894,89.400,849.5,724,879,0.895,345,1
895,89.500,266.2,672,891,0.606,356,1
895,89.500,359.2,716,883,0.850,347,1
895,89.500,453.8,632,895,0.877,353,1
895,89.500,553.2,648,895,0.927,1,1
895,89.500,652.8,700,907,0.919,335,1
895,89.500,757.8,612,887,0.933,352,1
896,89.600,268.6,556,887,0.605,356,1
896,89.600,359.0,712,895,0.658,347,1
896,89.600,455.7,616,899,0.825,353,1
896,89.600,551.8,624,899,0.935,1,1
896,89.600,652.4,684,911,0.927,335,1
896,89.600,757.6,636,899,0.937,352,1
896,89.600,859.0,756,871,0.464,345,1
897,89.700,261.6,552,879,0.668,356,1
897,89.700,350.3,724,891,0.780,347,1
897,89.700,453.9,688,891,0.904,353,1
897,89.700,551.8,632,899,0.929,1,1
897,89.700,652.6,676,911,0.920,335,1
897,89.700,758.4,628,895,0.928,352,1
897,89.700,859.0,768,875,0.584,345,1
898,89.800,61.1,716,875,0.608,371,0
898,89.800,261.2,700,887,0.758,356,1
898,89.800,345.4,716,895,0.919,347,1
898,89.800,454.1,660,891,0.928,353,1
898,89.800,550.9,580,899,0.937,1,1
898,89.800,652.7,696,907,0.905,335,1
898,89.800,756.4,656,899,0.928,352,1
899,89.900,60.0,616,883,0.674,371,0
899,89.900,261.0,696,895,0.609,356,1
899,89.900,346.4,712,895,0.932,347,1
899,89.900,453.1,700,891,0.857,353,1
899,89.900,553.4,604,895,0.935,1,1
899,89.900,656.6,704,907,0.910,335,1
899,89.900,760.3,696,895,0.916,352,1
900,90.000,55.1,612,879,0.719,371,0
900,90.000,256.8,684,891,0.645,356,1
900,90.000,344.5,712,899,0.916,347,1
900,90.000,450.0,624,891,0.854,353,1
900,90.000,551.5,632,895,0.930,1,1
900,90.000,657.7,684,899,0.913,335,1
900,90.000,759.6,668,903,0.917,352,1
900,90.000,876.7,464,711,0.714,372,1
901,90.100,253.1,740,883,0.419,356,1
901,90.100,345.7,696,895,0.898,347,1
901,90.100,446.6,640,887,0.857,353,1
901,90.100,551.2,652,891,0.936,1,1
901,90.100,655.9,760,891,0.857,335,1
901,90.100,761.1,736,895,0.895,352,1
901,90.100,879.4,472,739,0.870,372,1
902,90.200,341.6,708,895,0.845,347,1
902,90.200,441.1,708,891,0.873,353,1
902,90.200,548.5,672,899,0.915,1,1
902,90.200,653.6,736,891,0.917,335,1
902,90.200,756.0,716,903,0.916,352,1
902,90.200,867.3,484,871,0.816,372,1
903,90.300,144.5,760,875,0.560,373,0
903,90.300,344.3,716,883,0.893,347,1
903,90.300,444.7,708,883,0.885,353,1
903,90.300,551.4,664,895,0.906,1,1
903,90.300,656.8,752,883,0.885,335,1
903,90.300,760.5,736,883,0.667,352,1
903,90.300,879.4,488,807,0.926,372,1
904,90.400,145.2,748,855,0.727,373,0
904,90.400,348.3,612,887,0.903,347,1
904,90.400,453.8,616,871,0.557,353,1
904,90.400,555.5,640,895,0.919,1,1
904,90.400,677.4,532,859,0.873,374,0
904,90.400,889.7,680,819,0.607,372,1
905,90.500,350.2,604,887,0.843,347,1
905,90.500,454.2,652,775,0.584,353,1
905,90.500,556.5,656,887,0.906,1,1
905,90.500,670.3,708,855,0.406,374,0
906,90.600,346.7,604,811,0.571,347,1
906,90.600,555.4,628,887,0.904,1,1
907,90.700,345.4,620,811,0.539,347,1
907,90.700,555.4,656,883,0.878,1,1
907,90.700,1014.6,612,847,0.843,375,0
908,90.800,346.5,484,807,0.587,347,1
908,90.800,555.5,664,887,0.869,1,1
908,90.800,814.5,404,603,0.609,376,0
908,90.800,1015.8,684,839,0.801,375,0
909,90.900,229.6,784,875,0.525,377,0
909,90.900,353.2,704,771,0.472,347,1
909,90.900,556.1,668,875,0.908,1,1
909,90.900,701.6,712,879,0.438,378,1
910,91.000,554.9,664,875,0.915,1,1
910,91.000,686.8,532,855,0.645,378,1
911,91.100,224.9,628,839,0.481,377,0
911,91.100,369.1,680,759,0.696,379,0
911,91.100,554.7,668,879,0.913,1,1
911,91.100,683.5,536,847,0.602,378,1
912,91.200,554.7,664,883,0.921,1,1
912,91.200,684.0,536,871,0.858,378,1
913,91.300,556.4,656,883,0.905,1,1
913,91.300,686.0,540,883,0.852,378,1
914,91.400,557.6,656,879,0.912,1,1
914,91.400,688.3,548,887,0.882,378,1
914,91.400,805.4,640,791,0.575,380,1
915,91.500,556.0,568,887,0.907,1,1
915,91.500,688.3,548,887,0.895,378,1
916,91.600,431.1,672,883,0.843,381,1
916,91.600,555.1,620,891,0.916,1,1
916,91.600,686.4,536,895,0.915,378,1
916,91.600,819.6,664,875,0.868,380,1
917,91.700,435.6,560,887,0.902,381,1
917,91.700,553.5,640,895,0.934,1,1
917,91.700,687.1,572,899,0.913,378,1
917,91.700,818.2,660,899,0.903,380,1
917,91.700,953.1,776,879,0.874,382,0
918,91.800,428.1,664,883,0.885,381,1
918,91.800,551.2,640,895,0.935,1,1
918,91.800,685.1,668,899,0.916,378,1
918,91.800,816.2,664,899,0.908,380,1
918,91.800,950.8,788,887,0.691,382,0
919,91.900,424.8,664,883,0.904,381,1
919,91.900,555.6,652,895,0.918,1,1
919,91.900,684.9,660,895,0.922,378,1
919,91.900,819.2,676,899,0.909,380,1
920,92.000,295.5,612,883,0.624,383,0
920,92.000,425.2,672,887,0.873,381,1
920,92.000,556.9,664,895,0.919,1,1
920,92.000,687.8,660,907,0.912,378,1
920,92.000,820.5,744,899,0.857,380,1
921,92.100,293.5,660,899,0.762,383,0
921,92.100,424.3,676,899,0.917,381,1
921,92.100,555.1,648,903,0.923,1,1
921,92.100,689.6,680,923,0.889,378,1
922,92.200,291.7,664,899,0.815,383,0
922,92.200,423.9,660,895,0.905,381,1
922,92.200,551.2,640,903,0.938,1,1
922,92.200,688.0,696,927,0.880,378,1
923,92.300,295.4,664,883,0.777,383,0
923,92.300,428.0,560,903,0.900,381,1
923,92.300,553.3,620,907,0.927,1,1
923,92.300,687.5,752,927,0.880,378,1
924,92.400,427.6,648,899,0.812,381,1
924,92.400,555.4,632,907,0.929,1,1
924,92.400,687.3,756,923,0.851,378,1
924,92.400,1010.6,640,839,0.552,384,0
925,92.500,426.6,548,907,0.696,381,1
925,92.500,556.3,676,911,0.922,1,1
925,92.500,689.0,768,915,0.893,378,1
926,92.600,422.3,540,903,0.887,381,1
926,92.600,555.6,676,891,0.919,1,1
926,92.600,686.6,752,903,0.882,378,1
926,92.600,891.0,732,847,0.449,385,1
927,92.700,423.1,536,903,0.750,381,1
927,92.700,550.8,672,895,0.938,1,1
927,92.700,677.5,776,891,0.803,378,1
927,92.700,772.8,676,831,0.552,386,0
927,92.700,882.8,624,851,0.906,385,1
928,92.800,421.7,532,895,0.866,381,1
928,92.800,554.2,636,891,0.937,1,1
928,92.800,678.2,772,863,0.796,378,1
928,92.800,891.3,744,863,0.852,385,1
929,92.900,444.8,644,871,0.802,387,1
929,92.900,555.1,652,887,0.915,1,1
929,92.900,674.9,748,859,0.838,378,1
929,92.900,773.5,688,847,0.832,386,0
929,92.900,890.1,728,871,0.915,385,1
930,93.000,331.4,744,827,0.710,388,1
930,93.000,447.2,744,851,0.791,387,1
930,93.000,555.0,668,875,0.912,1,1
930,93.000,669.1,752,863,0.879,378,1
930,93.000,777.1,696,859,0.785,386,0
930,93.000,887.7,704,879,0.924,385,1
931,93.100,91.8,628,879,0.629,389,0
931,93.100,225.4,764,839,0.470,390,1
931,93.100,334.4,744,839,0.805,388,1
931,93.100,444.8,764,851,0.813,387,1
931,93.100,553.5,656,875,0.928,1,1
931,93.100,666.4,748,867,0.875,378,1
931,93.100,754.6,484,783,0.843,391,1
931,93.100,888.2,716,875,0.918,385,1
932,93.200,99.6,616,871,0.631,389,0
932,93.200,228.6,732,871,0.635,390,1
932,93.200,338.2,728,835,0.811,388,1
932,93.200,443.7,716,847,0.779,387,1
932,93.200,555.1,644,875,0.921,1,1
932,93.200,667.9,748,871,0.868,378,1
932,93.200,774.2,720,863,0.889,386,0
933,93.300,224.6,660,847,0.638,390,1
933,93.300,447.2,680,863,0.737,387,1
933,93.300,554.9,660,883,0.921,1,1
933,93.300,665.1,748,879,0.914,378,1
933,93.300,760.2,624,871,0.907,391,1
934,93.400,220.3,664,835,0.718,390,1
934,93.400,344.0,752,843,0.450,388,1
934,93.400,443.3,560,859,0.842,387,1
934,93.400,553.2,660,883,0.927,1,1
934,93.400,663.4,740,879,0.911,378,1
934,93.400,756.7,620,879,0.922,391,1
934,93.400,872.2,744,863,0.559,392,1
935,93.500,346.4,744,851,0.814,388,1
935,93.500,448.0,744,859,0.813,387,1
935,93.500,553.7,672,887,0.915,1,1
935,93.500,664.1,748,883,0.921,378,1
935,93.500,757.0,628,883,0.932,391,1
935,93.500,874.0,748,875,0.814,392,1
936,93.600,230.6,588,851,0.623,390,1
936,93.600,350.3,728,863,0.651,388,1
936,93.600,457.0,728,875,0.775,387,1
936,93.600,553.8,656,883,0.918,1,1
936,93.600,664.1,708,883,0.875,378,1
936,93.600,757.9,620,883,0.924,391,1
936,93.600,970.3,788,867,0.491,393,0
937,93.700,26.4,788,847,0.430,394,0
937,93.700,228.9,472,863,0.670,390,1
937,93.700,348.4,704,867,0.895,388,1
937,93.700,449.2,688,875,0.909,387,1
937,93.700,552.5,596,883,0.927,1,1
937,93.700,662.1,676,887,0.910,378,1
937,93.700,761.1,672,891,0.931,391,1
937,93.700,863.2,732,871,0.667,392,1
938,93.800,219.3,472,715,0.562,390,1
938,93.800,350.8,712,879,0.885,388,1
938,93.800,452.2,632,887,0.907,387,1
938,93.800,553.6,608,887,0.903,1,1
938,93.800,663.0,600,887,0.903,378,1
938,93.800,762.7,660,899,0.916,391,1
938,93.800,858.3,720,879,0.886,392,1
939,93.900,348.3,664,883,0.830,388,1
939,93.900,452.7,652,887,0.862,387,1
939,93.900,552.6,612,891,0.927,1,1
939,93.900,656.4,480,891,0.914,378,1
939,93.900,761.7,692,899,0.926,391,1
939,93.900,855.2,400,891,0.902,392,1
939,93.900,1053.8,688,871,0.675,395,0
940,94.000,147.6,760,855,0.463,396,0
940,94.000,348.4,632,879,0.840,388,1
940,94.000,454.1,668,887,0.856,387,1
940,94.000,553.1,640,891,0.925,1,1
940,94.000,658.1,648,891,0.914,378,1
940,94.000,762.7,656,899,0.927,391,1
940,94.000,855.7,512,891,0.891,392,1
940,94.000,963.5,692,863,0.562,397,0
940,94.000,1055.3,724,863,0.722,395,0
941,94.100,145.7,740,859,0.582,396,0
941,94.100,258.5,784,871,0.452,398,1
941,94.100,347.6,624,879,0.841,388,1
941,94.100,458.5,684,895,0.832,387,1
941,94.100,553.2,612,891,0.932,1,1
941,94.100,658.7,648,887,0.922,378,1
941,94.100,762.0,692,891,0.932,391,1
941,94.100,857.3,552,879,0.894,392,1
941,94.100,961.0,700,859,0.601,397,0
941,94.100,1050.1,728,867,0.708,395,0
942,94.200,144.6,768,867,0.558,396,0
942,94.200,257.1,740,887,0.627,398,1
942,94.200,348.6,620,887,0.826,388,1
942,94.200,458.9,680,895,0.817,387,1
942,94.200,552.5,668,895,0.922,1,1
942,94.200,654.6,668,887,0.928,378,1
942,94.200,758.9,720,887,0.915,391,1
942,94.200,856.1,712,879,0.897,392,1
943,94.300,254.0,708,899,0.625,398,1
943,94.300,349.4,612,895,0.721,388,1
943,94.300,459.6,676,899,0.772,387,1
943,94.300,552.1,664,895,0.923,1,1
943,94.300,654.3,680,891,0.925,378,1
943,94.300,755.8,704,883,0.908,391,1
943,94.300,851.3,740,879,0.897,392,1
944,94.400,257.3,792,883,0.532,398,1
944,94.400,349.6,600,887,0.687,388,1
944,94.400,458.2,680,895,0.801,387,1
944,94.400,551.9,672,891,0.922,1,1
944,94.400,653.4,628,891,0.919,378,1
944,94.400,754.3,692,883,0.917,391,1
944,94.400,848.8,744,875,0.882,392,1
945,94.500,348.0,500,875,0.868,388,1
945,94.500,456.5,576,883,0.905,387,1
945,94.500,554.6,660,887,0.914,1,1
945,94.500,653.4,560,887,0.923,378,1
945,94.500,752.0,688,887,0.914,391,1
945,94.500,848.4,756,883,0.921,392,1
945,94.500,933.8,476,831,0.635,399,1
946,94.600,266.3,796,895,0.591,398,1
946,94.600,351.0,492,879,0.859,388,1
946,94.600,456.5,676,883,0.897,387,1
946,94.600,554.6,656,887,0.909,1,1
946,94.600,653.1,512,891,0.889,378,1
946,94.600,751.4,684,887,0.899,391,1
946,94.600,848.7,756,887,0.914,392,1
946,94.600,937.6,468,847,0.713,399,1
947,94.700,58.5,616,887,0.622,400,0
947,94.700,260.9,724,903,0.610,398,1
947,94.700,352.2,476,871,0.789,388,1
947,94.700,453.9,572,879,0.901,387,1
947,94.700,551.4,652,887,0.909,1,1
947,94.700,648.9,480,891,0.914,378,1
947,94.700,749.2,684,887,0.890,391,1
947,94.700,847.3,760,875,0.900,392,1
947,94.700,939.2,500,871,0.792,399,1
948,94.800,59.6,612,875,0.616,400,0
948,94.800,261.8,688,899,0.608,398,1
948,94.800,356.9,476,863,0.833,388,1
948,94.800,455.1,580,879,0.914,387,1
948,94.800,553.6,652,887,0.921,1,1
948,94.800,648.9,480,891,0.906,378,1
948,94.800,747.4,684,891,0.873,391,1
948,94.800,849.9,760,871,0.904,392,1
948,94.800,937.5,736,847,0.647,399,1
949,94.900,266.9,760,887,0.602,398,1
949,94.900,359.1,704,863,0.768,388,1
949,94.900,461.6,624,875,0.897,387,1
949,94.900,554.0,656,887,0.921,1,1
949,94.900,653.9,488,895,0.923,378,1
949,94.900,750.3,676,891,0.865,391,1
949,94.900,849.9,760,871,0.859,392,1
949,94.900,941.7,732,875,0.875,399,1
949,94.900,1032.3,592,871,0.442,401,0
950,95.000,267.7,788,883,0.580,398,1
950,95.000,365.3,688,875,0.616,388,1
950,95.000,461.4,676,883,0.747,387,1
950,95.000,554.8,672,887,0.901,1,1
950,95.000,652.9,484,899,0.921,378,1
950,95.000,747.3,664,883,0.890,391,1
950,95.000,847.3,752,875,0.895,392,1
950,95.000,938.9,740,879,0.819,399,1
950,95.000,1025.7,800,875,0.650,401,0
951,95.100,267.6,560,895,0.608,398,1
951,95.100,365.9,628,875,0.650,388,1
951,95.100,454.9,712,879,0.800,387,1
951,95.100,549.9,672,891,0.896,1,1
951,95.100,647.2,476,903,0.930,378,1
951,95.100,744.7,676,883,0.855,391,1
951,95.100,839.6,764,883,0.888,392,1
952,95.200,169.9,764,883,0.436,402,0
952,95.200,271.9,724,891,0.603,398,1
952,95.200,366.4,716,875,0.639,388,1
952,95.200,454.9,708,879,0.844,387,1
952,95.200,553.4,664,887,0.905,1,1
952,95.200,652.2,472,899,0.929,378,1
952,95.200,744.1,516,887,0.874,391,1
952,95.200,842.9,744,879,0.911,392,1
953,95.300,175.3,664,887,0.625,402,0
953,95.300,273.5,724,891,0.614,398,1
953,95.300,371.0,708,879,0.630,388,1
953,95.300,462.3,724,879,0.834,387,1
953,95.300,555.9,676,891,0.897,1,1
953,95.300,653.0,480,899,0.938,378,1
953,95.300,746.3,640,883,0.898,391,1
953,95.300,844.9,744,879,0.899,392,1
954,95.400,175.4,660,891,0.605,402,0
954,95.400,274.1,728,895,0.618,398,1
954,95.400,372.0,716,883,0.628,388,1
954,95.400,462.0,716,883,0.776,387,1
954,95.400,555.9,672,891,0.894,1,1
954,95.400,653.0,484,899,0.928,378,1
954,95.400,747.7,668,887,0.905,391,1
954,95.400,845.6,756,875,0.870,392,1
955,95.500,276.7,736,887,0.601,398,1
955,95.500,371.7,708,883,0.606,388,1
955,95.500,462.9,636,883,0.855,387,1
955,95.500,554.0,568,887,0.930,1,1
955,95.500,650.7,604,891,0.913,378,1
955,95.500,742.8,644,891,0.921,391,1
955,95.500,841.2,700,883,0.887,392,1
956,95.600,92.7,804,863,0.476,403,0
956,95.600,279.8,760,887,0.574,398,1
956,95.600,369.5,700,883,0.684,388,1
956,95.600,464.1,640,883,0.874,387,1
956,95.600,555.0,556,887,0.919,1,1
956,95.600,651.2,600,887,0.917,378,1
956,95.600,742.7,656,891,0.926,391,1
956,95.600,841.5,712,875,0.869,392,1
957,95.700,92.4,756,867,0.598,403,0
957,95.700,279.4,760,887,0.607,398,1
957,95.700,373.3,692,891,0.616,388,1
957,95.700,466.6,620,887,0.884,387,1
957,95.700,557.3,552,891,0.921,1,1
957,95.700,651.1,604,883,0.926,378,1
957,95.700,745.3,620,895,0.912,391,1
957,95.700,841.2,600,883,0.904,392,1
958,95.800,282.1,780,879,0.548,398,1
958,95.800,372.7,672,895,0.624,388,1
958,95.800,467.1,608,899,0.684,387,1
958,95.800,557.8,548,887,0.911,1,1
958,95.800,650.1,480,891,0.922,378,1
958,95.800,743.4,424,895,0.918,391,1
958,95.800,837.5,488,879,0.920,392,1
958,95.800,931.8,708,871,0.866,404,1
959,95.900,281.6,752,883,0.745,398,1
959,95.900,368.0,564,891,0.797,388,1
959,95.900,463.5,608,891,0.901,387,1
959,95.900,555.6,544,887,0.922,1,1
959,95.900,648.5,476,891,0.926,378,1
959,95.900,742.6,440,899,0.935,391,1
959,95.900,837.9,560,871,0.880,392,1
959,95.900,930.9,724,847,0.544,404,1
960,96.000,284.9,728,891,0.631,398,1
960,96.000,373.8,588,899,0.676,388,1
960,96.000,464.9,620,895,0.844,387,1
960,96.000,555.8,600,891,0.922,1,1
960,96.000,649.2,500,891,0.912,378,1
960,96.000,742.4,524,887,0.930,391,1
960,96.000,837.4,612,863,0.678,392,1
960,96.000,922.7,588,839,0.499,404,1
961,96.100,286.2,660,883,0.615,398,1
961,96.100,377.0,632,891,0.618,388,1
961,96.100,465.2,612,891,0.854,387,1
961,96.100,556.0,564,891,0.897,1,1
961,96.100,651.7,580,887,0.904,378,1
961,96.100,743.6,540,891,0.924,391,1
961,96.100,839.3,592,871,0.908,392,1
961,96.100,928.5,556,871,0.902,404,1
962,96.200,282.2,640,879,0.607,398,1
962,96.200,376.2,660,883,0.841,388,1
962,96.200,465.5,616,891,0.913,387,1
962,96.200,555.2,536,887,0.905,1,1
962,96.200,653.6,596,891,0.911,378,1
962,96.200,749.5,648,879,0.930,391,1
962,96.200,837.9,596,867,0.805,392,1
963,96.300,285.5,640,875,0.838,398,1
963,96.300,375.8,584,883,0.907,388,1
963,96.300,466.5,608,887,0.904,387,1
963,96.300,560.0,552,887,0.896,1,1
963,96.300,654.3,608,891,0.902,378,1
963,96.300,748.3,620,879,0.914,391,1
963,96.300,838.7,704,867,0.764,392,1
963,96.300,932.3,712,859,0.599,404,1
964,96.400,283.0,716,871,0.861,398,1
964,96.400,375.9,744,887,0.811,388,1
964,96.400,467.5,576,887,0.897,387,1
964,96.400,560.7,652,887,0.916,1,1
964,96.400,655.3,604,887,0.888,378,1
964,96.400,747.8,664,883,0.917,391,1
964,96.400,838.8,656,875,0.866,392,1
964,96.400,934.0,736,867,0.602,404,1
965,96.500,285.9,712,879,0.893,398,1
965,96.500,376.0,576,883,0.838,388,1
965,96.500,468.9,616,883,0.885,387,1
965,96.500,562.1,664,887,0.900,1,1
965,96.500,655.7,600,883,0.833,378,1
965,96.500,747.4,596,879,0.915,391,1
965,96.500,838.9,624,867,0.782,392,1
966,96.600,200.5,792,863,0.547,405,0
966,96.600,286.2,632,875,0.806,398,1
966,96.600,375.5,644,871,0.801,388,1
966,96.600,468.9,604,879,0.820,387,1
966,96.600,563.0,660,883,0.864,1,1
966,96.600,655.4,616,887,0.779,378,1
966,96.600,748.0,656,879,0.918,391,1
966,96.600,839.1,660,847,0.613,392,1
967,96.700,200.2,756,851,0.563,405,0
967,96.700,283.7,660,847,0.868,398,1
967,96.700,374.8,664,855,0.847,388,1
967,96.700,467.6,612,855,0.895,387,1
967,96.700,559.9,644,867,0.899,1,1
967,96.700,653.8,604,879,0.923,378,1
967,96.700,747.0,664,875,0.913,391,1
968,96.800,286.8,724,831,0.891,398,1
968,96.800,376.3,676,843,0.869,388,1
968,96.800,466.7,616,847,0.913,387,1
968,96.800,561.0,636,859,0.911,1,1
968,96.800,654.3,640,867,0.918,378,1
968,96.800,747.1,724,855,0.869,391,1
969,96.900,286.1,692,827,0.901,398,1
969,96.900,377.3,672,835,0.896,388,1
969,96.900,469.0,604,843,0.930,387,1
969,96.900,561.5,592,855,0.906,1,1
969,96.900,654.8,620,855,0.919,378,1
969,96.900,746.8,692,839,0.871,391,1
970,97.000,195.8,696,827,0.415,405,0
970,97.000,281.9,604,795,0.606,398,1
970,97.000,374.1,548,831,0.930,388,1
970,97.000,465.3,588,835,0.914,387,1
970,97.000,558.7,656,839,0.910,1,1
970,97.000,648.4,572,835,0.927,378,1
970,97.000,745.5,680,819,0.806,391,1
971,97.100,280.6,624,755,0.745,398,1
971,97.100,372.7,536,827,0.940,388,1
971,97.100,463.3,572,835,0.916,387,1
971,97.100,556.1,636,843,0.909,1,1
971,97.100,647.2,620,839,0.932,378,1
971,97.100,743.5,672,799,0.855,391,1
971,97.100,828.1,760,835,0.612,406,0
972,97.200,280.5,724,827,0.513,398,1
972,97.200,371.7,552,827,0.924,388,1
972,97.200,463.4,564,831,0.895,387,1
972,97.200,554.5,544,847,0.903,1,1
972,97.200,646.8,636,839,0.925,378,1
972,97.200,742.8,688,823,0.576,391,1
973,97.300,275.1,632,819,0.837,398,1
973,97.300,369.8,544,827,0.892,388,1
973,97.300,462.1,476,839,0.913,387,1
973,97.300,554.7,532,855,0.918,1,1
973,97.300,646.6,712,867,0.931,378,1
973,97.300,743.5,692,807,0.654,391,1
973,97.300,1017.6,696,799,0.445,407,0
974,97.400,274.4,672,827,0.879,398,1
974,97.400,366.6,652,851,0.899,388,1
974,97.400,460.1,492,851,0.894,387,1
974,97.400,552.6,536,871,0.928,1,1
974,97.400,645.2,672,875,0.923,378,1
974,97.400,741.1,696,823,0.900,391,1
975,97.500,365.3,684,863,0.887,388,1
975,97.500,459.5,596,871,0.860,387,1
975,97.500,551.7,552,883,0.926,1,1
975,97.500,643.7,716,879,0.917,378,1
975,97.500,741.1,708,847,0.875,391,1
975,97.500,842.5,696,827,0.478,408,1
976,97.600,274.6,752,859,0.463,398,1
976,97.600,362.8,700,859,0.850,388,1
976,97.600,458.4,600,875,0.886,387,1
976,97.600,551.1,656,883,0.937,1,1
976,97.600,646.8,716,875,0.912,378,1
976,97.600,741.6,712,851,0.766,391,1
976,97.600,834.9,708,831,0.780,408,1
977,97.700,363.3,696,859,0.880,388,1
977,97.700,462.2,560,879,0.905,387,1
977,97.700,551.9,644,883,0.939,1,1
977,97.700,646.5,704,867,0.916,378,1
977,97.700,743.0,708,847,0.743,391,1
977,97.700,842.2,660,839,0.882,408,1
977,97.700,935.6,712,843,0.877,409,0
978,97.800,363.1,684,855,0.900,388,1
978,97.800,461.1,488,879,0.906,387,1
978,97.800,552.0,648,891,0.940,1,1
978,97.800,650.3,656,871,0.924,378,1
978,97.800,741.7,708,851,0.706,391,1
978,97.800,839.0,540,847,0.902,408,1
978,97.800,937.7,748,859,0.881,409,0
979,97.900,276.6,756,863,0.698,398,1
979,97.900,364.2,700,851,0.904,388,1
979,97.900,459.0,484,883,0.906,387,1
979,97.900,553.3,660,887,0.938,1,1
979,97.900,649.9,700,871,0.907,378,1
979,97.900,747.9,692,843,0.619,391,1
979,97.900,841.6,740,839,0.740,408,1
980,98.000,273.4,752,859,0.572,398,1
980,98.000,362.1,712,839,0.867,388,1
980,98.000,457.7,484,879,0.907,387,1
980,98.000,551.0,656,887,0.939,1,1
980,98.000,649.7,708,871,0.870,378,1
980,98.000,745.9,724,855,0.751,391,1
980,98.000,848.0,564,847,0.662,408,1
981,98.100,176.3,744,851,0.467,410,1
981,98.100,271.2,752,859,0.586,398,1
981,98.100,362.6,708,855,0.874,388,1
981,98.100,459.6,480,883,0.894,387,1
981,98.100,551.0,660,887,0.941,1,1
981,98.100,649.4,692,875,0.908,378,1
981,98.100,746.9,740,851,0.606,391,1
981,98.100,848.1,740,851,0.719,408,1
982,98.200,86.6,660,839,0.748,411,0
982,98.200,174.7,736,871,0.652,410,1
982,98.200,274.1,796,867,0.452,398,1
982,98.200,360.6,748,839,0.562,388,1
982,98.200,461.3,492,879,0.897,387,1
982,98.200,551.4,652,887,0.932,1,1
982,98.200,651.0,712,875,0.905,378,1
982,98.200,748.2,724,835,0.473,391,1
982,98.200,848.0,764,851,0.767,408,1
983,98.300,173.5,696,851,0.759,410,1
983,98.300,268.5,768,871,0.745,398,1
983,98.300,361.6,704,847,0.419,388,1
983,98.300,457.3,692,883,0.810,387,1
983,98.300,552.4,672,887,0.930,1,1
983,98.300,649.7,668,879,0.803,378,1
983,98.300,746.7,480,851,0.713,391,1
983,98.300,842.9,780,867,0.828,408,1
983,98.300,1043.5,592,831,0.597,412,0
984,98.400,168.1,608,867,0.800,410,1
984,98.400,262.5,776,879,0.667,398,1
984,98.400,361.1,752,871,0.750,388,1
984,98.400,455.1,544,883,0.863,387,1
984,98.400,550.7,648,887,0.940,1,1
984,98.400,650.3,712,879,0.911,378,1
984,98.400,748.3,728,851,0.805,391,1
984,98.400,841.2,768,871,0.892,408,1
984,98.400,1039.9,608,831,0.672,412,0
985,98.500,170.7,500,855,0.830,410,1
985,98.500,262.3,556,879,0.774,398,1
985,98.500,362.2,672,855,0.907,388,1
985,98.500,456.8,672,875,0.873,387,1
985,98.500,551.3,664,883,0.927,1,1
985,98.500,652.3,712,875,0.878,378,1
985,98.500,751.0,480,823,0.937,391,1
985,98.500,841.3,780,851,0.641,408,1
986,98.600,261.4,736,871,0.872,398,1
986,98.600,361.6,744,851,0.836,388,1
986,98.600,455.2,664,875,0.906,387,1
986,98.600,551.7,656,887,0.925,1,1
986,98.600,654.3,676,883,0.909,378,1
986,98.600,757.8,576,763,0.608,391,1
987,98.700,262.0,704,871,0.858,398,1
987,98.700,360.6,740,847,0.732,388,1
987,98.700,453.9,644,871,0.933,387,1
987,98.700,552.6,656,887,0.912,1,1
987,98.700,653.8,688,887,0.843,378,1
987,98.700,761.4,604,827,0.731,391,1
988,98.800,261.8,624,863,0.891,398,1
988,98.800,355.7,732,859,0.757,388,1
988,98.800,452.1,548,871,0.912,387,1
988,98.800,551.5,644,887,0.920,1,1
988,98.800,655.8,660,879,0.872,378,1
988,98.800,758.7,604,843,0.900,391,1
989,98.900,262.5,564,859,0.896,398,1
989,98.900,356.5,740,855,0.811,388,1
989,98.900,452.5,616,863,0.929,387,1
989,98.900,553.1,652,891,0.925,1,1
989,98.900,655.1,692,875,0.829,378,1
989,98.900,758.3,592,835,0.906,391,1
990,99.000,259.9,532,855,0.822,398,1
990,99.000,352.4,724,863,0.831,388,1
990,99.000,451.6,704,807,0.530,387,1
990,99.000,555.6,640,879,0.905,1,1
990,99.000,759.6,604,831,0.866,391,1
991,99.100,254.7,532,855,0.908,398,1
991,99.100,346.6,728,879,0.890,388,1
991,99.100,450.6,604,811,0.588,387,1
991,99.100,553.5,644,883,0.936,1,1
991,99.100,761.1,592,847,0.907,391,1
992,99.200,56.2,608,815,0.693,413,0
992,99.200,248.6,668,815,0.866,398,1
992,99.200,346.0,728,887,0.886,388,1
992,99.200,448.2,704,843,0.518,387,1
992,99.200,552.4,632,879,0.907,1,1
992,99.200,676.6,404,623,0.580,414,0
992,99.200,762.4,728,839,0.742,391,1
992,99.200,880.9,468,823,0.946,415,1
993,99.300,54.2,616,803,0.677,413,0
993,99.300,251.1,668,807,0.849,398,1
993,99.300,348.2,712,883,0.887,388,1
993,99.300,554.7,592,875,0.898,1,1
993,99.300,675.6,416,763,0.612,414,0
993,99.300,765.5,724,847,0.830,391,1
993,99.300,882.0,472,743,0.920,415,1
994,99.400,349.0,708,871,0.799,388,1
994,99.400,557.0,664,863,0.896,1,1
994,99.400,765.0,724,855,0.783,391,1
994,99.400,882.9,476,831,0.938,415,1
995,99.500,349.3,624,863,0.844,388,1
995,99.500,556.0,660,863,0.884,1,1
995,99.500,879.3,480,831,0.881,415,1
996,99.600,139.6,712,851,0.504,416,0
996,99.600,348.4,616,863,0.835,388,1
996,99.600,555.4,664,867,0.903,1,1
996,99.600,889.9,584,719,0.575,415,1
997,99.700,351.5,644,855,0.795,388,1
997,99.700,556.7,672,867,0.865,1,1
997,99.700,895.1,592,839,0.645,415,1
998,99.800,353.6,712,855,0.601,388,1
998,99.800,556.2,660,871,0.851,1,1
999,99.900,353.3,676,843,0.456,388,1
999,99.900,555.2,656,871,0.911,1,1
999,99.900,686.1,544,823,0.856,417,1
999,99.900,889.4,684,847,0.434,415,1
999,99.900,1016.6,604,819,0.826,418,0
1000,100.000,357.5,488,803,0.553,388,1
1000,100.000,551.8,660,871,0.897,1,1
1000,100.000,679.0,544,787,0.572,417,1
1000,100.000,1017.0,680,795,0.742,418,0
1001,100.100,359.0,480,787,0.517,388,1
1001,100.100,554.2,664,867,0.915,1,1
1001,100.100,691.3,676,847,0.524,417,1
1002,100.200,346.8,476,679,0.602,388,1
1002,100.200,554.8,668,875,0.913,1,1
1002,100.200,683.6,536,843,0.885,417,1
1003,100.300,555.1,664,871,0.910,1,1
1003,100.300,683.4,536,855,0.910,417,1
1004,100.400,552.7,664,871,0.912,1,1
1004,100.400,679.6,536,871,0.881,417,1
1005,100.500,222.3,516,827,0.620,419,0
1005,100.500,555.9,664,875,0.908,1,1
1005,100.500,684.3,536,875,0.891,417,1
1005,100.500,809.2,656,775,0.458,420,1
1006,100.600,557.2,660,871,0.918,1,1
1006,100.600,684.7,544,875,0.886,417,1
1007,100.700,91.4,620,739,0.507,421,0
1007,100.700,432.7,620,815,0.600,422,1
1007,100.700,554.0,576,879,0.928,1,1
1007,100.700,684.4,560,883,0.914,417,1
1007,100.700,809.8,672,835,0.667,420,1
1008,100.800,427.2,648,871,0.888,422,1
1008,100.800,550.3,620,883,0.933,1,1
1008,100.800,681.6,552,883,0.915,417,1
1008,100.800,814.6,668,871,0.895,420,1
1009,100.900,425.7,604,879,0.886,422,1
1009,100.900,550.7,644,887,0.944,1,1
1009,100.900,684.5,672,891,0.914,417,1
1009,100.900,811.8,652,891,0.870,420,1
1009,100.900,950.9,756,851,0.560,423,0
1010,101.000,426.8,632,883,0.849,422,1
1010,101.000,550.5,648,891,0.945,1,1
1010,101.000,685.5,672,891,0.912,417,1
1010,101.000,811.6,660,895,0.871,420,1
1010,101.000,947.9,760,847,0.561,423,0
1011,101.100,426.5,644,879,0.899,422,1
1011,101.100,553.3,648,887,0.924,1,1
1011,101.100,685.7,676,891,0.912,417,1
1011,101.100,813.1,664,895,0.869,420,1
1012,101.200,293.2,664,879,0.775,424,1
1012,101.200,424.7,672,883,0.899,422,1
1012,101.200,554.5,648,891,0.924,1,1
1012,101.200,686.9,676,903,0.894,417,1
1012,101.200,805.9,680,847,0.645,420,1
1013,101.300,292.2,660,879,0.843,424,1
1013,101.300,424.8,668,883,0.906,422,1
1013,101.300,554.2,652,895,0.923,1,1
1013,101.300,686.8,664,903,0.882,417,1
1013,101.300,806.3,680,855,0.748,420,1
1014,101.400,290.8,660,879,0.848,424,1
1014,101.400,422.8,560,879,0.920,422,1
1014,101.400,551.3,644,891,0.936,1,1
1014,101.400,685.2,692,911,0.865,417,1
1015,101.500,292.0,664,871,0.824,424,1
1015,101.500,427.3,660,891,0.897,422,1
1015,101.500,551.1,632,891,0.940,1,1
1015,101.500,685.2,732,911,0.871,417,1
1015,101.500,1009.6,584,811,0.538,425,0
1016,101.600,304.4,672,807,0.466,424,1
1016,101.600,426.2,624,875,0.820,422,1
1016,101.600,551.9,668,895,0.941,1,1
1016,101.600,684.9,768,903,0.891,417,1
1016,101.600,1014.5,636,827,0.751,425,0
1017,101.700,422.0,552,879,0.747,422,1
1017,101.700,552.3,680,895,0.932,1,1
1017,101.700,685.2,772,887,0.900,417,1
1017,101.700,1012.6,724,823,0.519,425,0
1018,101.800,421.4,544,879,0.909,422,1
1018,101.800,554.6,668,867,0.927,1,1
1018,101.800,683.8,752,867,0.872,417,1
1018,101.800,891.3,688,835,0.607,426,1
1019,101.900,422.7,536,863,0.865,422,1
1019,101.900,554.6,664,867,0.926,1,1
1019,101.900,685.6,760,863,0.879,417,1
1019,101.900,882.6,692,839,0.740,426,1
1020,102.000,439.5,528,855,0.637,427,1
1020,102.000,552.1,648,859,0.934,1,1
1020,102.000,671.0,720,855,0.818,417,1
1020,102.000,768.7,484,839,0.792,428,0
1020,102.000,888.3,716,855,0.902,426,1
1021,102.100,323.8,716,819,0.688,429,1
1021,102.100,443.2,552,843,0.690,427,1
1021,102.100,552.8,652,855,0.926,1,1
1021,102.100,667.5,692,855,0.819,417,1
1021,102.100,768.6,484,843,0.803,428,0
1021,102.100,888.1,732,851,0.886,426,1
1022,102.200,293.9,428,487,0.508,430,0
1022,102.200,425.5,548,699,0.739,422,1
1022,102.200,552.1,648,859,0.932,1,1
1022,102.200,668.3,700,851,0.863,417,1
1022,102.200,771.1,480,843,0.843,428,0
1022,102.200,887.6,720,855,0.888,426,1
1023,102.300,90.8,656,831,0.612,431,0
1023,102.300,329.4,704,843,0.593,429,1
1023,102.300,443.4,700,851,0.795,427,1
1023,102.300,551.0,664,863,0.918,1,1
1023,102.300,664.5,708,863,0.900,417,1
1023,102.300,754.3,480,851,0.840,432,1
1023,102.300,884.9,708,855,0.891,426,1
1023,102.300,960.4,440,543,0.585,433,0
1024,102.400,87.1,620,851,0.645,431,0
1024,102.400,220.5,752,839,0.594,434,1
1024,102.400,333.0,724,851,0.694,429,1
1024,102.400,436.0,648,847,0.896,427,1
1024,102.400,549.3,636,863,0.919,1,1
1024,102.400,662.4,720,863,0.921,417,1
1024,102.400,751.9,488,851,0.923,432,1
1024,102.400,877.5,684,851,0.421,426,1
1025,102.500,93.0,624,839,0.611,431,0
1025,102.500,220.8,628,847,0.608,434,1
1025,102.500,332.1,724,851,0.766,429,1
1025,102.500,434.8,544,847,0.865,427,1
1025,102.500,550.5,660,867,0.932,1,1
1025,102.500,660.2,696,867,0.915,417,1
1025,102.500,759.6,620,855,0.936,432,1
1026,102.600,222.5,760,847,0.591,434,1
1026,102.600,334.3,744,855,0.641,429,1
1026,102.600,447.8,752,851,0.758,427,1
1026,102.600,552.6,676,871,0.931,1,1
1026,102.600,662.5,740,871,0.914,417,1
1026,102.600,760.6,636,851,0.916,432,1
1026,102.600,873.5,764,855,0.454,426,1
1027,102.700,224.5,716,843,0.607,434,1
1027,102.700,347.1,728,855,0.667,429,1
1027,102.700,452.4,720,851,0.816,427,1
1027,102.700,551.4,660,871,0.927,1,1
1027,102.700,662.3,680,871,0.910,417,1
1027,102.700,757.1,608,855,0.925,432,1
1027,102.700,874.0,748,855,0.777,426,1
1028,102.800,229.7,624,851,0.614,434,1
1028,102.800,345.9,720,851,0.871,429,1
1028,102.800,447.6,700,855,0.879,427,1
1028,102.800,551.9,664,871,0.895,1,1
1028,102.800,662.9,680,867,0.827,417,1
1028,102.800,754.5,620,855,0.880,432,1
1029,102.900,213.4,472,847,0.666,435,0
1029,102.900,345.6,680,867,0.793,429,1
1029,102.900,447.2,640,859,0.909,427,1
1029,102.900,548.6,640,875,0.919,1,1
1029,102.900,657.3,656,867,0.909,417,1
1029,102.900,759.1,640,871,0.935,432,1
1029,102.900,862.8,724,863,0.827,426,1
1030,103.000,213.7,468,727,0.630,435,0
1030,103.000,347.3,664,871,0.861,429,1
1030,103.000,448.0,616,863,0.926,427,1
1030,103.000,550.3,584,879,0.922,1,1
1030,103.000,659.6,656,871,0.909,417,1
1030,103.000,759.5,628,875,0.932,432,1
1030,103.000,860.1,696,863,0.839,426,1
1031,103.100,213.7,480,607,0.589,435,0
1031,103.100,345.1,640,871,0.917,429,1
1031,103.100,447.6,600,871,0.869,427,1
1031,103.100,550.6,636,875,0.927,1,1
1031,103.100,655.9,588,871,0.916,417,1
1031,103.100,760.1,704,879,0.923,432,1
1031,103.100,855.7,408,875,0.903,426,1
1031,103.100,1048.4,596,863,0.637,436,0
1032,103.200,343.0,624,867,0.892,429,1
1032,103.200,449.2,588,871,0.890,427,1
1032,103.200,548.7,628,879,0.921,1,1
1032,103.200,653.9,596,875,0.925,417,1
1032,103.200,758.9,708,879,0.931,432,1
1032,103.200,853.6,412,883,0.930,426,1
1032,103.200,1049.1,592,859,0.682,436,0
1033,103.300,132.8,728,859,0.589,437,0
1033,103.300,254.0,756,871,0.582,438,1
1033,103.300,342.2,612,863,0.855,429,1
1033,103.300,453.5,644,875,0.878,427,1
1033,103.300,548.5,652,883,0.908,1,1
1033,103.300,651.0,640,875,0.898,417,1
1033,103.300,757.1,712,875,0.943,432,1
1033,103.300,847.3,540,875,0.892,426,1
1034,103.400,138.4,688,867,0.665,437,0
1034,103.400,253.2,736,871,0.660,438,1
1034,103.400,345.4,624,859,0.838,429,1
1034,103.400,454.3,632,871,0.911,427,1
1034,103.400,551.0,660,883,0.916,1,1
1034,103.400,650.1,608,871,0.911,417,1
1034,103.400,756.5,700,875,0.927,432,1
1034,103.400,845.2,544,863,0.891,426,1
1035,103.500,252.8,740,871,0.602,438,1
1035,103.500,344.3,608,867,0.734,429,1
1035,103.500,454.7,588,875,0.800,427,1
1035,103.500,550.6,668,883,0.899,1,1
1035,103.500,651.6,632,871,0.905,417,1
1035,103.500,753.2,708,863,0.881,432,1
1035,103.500,842.8,552,875,0.864,426,1
1036,103.600,254.4,720,875,0.611,438,1
1036,103.600,346.3,600,859,0.768,429,1
1036,103.600,455.3,636,875,0.817,427,1
1036,103.600,550.6,672,883,0.917,1,1
1036,103.600,649.4,492,875,0.900,417,1
1036,103.600,750.0,664,863,0.916,432,1
1036,103.600,844.8,564,871,0.894,426,1
1037,103.700,264.0,792,871,0.486,438,1
1037,103.700,353.4,584,863,0.809,429,1
1037,103.700,453.6,668,871,0.854,427,1
1037,103.700,551.1,664,879,0.899,1,1
1037,103.700,647.4,488,875,0.914,417,1
1037,103.700,748.2,676,871,0.919,432,1
1037,103.700,843.9,736,879,0.865,426,1
1037,103.700,931.1,468,819,0.628,439,1
1038,103.800,57.4,748,831,0.578,440,0
1038,103.800,261.0,784,887,0.562,438,1
1038,103.800,347.4,484,859,0.892,429,1
1038,103.800,453.2,664,867,0.884,427,1
1038,103.800,550.8,656,879,0.908,1,1
1038,103.800,646.6,476,879,0.937,417,1
1038,103.800,752.4,676,871,0.890,432,1
1038,103.800,842.5,732,879,0.911,426,1
1038,103.800,932.0,472,867,0.801,439,1
1039,103.900,56.1,620,859,0.623,440,0
1039,103.900,262.9,564,891,0.716,438,1
1039,103.900,345.2,484,847,0.837,429,1
1039,103.900,453.0,592,863,0.895,427,1
1039,103.900,549.7,652,875,0.918,1,1
1039,103.900,645.2,464,875,0.939,417,1
1039,103.900,744.4,664,875,0.892,432,1
1039,103.900,843.6,744,875,0.883,426,1
1039,103.900,933.3,484,863,0.892,439,1
1040,104.000,257.5,688,883,0.613,438,1
1040,104.000,356.5,612,851,0.890,429,1
1040,104.000,454.0,616,867,0.904,427,1
1040,104.000,549.6,668,879,0.907,1,1
1040,104.000,646.9,484,883,0.935,417,1
1040,104.000,744.6,684,879,0.915,432,1
1040,104.000,844.5,756,867,0.870,426,1
1040,104.000,935.9,724,871,0.578,439,1
1040,104.000,1014.9,536,607,0.513,441,0
1041,104.100,254.5,572,875,0.758,438,1
1041,104.100,358.2,716,855,0.799,429,1
1041,104.100,453.7,644,867,0.904,427,1
1041,104.100,550.4,664,883,0.914,1,1
1041,104.100,647.4,528,887,0.917,417,1
1041,104.100,747.1,696,879,0.866,432,1
1041,104.100,843.6,732,871,0.881,426,1
1041,104.100,937.8,744,863,0.666,439,1
1042,104.200,258.8,560,871,0.681,438,1
1042,104.200,364.1,692,835,0.858,429,1
1042,104.200,455.4,648,863,0.873,427,1
1042,104.200,550.7,668,883,0.893,1,1
1042,104.200,647.0,476,887,0.930,417,1
1042,104.200,747.7,688,875,0.895,432,1
1042,104.200,844.1,756,875,0.850,426,1
1043,104.300,262.3,552,867,0.722,438,1
1043,104.300,364.5,716,831,0.742,429,1
1043,104.300,453.4,640,867,0.884,427,1
1043,104.300,550.4,668,883,0.896,1,1
1043,104.300,646.8,476,887,0.935,417,1
1043,104.300,743.0,672,883,0.928,432,1
1043,104.300,842.5,756,875,0.890,426,1
1044,104.400,171.4,748,875,0.607,442,1
1044,104.400,260.8,620,879,0.724,438,1
1044,104.400,365.5,708,867,0.823,429,1
1044,104.400,461.9,644,867,0.880,427,1
1044,104.400,551.1,664,887,0.895,1,1
1044,104.400,646.6,488,883,0.941,417,1
1044,104.400,742.2,668,887,0.925,432,1
1044,104.400,839.6,724,867,0.768,426,1
1045,104.500,171.0,736,875,0.615,442,1
1045,104.500,267.3,660,883,0.653,438,1
1045,104.500,366.2,720,879,0.663,429,1
1045,104.500,459.3,728,871,0.714,427,1
1045,104.500,552.6,664,883,0.895,1,1
1045,104.500,646.8,496,883,0.939,417,1
1045,104.500,743.2,664,891,0.923,432,1
1045,104.500,840.5,708,871,0.845,426,1
1046,104.600,169.7,748,871,0.613,442,1
1046,104.600,263.0,660,875,0.711,438,1
1046,104.600,364.2,712,867,0.799,429,1
1046,104.600,460.9,644,871,0.858,427,1
1046,104.600,551.9,604,883,0.897,1,1
1046,104.600,647.4,496,883,0.930,417,1
1046,104.600,743.1,520,883,0.922,432,1
1046,104.600,842.4,744,871,0.872,426,1
1047,104.700,168.5,756,851,0.547,442,1
1047,104.700,272.1,740,875,0.614,438,1
1047,104.700,367.6,708,879,0.613,429,1
1047,104.700,461.3,640,875,0.790,427,1
1047,104.700,552.8,552,887,0.918,1,1
1047,104.700,647.9,584,879,0.920,417,1
1047,104.700,743.3,412,883,0.906,432,1
1047,104.700,835.9,648,867,0.863,426,1
1048,104.800,89.1,812,859,0.439,443,0
1048,104.800,176.3,748,851,0.521,442,1
1048,104.800,276.0,768,871,0.607,438,1
1048,104.800,363.4,704,875,0.789,429,1
1048,104.800,461.5,700,875,0.894,427,1
1048,104.800,553.2,548,883,0.930,1,1
1048,104.800,646.8,600,879,0.937,417,1
1048,104.800,740.7,580,887,0.922,432,1
1048,104.800,835.9,692,871,0.898,426,1
1049,104.900,359.7,684,867,0.888,429,1
1049,104.900,457.4,632,879,0.929,427,1
1049,104.900,549.2,540,883,0.941,1,1
1049,104.900,643.4,476,875,0.928,417,1
1049,104.900,736.9,496,867,0.898,432,1
1049,104.900,831.5,580,863,0.888,426,1
1049,104.900,925.0,676,843,0.572,444,1
1050,105.000,282.7,740,871,0.714,438,1
1050,105.000,367.1,588,883,0.799,429,1
1050,105.000,460.8,608,883,0.897,427,1
1050,105.000,553.0,540,887,0.944,1,1
1050,105.000,647.1,476,883,0.925,417,1
1050,105.000,741.2,416,879,0.933,432,1
1050,105.000,837.0,500,871,0.906,426,1
1050,105.000,927.1,704,855,0.870,444,1
1051,105.100,278.4,748,891,0.624,438,1
1051,105.100,372.2,584,895,0.623,429,1
1051,105.100,462.1,604,887,0.806,427,1
1051,105.100,553.6,540,887,0.937,1,1
1051,105.100,645.2,476,883,0.932,417,1
1051,105.100,738.9,416,883,0.918,432,1
1051,105.100,831.5,580,875,0.895,426,1
1051,105.100,928.7,736,851,0.654,444,1
1052,105.200,279.5,696,879,0.607,438,1
1052,105.200,372.1,692,891,0.618,429,1
1052,105.200,461.8,620,887,0.875,427,1
1052,105.200,552.6,548,887,0.938,1,1
1052,105.200,643.4,500,883,0.922,417,1
1052,105.200,739.3,524,879,0.928,432,1
1052,105.200,832.6,608,867,0.915,426,1
1052,105.200,928.5,536,855,0.780,444,1
1053,105.300,276.6,664,859,0.909,438,1
1053,105.300,371.9,636,879,0.860,429,1
1053,105.300,459.5,592,891,0.895,427,1
1053,105.300,551.5,532,891,0.934,1,1
1053,105.300,644.1,552,879,0.931,417,1
1053,105.300,740.5,536,871,0.931,432,1
1053,105.300,831.8,600,855,0.897,426,1
1053,105.300,921.0,684,871,0.656,444,1
1054,105.400,276.9,616,863,0.904,438,1
1054,105.400,369.4,560,879,0.900,429,1
1054,105.400,460.1,600,883,0.867,427,1
1054,105.400,552.7,528,883,0.939,1,1
1054,105.400,647.4,572,879,0.925,417,1
1054,105.400,743.2,552,867,0.924,432,1
1054,105.400,834.2,596,855,0.890,426,1
1054,105.400,930.2,764,859,0.405,444,1
1055,105.500,286.0,704,867,0.783,438,1
1055,105.500,373.5,564,887,0.899,429,1
1055,105.500,462.7,600,891,0.911,427,1
1055,105.500,555.9,556,891,0.923,1,1
1055,105.500,651.6,592,883,0.900,417,1
1055,105.500,745.0,624,879,0.926,432,1
1055,105.500,836.7,640,875,0.918,426,1
1055,105.500,927.5,756,879,0.857,444,1
1056,105.600,279.6,720,883,0.901,438,1
1056,105.600,373.1,668,895,0.916,429,1
1056,105.600,463.1,592,899,0.896,427,1
1056,105.600,556.8,656,899,0.926,1,1
1056,105.600,650.9,608,895,0.923,417,1
1056,105.600,745.1,652,899,0.926,432,1
1056,105.600,838.7,720,883,0.924,426,1
1057,105.700,279.7,736,883,0.909,438,1
1057,105.700,373.1,668,899,0.915,429,1
1057,105.700,463.2,592,899,0.899,427,1
1057,105.700,556.5,660,899,0.923,1,1
1057,105.700,650.9,604,895,0.916,417,1
1057,105.700,744.8,652,895,0.923,432,1
1057,105.700,837.8,716,883,0.914,426,1
1057,105.700,930.4,752,843,0.602,444,1
1058,105.800,191.4,776,867,0.854,445,0
1058,105.800,283.4,700,883,0.892,438,1
1058,105.800,374.5,668,899,0.926,429,1
1058,105.800,465.6,616,895,0.928,427,1
1058,105.800,558.3,652,899,0.917,1,1
1058,105.800,650.9,596,895,0.923,417,1
1058,105.800,745.2,664,895,0.930,432,1
1058,105.800,839.7,740,851,0.502,426,1
1059,105.900,194.8,744,855,0.854,445,0
1059,105.900,284.4,716,871,0.906,438,1
1059,105.900,375.6,668,887,0.917,429,1
1059,105.900,466.1,616,887,0.923,427,1
1059,105.900,557.7,644,899,0.940,1,1
1059,105.900,651.1,604,895,0.930,417,1
1059,105.900,746.6,684,891,0.909,432,1
1060,106.000,196.3,744,843,0.504,445,0
1060,106.000,284.5,736,859,0.907,438,1
1060,106.000,376.9,684,871,0.918,429,1
1060,106.000,466.8,612,875,0.913,427,1
1060,106.000,559.6,644,887,0.905,1,1
1060,106.000,651.2,600,887,0.926,417,1
1060,106.000,747.5,628,871,0.896,432,1
1061,106.100,371.9,648,819,0.650,429,1
1061,106.100,462.1,592,851,0.915,427,1
1061,106.100,555.4,648,851,0.928,1,1
1061,106.100,648.0,700,839,0.922,417,1
1061,106.100,745.8,684,803,0.648,432,1
1062,106.200,373.3,552,827,0.938,429,1
1062,106.200,461.0,588,843,0.920,427,1
1062,106.200,555.3,652,851,0.918,1,1
1062,106.200,648.0,656,843,0.920,417,1
1063,106.300,280.1,692,795,0.545,438,1
1063,106.300,370.5,556,811,0.852,429,1
1063,106.300,462.3,604,827,0.897,427,1
1063,106.300,553.4,648,847,0.930,1,1
1063,106.300,647.2,708,839,0.914,417,1
1064,106.400,274.4,716,823,0.701,438,1
1064,106.400,370.9,684,819,0.773,429,1
1064,106.400,455.4,492,835,0.899,427,1
1064,106.400,549.6,644,855,0.938,1,1
1064,106.400,643.4,728,855,0.881,417,1
1065,106.500,454.2,616,899,0.906,427,1
1065,106.500,544.6,564,903,0.942,1,1
1065,106.500,639.7,724,899,0.886,417,1
1065,106.500,740.5,744,879,0.685,446,0
1066,106.600,357.4,752,875,0.424,429,1
1066,106.600,455.4,616,895,0.906,427,1
1066,106.600,546.0,596,899,0.941,1,1
1066,106.600,641.9,724,895,0.911,417,1
1066,106.600,740.4,740,875,0.690,446,0
1067,106.700,265.3,732,855,0.541,438,1
1067,106.700,456.2,612,891,0.912,427,1
1067,106.700,548.5,664,891,0.936,1,1
1067,106.700,644.1,720,887,0.900,417,1
1068,106.800,455.0,608,899,0.919,427,1
1068,106.800,548.0,616,903,0.944,1,1
1068,106.800,645.9,672,895,0.921,417,1
1068,106.800,741.1,708,879,0.850,446,0
1069,106.900,272.3,772,883,0.645,438,1
1069,106.900,357.0,656,875,0.911,429,1
1069,106.900,455.6,480,903,0.928,427,1
1069,106.900,547.9,664,903,0.929,1,1
1069,106.900,648.1,728,891,0.890,417,1
1069,106.900,745.5,800,879,0.631,446,0
1069,106.900,836.6,772,871,0.873,447,1
1069,106.900,934.0,740,827,0.637,448,0
1070,107.000,270.9,748,887,0.887,438,1
1070,107.000,364.7,700,855,0.908,429,1
1070,107.000,455.6,472,899,0.901,427,1
1070,107.000,550.2,664,899,0.936,1,1
1070,107.000,652.9,736,891,0.887,417,1
1070,107.000,939.4,720,823,0.439,448,0
1071,107.100,269.9,768,891,0.909,438,1
1071,107.100,371.0,744,867,0.707,429,1
1071,107.100,453.3,488,903,0.927,427,1
1071,107.100,549.4,640,903,0.941,1,1
1071,107.100,653.1,676,895,0.905,417,1
1071,107.100,840.0,736,855,0.472,447,1
1072,107.200,270.3,764,879,0.843,438,1
1072,107.200,363.4,724,879,0.848,429,1
1072,107.200,457.8,592,895,0.896,427,1
1072,107.200,549.1,664,895,0.948,1,1
1072,107.200,651.2,716,875,0.800,417,1
1073,107.300,167.7,720,803,0.406,449,0
1073,107.300,358.0,740,851,0.793,429,1
1073,107.300,456.0,728,891,0.877,427,1
1073,107.300,548.1,668,887,0.927,1,1
1073,107.300,652.4,760,871,0.838,417,1
1073,107.300,842.8,772,859,0.880,447,1
1074,107.400,361.9,736,875,0.861,429,1
1074,107.400,453.4,616,895,0.891,427,1
1074,107.400,549.4,648,891,0.938,1,1
1074,107.400,654.6,712,875,0.634,417,1
1074,107.400,841.4,796,859,0.569,447,1
1075,107.500,264.6,768,879,0.831,438,1
1075,107.500,360.7,736,867,0.687,429,1
1075,107.500,457.2,504,891,0.927,427,1
1075,107.500,550.5,624,891,0.948,1,1
1075,107.500,653.0,716,883,0.832,417,1
1075,107.500,842.6,788,855,0.831,447,1
1075,107.500,1048.7,596,807,0.601,450,0
1076,107.600,260.2,752,883,0.880,438,1
1076,107.600,359.7,744,863,0.859,429,1
1076,107.600,457.4,704,883,0.891,427,1
1076,107.600,551.3,652,891,0.919,1,1
1076,107.600,655.2,728,879,0.827,417,1
1076,107.600,748.7,488,803,0.736,451,0
1077,107.700,261.0,760,883,0.865,438,1
1077,107.700,451.9,648,831,0.767,427,1
1077,107.700,551.4,628,895,0.932,1,1
1077,107.700,657.4,700,879,0.752,417,1
1077,107.700,755.3,492,695,0.649,451,0
1078,107.800,263.0,764,879,0.856,438,1
1078,107.800,428.0,644,727,0.408,452,0
1078,107.800,552.0,644,891,0.925,1,1
1078,107.800,653.4,736,871,0.815,417,1
1079,107.900,264.8,724,867,0.847,438,1
1079,107.900,552.0,656,887,0.903,1,1
1079,107.900,657.3,692,843,0.496,417,1
1080,108.000,257.1,696,875,0.562,438,1
1080,108.000,553.0,644,883,0.931,1,1
1081,108.100,552.9,652,883,0.931,1,1
1081,108.100,758.0,636,815,0.467,453,1
1082,108.200,54.3,732,875,0.904,454,0
1082,108.200,347.0,732,887,0.865,455,1
1082,108.200,552.5,652,879,0.926,1,1
1082,108.200,759.1,728,819,0.608,453,1
1083,108.300,56.3,696,855,0.862,454,0
1083,108.300,345.6,732,883,0.910,455,1
1083,108.300,553.0,608,875,0.931,1,1
1083,108.300,661.2,648,763,0.679,456,0
1083,108.300,761.6,708,831,0.590,453,1
1084,108.400,351.7,740,887,0.815,455,1
1084,108.400,555.7,656,851,0.914,1,1
1084,108.400,758.8,708,843,0.475,453,1
1084,108.400,880.5,476,667,0.844,457,0
1085,108.500,352.4,760,875,0.697,455,1
1085,108.500,555.7,648,851,0.917,1,1
1085,108.500,762.2,720,839,0.860,453,1
1085,108.500,881.6,552,671,0.594,457,0
1086,108.600,348.4,728,867,0.708,455,1
1086,108.600,554.0,644,867,0.918,1,1
1086,108.600,763.0,724,847,0.784,453,1
1087,108.700,353.2,720,867,0.646,455,1
1087,108.700,555.5,592,859,0.914,1,1
1087,108.700,765.0,724,855,0.584,453,1
1088,108.800,556.0,668,867,0.915,1,1
1089,108.900,554.5,672,859,0.911,1,1
1090,109.000,553.2,660,863,0.915,1,1
1090,109.000,899.2,764,843,0.493,458,0
1090,109.000,1014.9,740,823,0.414,459,0
1091,109.100,554.2,668,863,0.925,1,1
1092,109.200,555.5,652,863,0.897,1,1
1092,109.200,1016.9,604,839,0.488,459,0
1093,109.300,554.1,668,859,0.922,1,1
1094,109.400,555.5,640,859,0.913,1,1
1094,109.400,689.3,540,851,0.868,460,1
1095,109.500,555.0,660,855,0.923,1,1
1095,109.500,682.2,540,835,0.918,460,1
1096,109.600,555.6,664,863,0.918,1,1
1096,109.600,684.5,540,847,0.909,460,1
1097,109.700,554.8,640,863,0.925,1,1
1097,109.700,683.2,552,855,0.865,460,1
1098,109.800,425.4,688,783,0.438,461,1
1098,109.800,553.6,648,867,0.935,1,1
1098,109.800,680.8,560,843,0.892,460,1
1099,109.900,428.9,680,871,0.911,461,1
1099,109.900,553.0,636,871,0.942,1,1
1099,109.900,687.8,636,871,0.865,460,1
1099,109.900,818.0,760,867,0.449,462,1
1100,110.000,428.4,640,871,0.907,461,1
1100,110.000,553.7,636,875,0.940,1,1
1100,110.000,688.4,668,875,0.913,460,1
1100,110.000,816.6,668,871,0.888,462,1
1101,110.100,428.4,692,871,0.887,461,1
1101,110.100,553.5,648,879,0.937,1,1
1101,110.100,686.5,640,883,0.905,460,1
1101,110.100,813.7,652,883,0.839,462,1
1101,110.100,947.6,764,835,0.542,463,0
1102,110.200,299.7,676,859,0.798,464,0
1102,110.200,424.5,664,863,0.896,461,1
1102,110.200,555.2,636,875,0.922,1,1
1102,110.200,685.0,664,879,0.910,460,1
1102,110.200,816.5,684,879,0.912,462,1
1103,110.300,428.0,668,863,0.899,461,1
1103,110.300,558.9,668,875,0.902,1,1
1103,110.300,687.4,664,879,0.894,460,1
1103,110.300,820.2,668,879,0.802,462,1
1104,110.400,293.5,664,871,0.906,464,0
1104,110.400,426.7,664,867,0.909,461,1
1104,110.400,555.7,660,883,0.907,1,1
1104,110.400,689.7,708,903,0.904,460,1
1104,110.400,820.2,736,863,0.796,462,1
1105,110.500,290.1,664,871,0.898,464,0
1105,110.500,423.1,552,871,0.925,461,1
1105,110.500,552.9,628,883,0.944,1,1
1105,110.500,687.5,708,907,0.866,460,1
1106,110.600,296.1,680,863,0.522,464,0
1106,110.600,427.5,560,867,0.894,461,1
1106,110.600,552.0,640,875,0.920,1,1
1106,110.600,686.1,748,899,0.893,460,1
1107,110.700,429.9,664,859,0.911,461,1
1107,110.700,556.2,608,871,0.923,1,1
1107,110.700,689.2,764,891,0.902,460,1
1108,110.800,426.9,552,859,0.792,461,1
1108,110.800,556.8,588,875,0.924,1,1
1108,110.800,688.1,772,887,0.884,460,1
1109,110.900,429.6,544,871,0.920,461,1
1109,110.900,558.3,668,875,0.930,1,1
1109,110.900,691.1,764,899,0.877,460,1
1110,111.000,423.2,536,847,0.903,461,1
1110,111.000,555.6,656,871,0.923,1,1
1110,111.000,687.5,776,867,0.850,460,1
1111,111.100,447.0,768,843,0.703,465,1
1111,111.100,558.9,664,871,0.921,1,1
1111,111.100,688.7,760,855,0.873,460,1
1111,111.100,889.7,648,811,0.838,466,1
1112,111.200,332.6,752,819,0.413,467,0
1112,111.200,447.7,720,847,0.798,465,1
1112,111.200,557.4,660,871,0.913,1,1
1112,111.200,685.3,788,855,0.620,460,1
1112,111.200,892.9,736,859,0.849,466,1
1113,111.300,334.8,756,831,0.447,467,0
1113,111.300,450.8,728,847,0.775,465,1
1113,111.300,555.6,656,871,0.916,1,1
1113,111.300,676.8,776,859,0.712,460,1
1113,111.300,891.5,724,871,0.885,466,1
1114,111.400,227.6,740,839,0.873,468,1
1114,111.400,335.0,760,843,0.735,467,0
1114,111.400,447.3,752,851,0.819,465,1
1114,111.400,557.7,656,875,0.917,1,1
1114,111.400,674.5,756,867,0.861,460,1
1114,111.400,781.8,764,863,0.810,469,1
1114,111.400,891.0,708,863,0.819,466,1
1115,111.500,95.8,620,815,0.527,470,0
1115,111.500,222.6,736,851,0.793,468,1
1115,111.500,334.7,744,851,0.539,467,0
1115,111.500,448.5,740,851,0.804,465,1
1115,111.500,556.0,664,875,0.916,1,1
1115,111.500,673.6,752,871,0.863,460,1
1115,111.500,783.9,788,867,0.646,469,1
1115,111.500,896.1,764,859,0.551,466,1
1116,111.600,226.5,704,847,0.620,468,1
1116,111.600,449.7,748,855,0.739,465,1
1116,111.600,558.6,676,879,0.905,1,1
1116,111.600,672.1,752,875,0.895,460,1
1116,111.600,776.5,724,863,0.839,469,1
1117,111.700,223.4,628,851,0.629,468,1
1117,111.700,456.2,740,855,0.716,465,1
1117,111.700,557.9,672,883,0.916,1,1
1117,111.700,670.3,756,883,0.909,460,1
1117,111.700,766.6,700,863,0.868,469,1
1117,111.700,876.7,768,867,0.544,471,1
1118,111.800,227.3,652,855,0.667,468,1
1118,111.800,355.2,732,851,0.892,472,1
1118,111.800,455.4,724,863,0.749,465,1
1118,111.800,558.2,668,887,0.914,1,1
1118,111.800,671.6,764,883,0.902,460,1
1118,111.800,765.3,688,863,0.907,469,1
1118,111.800,876.6,768,863,0.710,471,1
1119,111.900,352.0,724,859,0.895,472,1
1119,111.900,458.1,744,871,0.870,465,1
1119,111.900,558.0,632,883,0.911,1,1
1119,111.900,670.5,752,883,0.911,460,1
1119,111.900,760.5,620,875,0.931,469,1
1120,112.000,351.5,716,871,0.910,472,1
1120,112.000,458.9,696,887,0.893,465,1
1120,112.000,556.8,560,887,0.920,1,1
1120,112.000,669.7,736,879,0.912,460,1
1120,112.000,761.8,624,883,0.917,469,1
1121,112.100,353.4,700,883,0.845,472,1
1121,112.100,455.5,692,883,0.828,465,1
1121,112.100,557.1,616,883,0.933,1,1
1121,112.100,668.3,708,883,0.898,460,1
1121,112.100,765.5,620,895,0.933,469,1
1121,112.100,873.4,756,871,0.548,471,1
1122,112.200,346.8,716,879,0.833,472,1
1122,112.200,456.1,664,887,0.789,465,1
1122,112.200,553.4,604,887,0.896,1,1
1122,112.200,658.9,624,887,0.907,460,1
1122,112.200,763.8,712,899,0.926,469,1
1122,112.200,859.1,648,895,0.874,471,1
1122,112.200,1054.5,596,867,0.696,473,0
1123,112.300,347.6,636,879,0.876,472,1
1123,112.300,459.0,676,887,0.833,465,1
1123,112.300,553.4,576,887,0.927,1,1
1123,112.300,660.1,680,887,0.906,460,1
1123,112.300,764.8,720,895,0.930,469,1
1123,112.300,860.2,676,887,0.913,471,1
1123,112.300,957.3,776,867,0.432,474,0
1123,112.300,1055.3,596,871,0.736,473,0
1124,112.400,149.0,784,855,0.526,475,0
1124,112.400,261.3,712,875,0.448,476,1
1124,112.400,350.3,624,879,0.906,472,1
1124,112.400,461.4,632,887,0.885,465,1
1124,112.400,555.9,584,887,0.918,1,1
1124,112.400,662.5,712,887,0.926,460,1
1124,112.400,767.9,724,895,0.915,469,1
1124,112.400,852.5,508,883,0.898,471,1
1124,112.400,960.6,764,863,0.593,474,0
1124,112.400,1056.7,716,867,0.665,473,0
1125,112.500,261.0,736,883,0.645,476,1
1125,112.500,351.9,632,887,0.743,472,1
1125,112.500,462.2,640,891,0.881,465,1
1125,112.500,556.4,656,891,0.901,1,1
1125,112.500,662.9,708,887,0.916,460,1
1125,112.500,767.3,716,895,0.923,469,1
1125,112.500,859.9,544,887,0.903,471,1
1126,112.600,261.3,736,891,0.625,476,1
1126,112.600,355.1,620,891,0.695,472,1
1126,112.600,460.4,636,895,0.838,465,1
1126,112.600,555.9,656,891,0.887,1,1
1126,112.600,659.6,632,887,0.907,460,1
1126,112.600,763.8,744,883,0.896,469,1
1126,112.600,852.6,552,883,0.845,471,1
1127,112.700,354.4,600,879,0.694,472,1
1127,112.700,463.2,688,891,0.768,465,1
1127,112.700,556.7,668,887,0.885,1,1
1127,112.700,659.8,684,883,0.901,460,1
1127,112.700,761.6,716,879,0.898,469,1
1127,112.700,855.1,744,871,0.875,471,1
1128,112.800,271.1,772,883,0.597,476,1
1128,112.800,361.9,604,879,0.772,472,1
1128,112.800,462.1,684,887,0.806,465,1
1128,112.800,557.7,680,883,0.884,1,1
1128,112.800,659.8,684,887,0.895,460,1
1128,112.800,759.3,688,879,0.896,469,1
1128,112.800,853.5,584,879,0.913,471,1
1129,112.900,65.4,756,823,0.492,477,0
1129,112.900,270.4,788,887,0.565,476,1
1129,112.900,359.2,600,875,0.839,472,1
1129,112.900,460.0,696,883,0.838,465,1
1129,112.900,558.8,660,879,0.900,1,1
1129,112.900,660.1,528,887,0.921,460,1
1129,112.900,759.1,688,887,0.926,469,1
1129,112.900,852.6,756,887,0.924,471,1
1129,112.900,933.4,476,703,0.636,478,1
1130,113.000,61.1,616,871,0.649,477,0
1130,113.000,270.2,584,899,0.659,476,1
1130,113.000,348.6,488,863,0.858,472,1
1130,113.000,456.0,552,875,0.884,465,1
1130,113.000,554.9,644,879,0.908,1,1
1130,113.000,657.1,608,891,0.917,460,1
1130,113.000,752.6,668,887,0.909,469,1
1130,113.000,850.9,764,883,0.910,471,1
1130,113.000,938.5,472,847,0.600,478,1
1131,113.100,61.4,608,867,0.625,477,0
1131,113.100,263.7,716,899,0.596,476,1
1131,113.100,360.8,492,863,0.883,472,1
1131,113.100,461.0,620,875,0.885,465,1
1131,113.100,555.6,640,879,0.899,1,1
1131,113.100,659.3,600,891,0.915,460,1
1131,113.100,755.6,684,891,0.894,469,1
1131,113.100,853.7,772,879,0.915,471,1
1131,113.100,943.1,492,863,0.816,478,1
1132,113.200,268.4,776,891,0.595,476,1
1132,113.200,367.7,704,879,0.613,472,1
1132,113.200,462.4,636,879,0.866,465,1
1132,113.200,558.5,672,883,0.872,1,1
1132,113.200,658.1,496,899,0.915,460,1
1132,113.200,758.0,688,887,0.936,469,1
1132,113.200,854.8,756,875,0.902,471,1
1132,113.200,946.9,728,879,0.861,478,1
1133,113.300,272.9,780,879,0.581,476,1
1133,113.300,373.8,688,871,0.627,472,1
1133,113.300,465.7,672,875,0.873,465,1
1133,113.300,558.9,664,887,0.868,1,1
1133,113.300,656.5,484,899,0.890,460,1
1133,113.300,756.5,668,891,0.921,469,1
1133,113.300,852.8,724,875,0.907,471,1
1133,113.300,946.2,736,883,0.886,478,1
1133,113.300,1033.4,548,863,0.828,479,0
1134,113.400,269.0,556,863,0.650,476,1
1134,113.400,366.4,676,863,0.835,472,1
1134,113.400,463.2,640,871,0.872,465,1
1134,113.400,558.8,648,879,0.901,1,1
1134,113.400,656.2,476,895,0.911,460,1
1134,113.400,752.5,556,891,0.908,469,1
1134,113.400,849.7,712,879,0.909,471,1
1134,113.400,947.4,740,871,0.836,478,1
1134,113.400,1034.5,764,871,0.760,479,0
1135,113.500,180.8,720,891,0.633,480,0
1135,113.500,272.0,548,887,0.712,476,1
1135,113.500,370.1,700,867,0.906,472,1
1135,113.500,467.1,640,879,0.855,465,1
1135,113.500,557.8,616,883,0.902,1,1
1135,113.500,656.2,472,899,0.930,460,1
1135,113.500,755.7,632,887,0.880,469,1
1135,113.500,848.2,744,879,0.910,471,1
1135,113.500,1032.6,796,867,0.592,479,0
1136,113.600,181.8,696,883,0.713,480,0
1136,113.600,273.1,556,887,0.841,476,1
1136,113.600,371.4,684,871,0.886,472,1
1136,113.600,471.4,668,879,0.852,465,1
1136,113.600,559.7,600,887,0.885,1,1
1136,113.600,659.5,468,899,0.905,460,1
1136,113.600,756.1,668,887,0.915,469,1
1136,113.600,850.9,748,879,0.911,471,1
1137,113.700,178.2,660,883,0.718,480,0
1137,113.700,280.6,732,883,0.820,476,1
1137,113.700,372.2,708,875,0.892,472,1
1137,113.700,469.8,624,883,0.881,465,1
1137,113.700,558.2,544,887,0.906,1,1
1137,113.700,657.3,476,895,0.936,460,1
1137,113.700,751.2,552,895,0.918,469,1
1137,113.700,852.5,744,879,0.927,471,1
1138,113.800,179.3,664,879,0.587,480,0
1138,113.800,279.7,748,887,0.614,476,1
1138,113.800,371.7,700,879,0.839,472,1
1138,113.800,469.0,620,887,0.919,465,1
1138,113.800,557.5,548,891,0.907,1,1
1138,113.800,655.8,488,895,0.932,460,1
1138,113.800,749.0,548,895,0.912,469,1
1138,113.800,846.7,748,875,0.905,471,1
1139,113.900,94.6,780,867,0.574,481,0
1139,113.900,280.5,752,883,0.595,476,1
1139,113.900,374.8,692,891,0.620,472,1
1139,113.900,468.4,612,891,0.869,465,1
1139,113.900,557.8,548,891,0.906,1,1
1139,113.900,655.3,596,895,0.915,460,1
1139,113.900,746.6,640,895,0.921,469,1
1139,113.900,845.7,696,883,0.900,471,1
1140,114.000,96.9,796,871,0.578,481,0
1140,114.000,281.3,772,879,0.534,476,1
1140,114.000,372.6,688,887,0.734,472,1
1140,114.000,471.4,652,891,0.908,465,1
1140,114.000,561.9,540,891,0.899,1,1
1140,114.000,656.8,604,891,0.927,460,1
1140,114.000,749.7,656,895,0.917,469,1
1140,114.000,846.6,692,883,0.890,471,1
1141,114.100,291.8,748,879,0.832,476,1
1141,114.100,375.3,692,891,0.845,472,1
1141,114.100,470.5,612,895,0.922,465,1
1141,114.100,562.6,544,895,0.910,1,1
1141,114.100,656.1,596,891,0.925,460,1
1141,114.100,750.6,420,891,0.907,469,1
1141,114.100,842.9,572,891,0.893,471,1
1141,114.100,941.6,696,855,0.542,482,1
1142,114.200,288.9,720,895,0.673,476,1
1142,114.200,375.2,564,911,0.777,472,1
1142,114.200,470.8,604,899,0.924,465,1
1142,114.200,563.5,544,903,0.924,1,1
1142,114.200,656.5,476,895,0.917,460,1
1142,114.200,747.8,412,899,0.923,469,1
1142,114.200,842.9,504,863,0.823,471,1
1142,114.200,939.7,732,871,0.433,482,1
1143,114.300,292.6,656,887,0.613,476,1
1143,114.300,377.4,568,911,0.651,472,1
1143,114.300,471.3,608,895,0.903,465,1
1143,114.300,561.9,536,903,0.937,1,1
1143,114.300,655.8,480,899,0.913,460,1
1143,114.300,747.2,524,903,0.926,469,1
1143,114.300,843.8,592,871,0.560,471,1
1143,114.300,936.3,524,875,0.644,482,1
1144,114.400,291.7,688,887,0.594,476,1
1144,114.400,381.1,580,899,0.603,472,1
1144,114.400,471.3,608,899,0.827,465,1
1144,114.400,562.6,544,899,0.898,1,1
1144,114.400,655.7,496,899,0.890,460,1
1144,114.400,748.0,532,895,0.915,469,1
1144,114.400,844.9,592,871,0.864,471,1
1144,114.400,933.1,536,871,0.839,482,1
1145,114.500,287.5,624,891,0.614,476,1
1145,114.500,384.0,652,903,0.609,472,1
1145,114.500,472.2,604,891,0.874,465,1
1145,114.500,564.6,540,891,0.902,1,1
1145,114.500,660.3,564,887,0.916,460,1
1145,114.500,752.1,556,867,0.918,469,1
1145,114.500,842.5,592,867,0.791,471,1
1145,114.500,935.2,696,863,0.744,482,1
1146,114.600,197.5,716,883,0.404,483,1
1146,114.600,286.2,628,887,0.629,476,1
1146,114.600,379.1,660,899,0.620,472,1
1146,114.600,472.6,600,891,0.879,465,1
1146,114.600,564.4,536,891,0.898,1,1
1146,114.600,660.9,584,891,0.929,460,1
1146,114.600,751.3,536,871,0.916,469,1
1146,114.600,842.6,596,863,0.834,471,1
1146,114.600,936.0,704,859,0.761,482,1
1147,114.700,289.1,740,875,0.888,476,1
1147,114.700,379.7,676,879,0.797,472,1
1147,114.700,470.8,604,887,0.927,465,1
1147,114.700,564.5,624,875,0.908,1,1
1147,114.700,661.0,604,883,0.891,460,1
1147,114.700,749.9,552,871,0.915,469,1
1147,114.700,844.9,608,871,0.774,471,1
1147,114.700,937.5,736,859,0.599,482,1
1148,114.800,202.2,704,875,0.609,483,1
1148,114.800,291.5,740,887,0.815,476,1
1148,114.800,377.9,628,875,0.873,472,1
1148,114.800,470.9,608,883,0.926,465,1
1148,114.800,565.2,656,875,0.914,1,1
1148,114.800,661.1,608,883,0.916,460,1
1148,114.800,750.8,532,879,0.906,469,1
1148,114.800,844.7,612,871,0.794,471,1
1148,114.800,937.4,688,855,0.604,482,1
1149,114.900,201.0,732,875,0.606,483,1
1149,114.900,292.2,608,875,0.805,476,1
1149,114.900,379.4,544,871,0.821,472,1
1149,114.900,473.2,612,875,0.933,465,1
1149,114.900,565.5,568,875,0.909,1,1
1149,114.900,660.9,612,887,0.926,460,1
1149,114.900,751.8,552,879,0.904,469,1
1149,114.900,843.2,720,863,0.809,471,1
1150,115.000,201.4,700,871,0.616,483,1
1150,115.000,292.9,608,867,0.872,476,1
1150,115.000,381.2,648,855,0.877,472,1
1150,115.000,472.5,600,867,0.918,465,1
1150,115.000,565.4,600,875,0.888,1,1
1150,115.000,661.1,596,891,0.912,460,1
1150,115.000,752.5,672,887,0.933,469,1
1150,115.000,848.4,700,855,0.565,471,1
1151,115.100,203.7,672,851,0.613,483,1
1151,115.100,292.6,608,855,0.657,476,1
1151,115.100,380.6,548,855,0.677,472,1
1151,115.100,473.2,588,851,0.828,465,1
1151,115.100,564.6,540,867,0.887,1,1
1151,115.100,661.1,596,883,0.870,460,1
1151,115.100,749.6,672,883,0.935,469,1
1151,115.100,842.2,608,839,0.595,471,1
1152,115.200,287.9,604,847,0.850,476,1
1152,115.200,381.9,568,847,0.886,472,1
1152,115.200,471.4,572,847,0.906,465,1
1152,115.200,564.0,540,859,0.887,1,1
1152,115.200,659.4,584,863,0.818,460,1
1152,115.200,750.2,660,859,0.918,469,1
1153,115.300,198.1,556,771,0.559,483,1
1153,115.300,281.7,600,851,0.858,476,1
1153,115.300,382.7,548,839,0.900,472,1
1153,115.300,469.8,584,843,0.919,465,1
1153,115.300,562.9,548,855,0.908,1,1
1153,115.300,655.3,580,855,0.907,460,1
1153,115.300,751.4,596,851,0.902,469,1
1153,115.300,841.8,644,815,0.409,471,1
1154,115.400,182.6,548,811,0.852,484,0
1154,115.400,283.5,604,791,0.489,476,1
1154,115.400,371.3,532,839,0.922,472,1
1154,115.400,463.2,484,843,0.906,465,1
1154,115.400,558.2,528,859,0.915,1,1
1154,115.400,648.5,604,883,0.920,460,1
1154,115.400,744.4,656,859,0.911,469,1
1154,115.400,834.1,740,823,0.529,471,1
1155,115.500,278.0,608,783,0.866,476,1
1155,115.500,371.3,488,835,0.923,472,1
1155,115.500,462.6,460,843,0.914,465,1
1155,115.500,555.4,532,863,0.918,1,1
1155,115.500,648.6,604,887,0.916,460,1
1155,115.500,743.3,568,867,0.884,469,1
1155,115.500,837.6,712,835,0.853,471,1
1155,115.500,1017.4,532,759,0.826,485,0
1156,115.600,276.0,608,839,0.886,476,1
1156,115.600,366.9,536,847,0.896,472,1
1156,115.600,463.3,468,851,0.892,465,1
1156,115.600,555.4,536,871,0.927,1,1
1156,115.600,649.3,604,895,0.926,460,1
1156,115.600,745.3,676,871,0.909,469,1
1156,115.600,841.0,748,835,0.504,471,1
1157,115.700,278.2,604,843,0.829,476,1
1157,115.700,369.0,536,847,0.919,472,1
1157,115.700,462.8,468,851,0.913,465,1
1157,115.700,554.9,528,867,0.937,1,1
1157,115.700,650.4,708,887,0.923,460,1
1157,115.700,746.8,672,863,0.896,469,1
1157,115.700,840.2,768,839,0.564,471,1
1158,115.800,277.6,696,831,0.818,476,1
1158,115.800,369.7,684,851,0.851,472,1
1158,115.800,465.3,604,855,0.894,465,1
1158,115.800,556.1,552,871,0.927,1,1
1158,115.800,650.5,716,883,0.918,460,1
1158,115.800,744.9,672,863,0.918,469,1
1158,115.800,844.0,736,839,0.818,471,1
1158,115.800,1025.9,780,855,0.718,485,0
1159,115.900,369.9,616,855,0.691,472,1
1159,115.900,463.3,604,863,0.868,465,1
1159,115.900,557.0,556,875,0.919,1,1
1159,115.900,649.7,716,887,0.858,460,1
1159,115.900,745.8,708,867,0.890,469,1
1159,115.900,842.4,732,851,0.644,471,1
1160,116.000,282.2,692,843,0.736,476,1
1160,116.000,369.8,580,855,0.904,472,1
1160,116.000,464.1,512,867,0.897,465,1
1160,116.000,556.8,556,879,0.917,1,1
1160,116.000,650.9,728,883,0.846,460,1
1160,116.000,745.4,712,867,0.896,469,1
1160,116.000,842.0,720,855,0.721,471,1
1160,116.000,940.8,604,827,0.587,486,0
1161,116.100,277.6,752,859,0.742,476,1
1161,116.100,368.4,700,855,0.848,472,1
1161,116.100,462.8,484,883,0.879,465,1
1161,116.100,556.6,664,883,0.896,1,1
1161,116.100,652.4,640,883,0.776,460,1
1161,116.100,747.0,676,875,0.625,469,1
1161,116.100,840.9,536,863,0.819,471,1
1161,116.100,938.2,708,867,0.745,486,0
1162,116.200,277.6,764,867,0.725,476,1
1162,116.200,369.1,696,859,0.900,472,1
1162,116.200,463.8,480,883,0.872,465,1
1162,116.200,556.7,668,887,0.903,1,1
1162,116.200,652.8,636,879,0.825,460,1
1162,116.200,746.3,708,875,0.807,469,1
1162,116.200,839.7,540,871,0.815,471,1
1162,116.200,937.6,712,871,0.745,486,0
1163,116.300,85.9,596,767,0.596,487,0
1163,116.300,178.9,732,875,0.611,488,1
1163,116.300,275.9,780,875,0.614,476,1
1163,116.300,365.8,712,875,0.624,472,1
1163,116.300,460.3,480,899,0.626,465,1
1163,116.300,553.8,624,887,0.930,1,1
1163,116.300,650.2,656,887,0.905,460,1
1163,116.300,746.6,700,879,0.881,469,1
1163,116.300,844.7,556,867,0.887,471,1
1164,116.400,87.1,572,863,0.628,487,0
1164,116.400,178.3,724,883,0.614,488,1
1164,116.400,274.2,780,879,0.612,476,1
1164,116.400,364.1,704,879,0.701,472,1
1164,116.400,463.1,500,903,0.719,465,1
1164,116.400,555.8,664,895,0.907,1,1
1164,116.400,654.1,712,891,0.844,460,1
1164,116.400,846.6,588,875,0.688,471,1
1165,116.500,89.1,592,719,0.486,487,0
1165,116.500,178.1,700,879,0.616,488,1
1165,116.500,275.6,784,879,0.603,476,1
1165,116.500,365.6,716,871,0.705,472,1
1165,116.500,462.6,512,899,0.811,465,1
1165,116.500,558.1,672,899,0.891,1,1
1165,116.500,656.2,648,887,0.731,460,1
1165,116.500,750.5,804,875,0.597,469,1
1165,116.500,850.0,552,863,0.635,471,1
1166,116.600,174.6,624,879,0.615,488,1
1166,116.600,269.1,784,883,0.607,476,1
1166,116.600,366.9,716,883,0.620,472,1
1166,116.600,462.2,608,899,0.617,465,1
1166,116.600,557.1,660,891,0.905,1,1
1166,116.600,656.6,656,887,0.900,460,1
1166,116.600,748.2,708,875,0.682,469,1
1166,116.600,845.6,764,879,0.870,471,1
1166,116.600,1044.9,600,843,0.773,489,0
1167,116.700,175.5,488,883,0.619,488,1
1167,116.700,266.2,760,891,0.630,476,1
1167,116.700,364.0,688,879,0.763,472,1
1167,116.700,460.9,508,887,0.890,465,1
1167,116.700,555.7,644,887,0.914,1,1
1167,116.700,655.8,676,887,0.901,460,1
1167,116.700,753.4,676,863,0.793,469,1
1167,116.700,844.2,740,879,0.908,471,1
1167,116.700,1047.0,616,843,0.911,489,0
1168,116.800,175.2,476,883,0.617,488,1
1168,116.800,264.4,716,895,0.616,476,1
1168,116.800,361.9,704,887,0.707,472,1
1168,116.800,458.8,600,899,0.659,465,1
1168,116.800,556.2,652,891,0.915,1,1
1168,116.800,657.6,712,887,0.910,460,1
1168,116.800,755.2,496,867,0.869,469,1
1168,116.800,845.1,776,871,0.888,471,1
1169,116.900,174.7,484,767,0.631,488,1
1169,116.900,264.4,740,887,0.695,476,1
1169,116.900,363.0,736,875,0.805,472,1
1169,116.900,455.4,648,883,0.791,465,1
1169,116.900,556.9,652,887,0.917,1,1
1169,116.900,658.4,728,891,0.878,460,1
1169,116.900,754.7,684,867,0.907,469,1
1169,116.900,850.5,740,859,0.834,471,1
1170,117.000,269.1,784,879,0.605,476,1
1170,117.000,360.1,712,871,0.731,472,1
1170,117.000,453.3,672,883,0.795,465,1
1170,117.000,556.7,680,891,0.914,1,1
1170,117.000,655.4,704,895,0.845,460,1
1170,117.000,759.1,764,863,0.634,469,1
1171,117.100,263.6,548,875,0.679,476,1
1171,117.100,353.6,708,883,0.746,472,1
1171,117.100,454.5,656,879,0.891,465,1
1171,117.100,555.1,648,891,0.912,1,1
1171,117.100,655.0,688,903,0.916,460,1
1171,117.100,760.6,664,879,0.905,469,1
1171,117.100,851.4,704,847,0.509,471,1
1172,117.200,270.9,744,855,0.584,476,1
1172,117.200,357.2,748,851,0.675,472,1
1172,117.200,455.9,688,879,0.887,465,1
1172,117.200,556.3,664,887,0.912,1,1
1172,117.200,655.2,732,899,0.900,460,1
1172,117.200,759.8,696,883,0.886,469,1
1172,117.200,858.9,648,799,0.537,471,1
1173,117.300,63.7,716,863,0.749,490,0
1173,117.300,256.6,592,875,0.897,476,1
1173,117.300,349.2,720,887,0.922,472,1
1173,117.300,453.7,696,879,0.904,465,1
1173,117.300,557.1,556,883,0.922,1,1
1173,117.300,657.9,728,887,0.907,460,1
1173,117.300,763.2,608,867,0.889,469,1
1174,117.400,61.9,616,855,0.777,490,0
1174,117.400,258.3,548,879,0.907,476,1
1174,117.400,347.9,716,891,0.917,472,1
1174,117.400,452.6,720,875,0.889,465,1
1174,117.400,556.1,556,883,0.899,1,1
1174,117.400,660.0,728,887,0.866,460,1
1174,117.400,763.9,592,871,0.860,469,1
1175,117.500,59.0,608,787,0.705,490,0
1175,117.500,255.9,548,851,0.859,476,1
1175,117.500,348.3,708,891,0.907,472,1
1175,117.500,450.6,752,879,0.866,465,1
1175,117.500,554.2,628,883,0.911,1,1
1175,117.500,660.9,716,875,0.790,460,1
1175,117.500,767.4,696,871,0.902,469,1
1175,117.500,887.1,472,819,0.891,491,1
1176,117.600,260.2,704,847,0.885,476,1
1176,117.600,350.6,708,887,0.898,472,1
1176,117.600,452.7,720,879,0.908,465,1
1176,117.600,556.3,576,883,0.893,1,1
1176,117.600,772.3,712,863,0.915,469,1
1176,117.600,887.3,468,827,0.929,491,1
1177,117.700,352.1,600,875,0.894,472,1
1177,117.700,452.0,628,863,0.855,465,1
1177,117.700,559.2,640,875,0.892,1,1
1177,117.700,772.2,708,859,0.912,469,1
1177,117.700,888.1,480,835,0.932,491,1
1178,117.800,148.1,764,899,0.586,492,0
1178,117.800,353.6,608,871,0.882,472,1
1178,117.800,451.4,688,851,0.422,465,1
1178,117.800,559.6,616,875,0.907,1,1
1178,117.800,674.1,688,823,0.794,460,1
1178,117.800,771.2,712,859,0.901,469,1
1178,117.800,884.1,476,831,0.900,491,1
1179,117.900,354.5,588,851,0.899,472,1
1179,117.900,560.4,624,875,0.917,1,1
1179,117.900,895.6,712,831,0.716,491,1
1180,118.000,370.3,740,875,0.625,493,0
1180,118.000,563.8,612,867,0.903,1,1
1180,118.000,896.8,552,819,0.727,491,1
1181,118.100,352.0,588,867,0.635,472,1
1181,118.100,564.1,592,875,0.925,1,1
1181,118.100,899.8,616,847,0.825,491,1
1181,118.100,1017.4,688,771,0.818,494,0
1182,118.200,351.0,488,711,0.684,472,1
1182,118.200,568.5,576,871,0.911,1,1
1182,118.200,901.8,696,839,0.611,491,1
1182,118.200,1019.2,604,867,0.869,494,0
1183,118.300,350.8,496,723,0.846,472,1
1183,118.300,563.1,656,867,0.870,1,1
1183,118.300,1027.0,608,783,0.831,494,0
1184,118.400,235.8,700,855,0.721,495,0
1184,118.400,347.4,572,723,0.762,472,1
1184,118.400,563.3,644,875,0.916,1,1
1184,118.400,794.2,680,775,0.505,496,0
1184,118.400,1021.4,596,783,0.667,494,0
1185,118.500,235.0,616,827,0.760,495,0
1185,118.500,347.7,484,731,0.849,472,1
1185,118.500,566.2,596,875,0.916,1,1
1185,118.500,694.2,564,779,0.453,497,1
1186,118.600,230.0,604,803,0.545,495,0
1186,118.600,359.1,488,707,0.595,472,1
1186,118.600,566.5,576,875,0.916,1,1
1186,118.600,692.4,520,855,0.703,497,1
1187,118.700,562.3,652,879,0.895,1,1
1187,118.700,691.8,532,863,0.913,497,1
1188,118.800,559.7,652,875,0.896,1,1
1188,118.800,688.1,532,867,0.882,497,1
1189,118.900,100.6,628,755,0.798,498,0
1189,118.900,329.8,664,823,0.468,499,0
1189,118.900,434.8,676,815,0.842,500,1
1189,118.900,564.2,536,875,0.920,1,1
1189,118.900,695.5,540,875,0.904,497,1
1189,118.900,808.1,652,735,0.419,501,0
1190,119.000,101.1,620,755,0.858,498,0
1190,119.000,442.1,716,859,0.865,500,1
1190,119.000,564.0,548,883,0.924,1,1
1190,119.000,696.5,544,879,0.887,497,1
1191,119.100,100.9,592,763,0.594,498,0
1191,119.100,439.0,612,871,0.893,500,1
1191,119.100,564.4,620,879,0.924,1,1
1191,119.100,694.6,536,883,0.909,497,1
1191,119.100,825.9,640,871,0.864,502,1
1192,119.200,435.2,580,875,0.907,500,1
1192,119.200,563.5,640,883,0.898,1,1
1192,119.200,695.3,632,887,0.925,497,1
1192,119.200,824.1,656,895,0.927,502,1
1192,119.200,959.4,744,867,0.770,503,0
1193,119.300,438.2,596,879,0.902,500,1
1193,119.300,564.0,644,887,0.899,1,1
1193,119.300,695.4,644,891,0.917,497,1
1193,119.300,824.8,656,891,0.917,502,1
1193,119.300,962.1,772,883,0.665,503,0
1194,119.400,303.3,676,851,0.786,504,1
1194,119.400,432.4,660,875,0.899,500,1
1194,119.400,564.7,656,891,0.905,1,1
1194,119.400,694.1,644,895,0.910,497,1
1194,119.400,827.0,636,891,0.914,502,1
1195,119.500,300.8,644,875,0.680,504,1
1195,119.500,430.9,660,883,0.744,500,1
1195,119.500,564.8,664,891,0.898,1,1
1195,119.500,695.0,636,899,0.909,497,1
1195,119.500,827.0,676,891,0.871,502,1
1196,119.600,295.5,652,887,0.724,504,1
1196,119.600,427.1,560,887,0.898,500,1
1196,119.600,558.8,644,895,0.908,1,1
1196,119.600,692.2,560,911,0.901,497,1
1196,119.600,817.7,664,875,0.821,502,1
1197,119.700,295.3,660,883,0.824,504,1
1197,119.700,428.6,544,891,0.912,500,1
1197,119.700,559.6,640,903,0.904,1,1
1197,119.700,692.5,656,923,0.900,497,1
1197,119.700,817.2,688,843,0.459,502,1
1197,119.700,1007.4,624,775,0.502,505,1
1198,119.800,305.0,668,815,0.593,504,1
1198,119.800,431.1,552,879,0.877,500,1
1198,119.800,563.2,556,895,0.907,1,1
1198,119.800,694.2,728,911,0.893,497,1
1198,119.800,798.0,740,835,0.431,506,1
1198,119.800,1020.3,604,839,0.784,505,1
1199,119.900,431.5,556,883,0.866,500,1
1199,119.900,562.2,548,891,0.912,1,1
1199,119.900,693.5,684,911,0.898,497,1
1199,119.900,797.3,732,839,0.470,506,1
1199,119.900,1023.2,596,843,0.712,505,1
1200,120.000,428.9,536,831,0.850,500,1
1200,120.000,562.0,672,887,0.915,1,1
1200,120.000,694.2,752,907,0.920,497,1
1200,120.000,799.4,740,851,0.600,506,1
1200,120.000,1026.1,696,831,0.589,505,1
1201,120.100,427.5,532,871,0.761,500,1
1201,120.100,562.9,664,887,0.909,1,1
1201,120.100,694.6,672,915,0.921,497,1
1201,120.100,793.9,736,847,0.424,506,1
1201,120.100,894.8,688,831,0.407,507,1
1201,120.100,1018.0,716,827,0.752,505,1
1202,120.200,435.4,524,847,0.744,500,1
1202,120.200,561.1,664,875,0.893,1,1
1202,120.200,693.8,760,879,0.878,497,1
1202,120.200,791.9,744,855,0.429,506,1
1202,120.200,892.2,596,855,0.897,507,1
1203,120.300,330.7,748,811,0.588,508,1
1203,120.300,441.5,536,867,0.855,500,1
1203,120.300,558.4,632,863,0.896,1,1
1203,120.300,687.3,744,867,0.814,497,1
1203,120.300,790.4,760,847,0.430,506,1
1203,120.300,889.1,640,859,0.896,507,1
1204,120.400,337.2,736,827,0.514,508,1
1204,120.400,441.5,552,843,0.853,500,1
1204,120.400,557.4,636,859,0.916,1,1
1204,120.400,678.3,752,855,0.795,497,1
1204,120.400,757.8,476,719,0.769,509,1
1204,120.400,893.0,720,863,0.884,507,1
1205,120.500,229.1,732,835,0.620,510,1
1205,120.500,339.6,692,835,0.616,508,1
1205,120.500,439.9,540,847,0.647,500,1
1205,120.500,556.7,552,855,0.907,1,1
1205,120.500,672.9,728,855,0.878,497,1
1205,120.500,762.2,472,759,0.806,509,1
1205,120.500,894.9,660,867,0.916,507,1
1206,120.600,97.6,608,847,0.631,511,0
1206,120.600,229.7,684,851,0.627,510,1
1206,120.600,342.6,744,843,0.610,508,1
1206,120.600,448.3,664,847,0.693,500,1
1206,120.600,557.5,648,863,0.910,1,1
1206,120.600,671.0,716,859,0.893,497,1
1206,120.600,776.9,472,859,0.808,506,1
1206,120.600,891.8,680,879,0.900,507,1
1207,120.700,99.6,600,843,0.628,511,0
1207,120.700,230.2,652,859,0.635,510,1
1207,120.700,343.5,692,847,0.648,508,1
1207,120.700,444.7,536,847,0.738,500,1
1207,120.700,557.8,672,867,0.900,1,1
1207,120.700,670.2,740,863,0.888,497,1
1207,120.700,774.6,628,863,0.807,506,1
1208,120.800,230.1,616,847,0.695,510,1
1208,120.800,347.2,728,843,0.847,508,1
1208,120.800,451.1,736,851,0.850,500,1
1208,120.800,556.9,656,871,0.897,1,1
1208,120.800,668.8,740,871,0.907,497,1
1208,120.800,761.1,612,867,0.916,509,1
1208,120.800,877.7,744,871,0.602,507,1
1209,120.900,230.3,616,847,0.674,510,1
1209,120.900,349.2,728,843,0.799,508,1
1209,120.900,452.8,736,855,0.858,500,1
1209,120.900,558.6,668,875,0.894,1,1
1209,120.900,670.9,748,871,0.893,497,1
1209,120.900,763.9,612,867,0.865,509,1
1209,120.900,877.2,736,871,0.536,507,1
1210,121.000,232.2,612,855,0.683,510,1
1210,121.000,354.1,720,851,0.845,508,1
1210,121.000,453.6,700,855,0.856,500,1
1210,121.000,557.6,552,871,0.891,1,1
1210,121.000,671.2,664,871,0.886,497,1
1210,121.000,763.0,608,863,0.873,509,1
1210,121.000,878.6,736,867,0.588,507,1
1210,121.000,974.3,708,867,0.620,512,0
1211,121.100,231.7,484,859,0.660,510,1
1211,121.100,353.0,708,867,0.900,508,1
1211,121.100,451.7,612,871,0.789,500,1
1211,121.100,554.6,540,871,0.908,1,1
1211,121.100,667.7,620,871,0.900,497,1
1211,121.100,763.0,612,879,0.917,509,1
1211,121.100,870.7,732,871,0.839,507,1
1211,121.100,972.4,780,863,0.451,512,0
1212,121.200,218.4,472,843,0.691,510,1
1212,121.200,348.2,680,871,0.890,508,1
1212,121.200,452.4,620,875,0.888,500,1
1212,121.200,551.8,576,879,0.908,1,1
1212,121.200,663.3,488,879,0.883,497,1
1212,121.200,760.4,612,891,0.930,509,1
1212,121.200,864.8,700,883,0.882,507,1
1213,121.300,227.7,484,847,0.890,510,1
1213,121.300,352.9,628,883,0.835,508,1
1213,121.300,454.2,620,879,0.906,500,1
1213,121.300,555.1,564,879,0.903,1,1
1213,121.300,669.0,660,883,0.894,497,1
1213,121.300,765.5,620,891,0.920,509,1
1213,121.300,865.1,672,883,0.909,507,1
1214,121.400,152.9,712,847,0.579,513,0
1214,121.400,352.3,612,867,0.837,508,1
1214,121.400,460.0,628,875,0.859,500,1
1214,121.400,556.0,548,875,0.899,1,1
1214,121.400,662.0,572,879,0.922,497,1
1214,121.400,764.9,596,891,0.913,509,1
1214,121.400,858.7,428,895,0.908,507,1
1214,121.400,962.4,764,871,0.510,512,0
1214,121.400,1057.1,608,883,0.801,514,0
1215,121.500,148.5,684,867,0.636,513,0
1215,121.500,259.5,620,855,0.484,515,1
1215,121.500,352.6,612,867,0.868,508,1
1215,121.500,462.2,624,883,0.859,500,1
1215,121.500,556.6,548,879,0.910,1,1
1215,121.500,666.3,592,883,0.908,497,1
1215,121.500,767.1,688,891,0.906,509,1
1215,121.500,859.4,428,895,0.913,507,1
1215,121.500,962.6,704,875,0.680,512,0
1215,121.500,1055.7,612,871,0.761,514,0
1216,121.600,148.1,680,875,0.632,513,0
1216,121.600,262.9,696,875,0.583,515,1
1216,121.600,351.1,604,867,0.809,508,1
1216,121.600,461.9,628,887,0.882,500,1
1216,121.600,555.2,564,883,0.897,1,1
1216,121.600,661.1,612,883,0.929,497,1
1216,121.600,765.6,700,887,0.916,509,1
1216,121.600,858.9,524,887,0.907,507,1
1217,121.700,149.3,676,887,0.651,513,0
1217,121.700,262.7,700,879,0.664,515,1
1217,121.700,353.9,608,867,0.785,508,1
1217,121.700,462.3,608,891,0.812,500,1
1217,121.700,556.2,608,887,0.883,1,1
1217,121.700,660.3,468,883,0.925,497,1
1217,121.700,765.5,680,883,0.912,509,1
1217,121.700,856.7,536,883,0.887,507,1
1218,121.800,259.1,688,875,0.718,515,1
1218,121.800,354.1,608,867,0.815,508,1
1218,121.800,461.1,616,887,0.867,500,1
1218,121.800,555.5,656,887,0.860,1,1
1218,121.800,662.2,620,879,0.923,497,1
1218,121.800,763.2,732,879,0.870,509,1
1218,121.800,853.3,556,875,0.853,507,1
1219,121.900,262.8,664,883,0.592,515,1
1219,121.900,356.2,540,871,0.770,508,1
1219,121.900,460.2,560,887,0.853,500,1
1219,121.900,555.4,668,883,0.867,1,1
1219,121.900,659.4,576,883,0.865,497,1
1219,121.900,756.5,680,883,0.907,509,1
1219,121.900,851.5,592,879,0.866,507,1
1220,122.000,270.4,760,883,0.589,515,1
1220,122.000,356.7,484,863,0.880,508,1
1220,122.000,455.4,544,883,0.813,500,1
1220,122.000,553.8,664,883,0.867,1,1
1220,122.000,656.4,528,883,0.845,497,1
1220,122.000,752.5,688,887,0.918,509,1
1220,122.000,848.9,736,883,0.904,507,1
1220,122.000,935.5,468,627,0.571,516,1
1221,122.100,60.8,632,871,0.629,517,0
1221,122.100,262.1,744,895,0.642,515,1
1221,122.100,354.0,476,867,0.856,508,1
1221,122.100,459.6,628,875,0.870,500,1
1221,122.100,554.5,652,883,0.890,1,1
1221,122.100,655.8,456,887,0.863,497,1
1221,122.100,754.8,684,891,0.902,509,1
1221,122.100,846.9,696,883,0.884,507,1
1221,122.100,942.8,736,851,0.733,516,1
1222,122.200,61.0,612,867,0.813,517,0
1222,122.200,263.4,668,899,0.611,515,1
1222,122.200,351.2,480,863,0.872,508,1
1222,122.200,460.7,560,875,0.889,500,1
1222,122.200,555.4,632,879,0.887,1,1
1222,122.200,656.5,596,887,0.913,497,1
1222,122.200,754.5,648,891,0.879,509,1
1222,122.200,850.8,756,879,0.905,507,1
1222,122.200,943.2,588,859,0.497,516,1
1223,122.300,60.1,608,859,0.625,517,0
1223,122.300,267.7,580,891,0.584,515,1
1223,122.300,364.1,480,875,0.729,508,1
1223,122.300,463.3,624,875,0.905,500,1
1223,122.300,557.4,656,879,0.899,1,1
1223,122.300,656.5,592,887,0.908,497,1
1223,122.300,756.2,608,895,0.921,509,1
1223,122.300,853.1,696,871,0.903,507,1
1223,122.300,946.3,744,855,0.725,516,1
1224,122.400,266.2,556,883,0.644,515,1
1224,122.400,373.4,624,871,0.676,508,1
1224,122.400,463.0,624,871,0.883,500,1
1224,122.400,556.7,656,879,0.883,1,1
1224,122.400,655.7,560,895,0.911,497,1
1224,122.400,746.6,548,891,0.915,509,1
1224,122.400,847.9,684,875,0.891,507,1
1224,122.400,945.3,732,879,0.883,516,1
1224,122.400,1029.2,544,863,0.777,518,0
1225,122.500,270.0,552,879,0.624,515,1
1225,122.500,368.3,688,867,0.612,508,1
1225,122.500,463.7,624,871,0.863,500,1
1225,122.500,556.0,656,879,0.883,1,1
1225,122.500,655.7,488,895,0.885,497,1
1225,122.500,750.4,536,895,0.918,509,1
1225,122.500,848.7,708,879,0.898,507,1
1225,122.500,947.2,740,879,0.845,516,1
1225,122.500,1034.5,784,875,0.454,518,0
1226,122.600,175.3,740,875,0.496,519,0
1226,122.600,272.8,552,879,0.708,515,1
1226,122.600,371.7,668,871,0.784,508,1
1226,122.600,462.6,624,867,0.897,500,1
1226,122.600,557.2,656,883,0.856,1,1
1226,122.600,659.8,472,899,0.918,497,1
1226,122.600,752.1,488,891,0.912,509,1
1226,122.600,848.7,740,879,0.898,507,1
1226,122.600,1035.3,720,875,0.497,518,0
1227,122.700,179.9,712,883,0.592,519,0
1227,122.700,280.7,696,887,0.611,515,1
1227,122.700,375.2,704,863,0.606,508,1
1227,122.700,464.7,708,875,0.795,500,1
1227,122.700,557.7,648,887,0.869,1,1
1227,122.700,658.9,472,899,0.935,497,1
1227,122.700,750.9,520,891,0.907,509,1
1227,122.700,848.0,760,883,0.905,507,1
1228,122.800,180.3,728,875,0.607,519,0
1228,122.800,272.4,580,875,0.628,515,1
1228,122.800,374.5,704,871,0.627,508,1
1228,122.800,468.8,608,883,0.649,500,1
1228,122.800,556.4,552,887,0.861,1,1
1228,122.800,656.6,480,891,0.926,497,1
1228,122.800,748.3,660,891,0.918,509,1
1228,122.800,847.0,752,871,0.904,507,1
1229,122.900,270.2,628,879,0.666,515,1
1229,122.900,374.0,696,875,0.635,508,1
1229,122.900,469.2,616,879,0.769,500,1
1229,122.900,557.4,552,887,0.889,1,1
1229,122.900,655.5,488,891,0.926,497,1
1229,122.900,748.4,460,895,0.920,509,1
1229,122.900,846.3,720,871,0.855,507,1
1230,123.000,284.5,728,871,0.606,515,1
1230,123.000,375.4,700,879,0.609,508,1
1230,123.000,471.7,612,891,0.641,500,1
1230,123.000,561.7,544,887,0.870,1,1
1230,123.000,657.5,580,891,0.928,497,1
1230,123.000,748.0,416,899,0.921,509,1
1230,123.000,843.6,640,871,0.827,507,1
1231,123.100,285.2,752,867,0.591,515,1
1231,123.100,376.0,688,879,0.617,508,1
1231,123.100,470.9,600,891,0.801,500,1
1231,123.100,563.0,548,891,0.903,1,1
1231,123.100,658.6,600,891,0.922,497,1
1231,123.100,751.9,620,895,0.917,509,1
1231,123.100,841.9,624,875,0.869,507,1
1232,123.200,288.9,748,867,0.590,515,1
1232,123.200,374.6,692,887,0.629,508,1
1232,123.200,470.9,608,891,0.861,500,1
1232,123.200,563.2,548,895,0.903,1,1
1232,123.200,657.2,600,895,0.919,497,1
1232,123.200,747.9,420,895,0.916,509,1
1232,123.200,842.8,604,875,0.870,507,1
1232,123.200,936.4,724,839,0.482,520,1
1233,123.300,90.9,548,631,0.527,521,0
1233,123.300,287.2,748,879,0.623,515,1
1233,123.300,377.0,580,895,0.691,508,1
1233,123.300,470.7,616,895,0.910,500,1
1233,123.300,564.5,548,895,0.921,1,1
1233,123.300,657.4,468,895,0.912,497,1
1233,123.300,750.8,412,891,0.916,509,1
1233,123.300,839.5,464,883,0.897,507,1
1233,123.300,936.2,704,875,0.877,520,1
1234,123.400,292.7,744,883,0.613,515,1
1234,123.400,376.6,556,919,0.629,508,1
1234,123.400,470.1,608,899,0.917,500,1
1234,123.400,563.7,548,903,0.917,1,1
1234,123.400,656.2,476,903,0.919,497,1
1234,123.400,746.7,416,899,0.916,509,1
1234,123.400,839.6,488,871,0.774,507,1
1234,123.400,937.4,756,859,0.409,520,1
1235,123.500,293.2,736,871,0.559,515,1
1235,123.500,379.6,576,915,0.610,508,1
1235,123.500,469.7,616,899,0.916,500,1
1235,123.500,559.2,544,903,0.920,1,1
1235,123.500,653.2,552,899,0.899,497,1
1235,123.500,745.8,528,895,0.921,509,1
1235,123.500,839.1,612,871,0.883,507,1
1235,123.500,934.8,536,851,0.842,520,1
1236,123.600,284.9,628,863,0.485,515,1
1236,123.600,376.1,656,887,0.618,508,1
1236,123.600,467.6,608,899,0.785,500,1
1236,123.600,557.0,540,887,0.895,1,1
1236,123.600,653.4,588,871,0.912,497,1
1236,123.600,746.1,552,871,0.921,509,1
1236,123.600,837.7,584,851,0.894,507,1
1236,123.600,930.9,708,851,0.777,520,1
1237,123.700,196.4,744,859,0.549,522,1
1237,123.700,285.4,608,879,0.613,515,1
1237,123.700,376.9,652,891,0.620,508,1
1237,123.700,469.2,596,899,0.768,500,1
1237,123.700,559.0,536,887,0.885,1,1
1237,123.700,656.2,592,875,0.901,497,1
1237,123.700,749.0,560,859,0.925,509,1
1237,123.700,837.0,592,855,0.829,507,1
1237,123.700,932.8,688,851,0.551,520,1
1238,123.800,286.9,624,875,0.879,515,1
1238,123.800,376.5,656,879,0.911,508,1
1238,123.800,469.2,584,887,0.886,500,1
1238,123.800,561.2,548,883,0.917,1,1
1238,123.800,658.0,600,883,0.902,497,1
1238,123.800,750.0,624,863,0.909,509,1
1238,123.800,843.0,608,871,0.879,507,1
1238,123.800,935.2,760,867,0.785,520,1
1239,123.900,196.5,704,843,0.615,522,1
1239,123.900,290.4,732,879,0.822,515,1
1239,123.900,378.3,668,879,0.886,508,1
1239,123.900,467.3,596,883,0.894,500,1
1239,123.900,561.8,616,875,0.920,1,1
1239,123.900,659.5,604,879,0.895,497,1
1239,123.900,748.7,644,867,0.914,509,1
1239,123.900,844.0,568,871,0.813,507,1
1239,123.900,933.7,748,871,0.620,520,1
1240,124.000,197.3,740,855,0.610,522,1
1240,124.000,287.4,692,863,0.821,515,1
1240,124.000,374.2,544,859,0.856,508,1
1240,124.000,466.5,608,859,0.905,500,1
1240,124.000,560.8,644,859,0.894,1,1
1240,124.000,654.9,612,863,0.872,497,1
1240,124.000,746.3,648,863,0.910,509,1
1240,124.000,841.1,732,859,0.755,507,1
1241,124.100,197.3,732,859,0.610,522,1
1241,124.100,286.1,604,855,0.818,515,1
1241,124.100,374.7,644,855,0.848,508,1
1241,124.100,466.3,604,855,0.919,500,1
1241,124.100,560.0,636,859,0.892,1,1
1241,124.100,654.9,600,879,0.896,497,1
1241,124.100,747.2,668,871,0.913,509,1
1241,124.100,840.3,712,863,0.753,507,1
1242,124.200,194.9,704,855,0.576,522,1
1242,124.200,279.2,608,859,0.773,515,1
1242,124.200,372.9,568,851,0.886,508,1
1242,124.200,464.9,604,855,0.914,500,1
1242,124.200,556.4,540,863,0.913,1,1
1242,124.200,650.0,584,883,0.897,497,1
1242,124.200,742.9,552,875,0.919,509,1
1242,124.200,834.8,620,859,0.872,507,1
1243,124.300,189.5,672,851,0.563,522,1
1243,124.300,276.8,600,859,0.729,515,1
1243,124.300,369.9,560,855,0.828,508,1
1243,124.300,459.4,576,859,0.884,500,1
1243,124.300,552.1,544,871,0.926,1,1
1243,124.300,645.6,596,895,0.864,497,1
1243,124.300,740.9,660,887,0.937,509,1
1243,124.300,832.4,620,859,0.713,507,1
1244,124.400,180.7,628,795,0.684,522,1
1244,124.400,276.9,592,867,0.923,515,1
1244,124.400,367.8,540,859,0.893,508,1
1244,124.400,456.2,560,867,0.910,500,1
1244,124.400,550.7,536,887,0.940,1,1
1244,124.400,644.4,604,903,0.883,497,1
1244,124.400,741.3,664,891,0.917,509,1
1244,124.400,829.1,672,867,0.702,507,1
1245,124.500,178.6,544,791,0.877,522,1
1245,124.500,278.1,580,855,0.905,515,1
1245,124.500,363.4,528,883,0.908,508,1
1245,124.500,454.4,488,891,0.934,500,1
1245,124.500,549.4,520,899,0.936,1,1
1245,124.500,642.1,612,907,0.929,497,1
1245,124.500,740.2,664,899,0.924,509,1
1245,124.500,829.4,696,879,0.791,507,1
1246,124.600,277.0,620,855,0.880,515,1
1246,124.600,369.1,424,879,0.916,508,1
1246,124.600,458.6,476,875,0.930,500,1
1246,124.600,553.0,528,891,0.936,1,1
1246,124.600,645.8,604,907,0.937,497,1
1246,124.600,741.2,568,903,0.936,509,1
1246,124.600,833.3,708,883,0.882,507,1
1247,124.700,279.1,596,867,0.622,515,1
1247,124.700,367.0,432,879,0.767,508,1
1247,124.700,462.5,464,879,0.844,500,1
1247,124.700,553.7,532,891,0.941,1,1
1247,124.700,646.4,588,907,0.943,497,1
1247,124.700,741.1,636,903,0.921,509,1
1247,124.700,833.0,724,875,0.876,507,1
1247,124.700,1018.1,556,807,0.818,523,0
1248,124.800,183.3,724,867,0.582,522,1
1248,124.800,279.2,604,875,0.618,515,1
1248,124.800,365.1,420,871,0.721,508,1
1248,124.800,461.5,476,875,0.846,500,1
1248,124.800,552.8,536,887,0.943,1,1
1248,124.800,647.0,592,899,0.931,497,1
1248,124.800,741.8,680,895,0.941,509,1
1248,124.800,831.4,728,867,0.826,507,1
1248,124.800,929.1,748,847,0.442,524,1
1248,124.800,1019.2,700,835,0.551,523,0
1249,124.900,278.0,736,871,0.610,515,1
1249,124.900,365.1,664,875,0.677,508,1
1249,124.900,461.9,588,883,0.795,500,1
1249,124.900,552.6,544,891,0.934,1,1
1249,124.900,645.9,600,899,0.930,497,1
1249,124.900,743.8,696,891,0.912,509,1
1249,124.900,837.4,716,867,0.855,507,1
1249,124.900,1024.8,784,863,0.769,523,0
1250,125.000,276.7,700,875,0.627,515,1
1250,125.000,366.5,432,875,0.823,508,1
1250,125.000,462.5,596,883,0.840,500,1
1250,125.000,554.9,556,887,0.927,1,1
1250,125.000,648.4,608,891,0.931,497,1
1250,125.000,745.0,704,883,0.915,509,1
1250,125.000,838.5,704,867,0.873,507,1
1250,125.000,939.0,496,835,0.439,524,1
1250,125.000,1028.4,784,851,0.568,523,0
1251,125.100,185.9,712,847,0.461,522,1
1251,125.100,278.7,704,863,0.867,515,1
1251,125.100,363.7,420,863,0.907,508,1
1251,125.100,462.3,500,883,0.872,500,1
1251,125.100,552.6,560,887,0.937,1,1
1251,125.100,648.0,720,891,0.917,497,1
1251,125.100,744.1,716,883,0.905,509,1
1251,125.100,841.1,712,867,0.824,507,1
1251,125.100,936.7,692,827,0.583,524,1
1252,125.200,276.8,720,883,0.628,515,1
1252,125.200,362.7,568,883,0.709,508,1
1252,125.200,460.2,484,887,0.830,500,1
1252,125.200,552.2,580,891,0.907,1,1
1252,125.200,647.5,664,891,0.902,497,1
1252,125.200,743.4,696,891,0.910,509,1
1252,125.200,840.9,768,875,0.885,507,1
1252,125.200,934.8,720,871,0.714,524,1
1253,125.300,276.2,768,887,0.618,515,1
1253,125.300,365.4,684,887,0.635,508,1
1253,125.300,459.4,472,903,0.670,500,1
1253,125.300,552.8,608,891,0.922,1,1
1253,125.300,651.2,656,891,0.896,497,1
1253,125.300,745.0,708,887,0.897,509,1
1253,125.300,843.7,552,875,0.881,507,1
1253,125.300,939.0,716,863,0.701,524,1
1254,125.400,275.7,760,887,0.617,515,1
1254,125.400,361.4,696,875,0.806,508,1
1254,125.400,459.3,468,903,0.707,500,1
1254,125.400,554.3,660,891,0.911,1,1
1254,125.400,652.4,728,891,0.886,497,1
1254,125.400,745.4,748,891,0.879,509,1
1254,125.400,842.8,544,879,0.899,507,1
1255,125.500,177.5,752,875,0.605,525,1
1255,125.500,276.3,772,883,0.621,515,1
1255,125.500,364.7,732,875,0.610,508,1
1255,125.500,461.5,484,903,0.621,500,1
1255,125.500,555.5,672,891,0.890,1,1
1255,125.500,652.9,672,891,0.870,497,1
1255,125.500,746.4,784,887,0.800,509,1
1255,125.500,846.0,556,875,0.867,507,1
1256,125.600,90.9,612,759,0.595,526,0
1256,125.600,177.2,744,887,0.616,525,1
1256,125.600,275.6,756,891,0.613,515,1
1256,125.600,373.2,604,891,0.570,508,1
1256,125.600,463.4,596,903,0.631,500,1
1256,125.600,556.0,668,891,0.890,1,1
1256,125.600,654.4,728,891,0.907,497,1
1256,125.600,746.4,688,895,0.547,509,1
1256,125.600,846.6,744,883,0.879,507,1
1257,125.700,175.2,740,887,0.601,525,1
1257,125.700,274.1,696,891,0.606,515,1
1257,125.700,369.2,716,891,0.606,508,1
1257,125.700,464.5,604,907,0.616,500,1
1257,125.700,556.7,656,899,0.713,1,1
1257,125.700,652.6,644,895,0.820,497,1
1257,125.700,749.2,528,891,0.718,509,1
1257,125.700,844.9,768,887,0.886,507,1
1257,125.700,1051.0,600,715,0.412,527,0
1258,125.800,170.6,728,883,0.570,525,1
1258,125.800,264.5,748,887,0.585,515,1
1258,125.800,367.5,720,891,0.610,508,1
1258,125.800,462.4,608,903,0.617,500,1
1258,125.800,556.4,652,899,0.716,1,1
1258,125.800,654.7,644,899,0.814,497,1
1258,125.800,749.8,496,895,0.933,509,1
1258,125.800,843.1,760,891,0.893,507,1
1258,125.800,1045.9,596,855,0.743,527,0
1259,125.900,178.5,480,867,0.628,525,1
1259,125.900,261.6,708,899,0.603,515,1
1259,125.900,362.3,724,879,0.856,508,1
1259,125.900,460.8,596,891,0.915,500,1
1259,125.900,552.6,628,891,0.933,1,1
1259,125.900,655.3,680,903,0.924,497,1
1259,125.900,752.3,480,891,0.923,509,1
1259,125.900,843.9,784,883,0.887,507,1
1260,126.000,176.4,480,719,0.626,525,1
1260,126.000,264.3,652,895,0.660,515,1
1260,126.000,362.0,728,887,0.815,508,1
1260,126.000,459.0,624,895,0.789,500,1
1260,126.000,553.9,656,891,0.924,1,1
1260,126.000,656.1,684,907,0.930,497,1
1260,126.000,751.2,488,895,0.928,509,1
1260,126.000,843.0,772,883,0.891,507,1
1261,126.100,163.9,808,883,0.426,525,1
1261,126.100,260.4,676,891,0.621,515,1
1261,126.100,359.8,700,883,0.784,508,1
1261,126.100,455.9,648,887,0.898,500,1
1261,126.100,553.1,656,895,0.930,1,1
1261,126.100,653.4,680,911,0.932,497,1
1261,126.100,759.3,600,891,0.894,509,1
1261,126.100,857.5,752,867,0.631,507,1
1262,126.200,267.5,680,887,0.619,515,1
1262,126.200,359.2,712,859,0.856,508,1
1262,126.200,455.0,656,891,0.898,500,1
1262,126.200,554.8,664,895,0.921,1,1
1262,126.200,652.8,676,911,0.917,497,1
1262,126.200,759.6,616,891,0.926,509,1
1262,126.200,859.2,728,867,0.408,507,1
1263,126.300,264.7,556,887,0.621,515,1
1263,126.300,358.3,720,891,0.615,508,1
1263,126.300,457.9,600,891,0.877,500,1
1263,126.300,552.9,616,899,0.941,1,1
1263,126.300,655.0,680,911,0.914,497,1
1263,126.300,759.5,672,891,0.925,509,1
1263,126.300,856.8,736,871,0.456,507,1
1264,126.400,265.9,552,875,0.540,515,1
1264,126.400,355.5,716,891,0.761,508,1
1264,126.400,457.6,604,895,0.903,500,1
1264,126.400,553.7,660,899,0.935,1,1
1264,126.400,655.1,696,911,0.910,497,1
1264,126.400,759.2,676,887,0.918,509,1
1264,126.400,858.8,748,879,0.649,507,1
1265,126.500,58.9,620,875,0.684,528,0
1265,126.500,260.0,680,887,0.782,515,1
1265,126.500,345.7,720,895,0.937,508,1
1265,126.500,453.3,668,891,0.903,500,1
1265,126.500,552.7,568,895,0.934,1,1
1265,126.500,655.6,680,903,0.914,497,1
1265,126.500,759.6,676,895,0.925,509,1
1266,126.600,59.7,612,879,0.623,528,0
1266,126.600,259.2,688,887,0.805,515,1
1266,126.600,346.9,716,899,0.921,508,1
1266,126.600,454.1,700,891,0.889,500,1
1266,126.600,552.5,584,895,0.940,1,1
1266,126.600,655.6,680,903,0.903,497,1
1266,126.600,762.1,684,899,0.921,509,1
1267,126.700,56.6,612,863,0.748,528,0
1267,126.700,260.6,736,891,0.639,515,1
1267,126.700,347.1,716,899,0.900,508,1
1267,126.700,450.0,692,887,0.851,500,1
1267,126.700,553.8,648,895,0.936,1,1
1267,126.700,660.6,688,895,0.928,497,1
1267,126.700,760.3,688,899,0.903,509,1
1267,126.700,879.9,464,723,0.700,529,0
1268,126.800,347.2,712,891,0.887,508,1
1268,126.800,448.3,712,887,0.897,500,1
1268,126.800,552.6,660,891,0.933,1,1
1268,126.800,658.8,728,895,0.922,497,1
1268,126.800,762.1,724,891,0.843,509,1
1268,126.800,882.6,472,847,0.884,529,0
1269,126.900,342.4,624,887,0.889,508,1
1269,126.900,443.0,708,887,0.895,500,1
1269,126.900,549.0,660,899,0.938,1,1
1269,126.900,656.7,696,895,0.925,497,1
1269,126.900,756.7,716,899,0.911,509,1
1269,126.900,873.1,476,863,0.780,529,0
1270,127.000,348.3,624,887,0.901,508,1
1270,127.000,446.3,756,879,0.895,500,1
1270,127.000,554.6,656,895,0.914,1,1
1270,127.000,761.3,800,875,0.434,509,1
1270,127.000,883.9,552,699,0.834,529,0
1271,127.100,350.3,620,891,0.906,508,1
1271,127.100,454.0,708,843,0.449,500,1
1271,127.100,556.2,628,895,0.915,1,1
1271,127.100,899.5,676,831,0.729,530,0
1272,127.200,353.3,616,879,0.875,508,1
1272,127.200,557.9,612,887,0.883,1,1
1273,127.300,346.5,612,827,0.753,508,1
1273,127.300,556.5,660,879,0.864,1,1
1273,127.300,1016.3,604,851,0.788,531,0
1274,127.400,355.2,492,871,0.705,508,1
1274,127.400,558.1,672,879,0.893,1,1
1274,127.400,816.6,408,539,0.437,532,0
1274,127.400,1017.5,616,839,0.899,531,0
1275,127.500,558.9,672,883,0.895,1,1
1275,127.500,689.6,772,871,0.641,533,1
1275,127.500,1021.2,620,839,0.583,531,0
1276,127.600,225.8,736,895,0.786,534,0
1276,127.600,554.3,640,875,0.894,1,1
1276,127.600,688.0,608,835,0.538,533,1
1277,127.700,228.3,612,859,0.632,534,0
1277,127.700,556.2,668,875,0.912,1,1
1277,127.700,688.0,532,875,0.793,533,1
1278,127.800,225.5,604,867,0.652,534,0
1278,127.800,556.5,668,875,0.905,1,1
1278,127.800,698.3,536,883,0.836,533,1
1279,127.900,558.0,668,887,0.903,1,1
1279,127.900,687.0,532,891,0.842,533,1
1280,128.000,559.3,668,879,0.890,1,1
1280,128.000,690.2,544,879,0.849,533,1
1281,128.100,559.5,644,883,0.895,1,1
1281,128.100,688.9,552,883,0.911,533,1
1282,128.200,98.6,632,803,0.713,535,0
1282,128.200,434.3,640,879,0.870,536,1
1282,128.200,558.7,576,895,0.922,1,1
1282,128.200,690.8,560,891,0.891,533,1
1283,128.300,434.2,588,887,0.874,536,1
1283,128.300,557.1,628,895,0.908,1,1
1283,128.300,690.0,552,899,0.921,533,1
1283,128.300,820.1,664,887,0.906,537,1
1284,128.400,431.2,616,891,0.901,536,1
1284,128.400,554.2,644,903,0.928,1,1
1284,128.400,689.6,668,903,0.915,533,1
1284,128.400,818.4,652,907,0.909,537,1
1284,128.400,955.4,776,887,0.708,538,0
1285,128.500,427.1,664,883,0.902,536,1
1285,128.500,553.4,652,891,0.926,1,1
1285,128.500,687.1,664,899,0.905,533,1
1285,128.500,817.3,668,899,0.919,537,1
1285,128.500,948.2,784,887,0.572,538,0
1286,128.600,307.6,648,875,0.551,539,1
1286,128.600,427.4,664,891,0.898,536,1
1286,128.600,559.3,644,895,0.907,1,1
1286,128.600,688.9,664,899,0.917,533,1
1286,128.600,821.9,688,899,0.917,537,1
1287,128.700,298.3,652,891,0.622,539,1
1287,128.700,428.1,676,895,0.844,536,1
1287,128.700,558.4,648,903,0.911,1,1
1287,128.700,692.0,664,911,0.900,533,1
1287,128.700,810.5,648,895,0.842,537,1
1288,128.800,294.5,656,907,0.747,539,1
1288,128.800,426.8,660,903,0.890,536,1
1288,128.800,557.4,652,911,0.920,1,1
1288,128.800,691.6,668,931,0.886,533,1
1288,128.800,818.7,680,895,0.811,537,1
1289,128.900,296.4,660,895,0.801,539,1
1289,128.900,429.4,560,903,0.914,536,1
1289,128.900,555.3,620,907,0.926,1,1
1289,128.900,690.0,732,927,0.888,533,1
1290,129.000,304.1,676,895,0.732,539,1
1290,129.000,431.6,560,903,0.882,536,1
1290,129.000,556.8,616,903,0.908,1,1
1290,129.000,691.1,724,919,0.891,533,1
1290,129.000,1020.3,596,851,0.613,540,0
1291,129.100,430.4,560,903,0.639,536,1
1291,129.100,557.3,636,899,0.902,1,1
1291,129.100,691.8,764,915,0.891,533,1
1292,129.200,427.9,548,895,0.893,536,1
1292,129.200,559.2,684,903,0.912,1,1
1292,129.200,691.2,768,915,0.888,533,1
1293,129.300,314.3,660,827,0.441,539,1
1293,129.300,429.3,536,903,0.803,536,1
1293,129.300,555.9,660,887,0.927,1,1
1293,129.300,687.9,772,887,0.833,533,1
1293,129.300,892.7,760,851,0.447,541,1
1294,129.400,311.8,648,875,0.620,539,1
1294,129.400,428.4,540,895,0.829,536,1
1294,129.400,555.4,668,895,0.925,1,1
1294,129.400,681.7,776,867,0.782,533,1
1294,129.400,888.8,604,855,0.898,541,1
1295,129.500,444.5,568,879,0.855,542,1
1295,129.500,558.3,656,887,0.915,1,1
1295,129.500,681.9,760,851,0.729,533,1
1295,129.500,781.7,728,847,0.603,543,1
1295,129.500,893.3,716,863,0.837,541,1
1296,129.600,337.7,736,803,0.582,544,1
1296,129.600,446.8,600,855,0.859,542,1
1296,129.600,558.7,628,883,0.913,1,1
1296,129.600,678.6,760,855,0.825,533,1
1296,129.600,787.0,680,855,0.520,543,1
1296,129.600,892.9,728,871,0.888,541,1
1297,129.700,341.0,736,835,0.572,544,1
1297,129.700,452.7,756,851,0.794,542,1
1297,129.700,558.6,668,875,0.906,1,1
1297,129.700,672.8,752,867,0.887,533,1
1297,129.700,778.9,484,863,0.830,543,1
1297,129.700,895.6,732,875,0.908,541,1
1298,129.800,95.6,668,851,0.602,545,0
1298,129.800,229.0,716,883,0.627,546,1
1298,129.800,335.3,724,855,0.612,544,1
1298,129.800,446.5,548,863,0.677,542,1
1298,129.800,556.1,644,883,0.906,1,1
1298,129.800,669.4,740,871,0.888,533,1
1298,129.800,778.2,584,867,0.855,543,1
1298,129.800,895.8,776,871,0.750,541,1
1299,129.900,97.3,652,863,0.632,545,0
1299,129.900,229.4,692,879,0.635,546,1
1299,129.900,337.8,780,867,0.497,544,1
1299,129.900,444.1,552,851,0.810,542,1
1299,129.900,559.1,664,883,0.895,1,1
1299,129.900,670.7,740,871,0.899,533,1
1299,129.900,776.0,576,863,0.760,543,1
1300,130.000,230.8,680,855,0.647,546,1
1300,130.000,337.0,736,843,0.548,544,1
1300,130.000,455.1,712,867,0.625,542,1
1300,130.000,559.0,672,883,0.888,1,1
1300,130.000,669.7,760,879,0.912,533,1
1300,130.000,766.0,636,871,0.915,543,1
1300,130.000,881.2,736,867,0.541,541,1
1301,130.100,225.2,656,839,0.838,546,1
1301,130.100,356.4,748,843,0.644,547,1
1301,130.100,453.3,676,863,0.820,542,1
1301,130.100,556.5,648,887,0.916,1,1
1301,130.100,668.1,752,879,0.900,533,1
1301,130.100,759.6,616,879,0.922,543,1
1301,130.100,875.3,740,879,0.844,541,1
1302,130.200,229.6,640,835,0.645,546,1
1302,130.200,352.4,728,851,0.813,547,1
1302,130.200,453.4,688,867,0.809,542,1
1302,130.200,557.3,660,887,0.911,1,1
1302,130.200,670.0,720,879,0.905,533,1
1302,130.200,761.0,616,875,0.915,543,1
1302,130.200,873.5,756,879,0.471,541,1
1302,130.200,971.1,688,871,0.629,548,0
1303,130.300,231.5,476,859,0.633,546,1
1303,130.300,354.5,648,871,0.846,547,1
1303,130.300,453.0,568,875,0.904,542,1
1303,130.300,557.6,636,883,0.911,1,1
1303,130.300,668.7,680,883,0.898,533,1
1303,130.300,765.7,664,883,0.923,543,1
1303,130.300,866.1,732,871,0.769,541,1
1303,130.300,972.8,792,867,0.550,548,0
1304,130.400,29.1,744,851,0.537,549,0
1304,130.400,233.0,476,851,0.684,546,1
1304,130.400,354.1,712,875,0.905,547,1
1304,130.400,455.4,712,879,0.900,542,1
1304,130.400,557.6,628,883,0.915,1,1
1304,130.400,667.5,664,887,0.891,533,1
1304,130.400,768.1,680,895,0.922,543,1
1304,130.400,869.2,724,879,0.845,541,1
1305,130.500,224.0,476,583,0.480,546,1
1305,130.500,354.2,720,883,0.891,547,1
1305,130.500,459.8,664,883,0.857,542,1
1305,130.500,556.2,584,887,0.912,1,1
1305,130.500,662.2,484,887,0.909,533,1
1305,130.500,766.9,664,899,0.918,543,1
1305,130.500,864.0,492,887,0.906,541,1
1305,130.500,1054.0,620,863,0.493,550,0
1306,130.600,351.3,624,879,0.851,547,1
1306,130.600,461.8,648,887,0.808,542,1
1306,130.600,556.7,624,887,0.909,1,1
1306,130.600,661.8,540,891,0.915,533,1
1306,130.600,766.7,672,895,0.928,543,1
1306,130.600,860.1,424,891,0.894,541,1
1306,130.600,1059.5,628,871,0.755,550,0
1307,130.700,154.1,696,867,0.602,551,0
1307,130.700,264.1,784,871,0.430,552,1
1307,130.700,354.1,628,879,0.858,547,1
1307,130.700,461.2,664,891,0.863,542,1
1307,130.700,558.2,608,887,0.915,1,1
1307,130.700,662.8,632,887,0.926,533,1
1307,130.700,769.9,684,887,0.928,543,1
1307,130.700,864.1,644,887,0.915,541,1
1307,130.700,967.5,688,863,0.531,553,0
1307,130.700,1060.9,732,867,0.754,550,0
1308,130.800,152.4,736,867,0.493,551,0
1308,130.800,266.3,756,887,0.600,552,1
1308,130.800,354.3,616,883,0.818,547,1
1308,130.800,463.1,672,895,0.835,542,1
1308,130.800,558.3,660,891,0.904,1,1
1308,130.800,662.0,668,887,0.931,533,1
1308,130.800,766.8,708,887,0.902,543,1
1308,130.800,861.8,548,879,0.884,541,1
1309,130.900,260.0,732,891,0.683,552,1
1309,130.900,351.3,624,887,0.844,547,1
1309,130.900,462.5,680,899,0.818,542,1
1309,130.900,556.0,652,895,0.902,1,1
1309,130.900,660.4,684,891,0.924,533,1
1309,130.900,761.2,696,883,0.909,543,1
1309,130.900,857.4,696,875,0.918,541,1
1310,131.000,262.1,764,899,0.610,552,1
1310,131.000,352.9,604,887,0.723,547,1
1310,131.000,461.2,704,899,0.847,542,1
1310,131.000,556.4,672,895,0.908,1,1
1310,131.000,654.9,572,891,0.918,533,1
1310,131.000,757.9,712,883,0.925,543,1
1310,131.000,852.6,748,875,0.883,541,1
1311,131.100,266.8,736,895,0.615,552,1
1311,131.100,357.7,600,875,0.830,547,1
1311,131.100,461.6,704,891,0.847,542,1
1311,131.100,558.7,676,891,0.884,1,1
1311,131.100,660.4,672,891,0.919,533,1
1311,131.100,758.4,724,887,0.909,543,1
1311,131.100,853.6,768,879,0.875,541,1
1312,131.200,271.8,788,891,0.584,552,1
1312,131.200,357.2,488,879,0.842,547,1
1312,131.200,462.5,684,883,0.894,542,1
1312,131.200,559.9,644,887,0.905,1,1
1312,131.200,657.3,492,891,0.910,533,1
1312,131.200,757.7,692,887,0.931,543,1
1312,131.200,853.1,736,887,0.910,541,1
1312,131.200,943.9,476,851,0.821,554,0
1313,131.300,66.5,704,871,0.607,555,0
1313,131.300,267.0,720,899,0.565,552,1
1313,131.300,358.0,480,875,0.867,547,1
1313,131.300,463.4,600,883,0.826,542,1
1313,131.300,558.6,656,887,0.909,1,1
1313,131.300,655.9,476,891,0.908,533,1
1313,131.300,756.3,684,887,0.912,543,1
1313,131.300,850.8,720,879,0.910,541,1
1314,131.400,63.9,612,883,0.618,555,0
1314,131.400,266.9,732,899,0.594,552,1
1314,131.400,365.7,476,871,0.818,547,1
1314,131.400,462.1,576,879,0.886,542,1
1314,131.400,558.2,648,887,0.910,1,1
1314,131.400,657.5,476,891,0.891,533,1
1314,131.400,756.3,628,887,0.911,543,1
1314,131.400,854.6,760,871,0.910,541,1
1314,131.400,944.5,744,827,0.642,554,0
1315,131.500,66.1,632,843,0.586,555,0
1315,131.500,270.7,756,891,0.613,552,1
1315,131.500,361.4,500,867,0.892,547,1
1315,131.500,465.3,652,875,0.902,542,1
1315,131.500,560.2,660,887,0.915,1,1
1315,131.500,656.9,488,895,0.916,533,1
1315,131.500,756.5,628,891,0.899,543,1
1315,131.500,854.3,756,867,0.851,541,1
1315,131.500,946.3,716,875,0.880,554,0
1316,131.600,271.3,748,887,0.603,552,1
1316,131.600,365.0,672,867,0.832,547,1
1316,131.600,462.3,648,875,0.891,542,1
1316,131.600,559.9,660,887,0.894,1,1
1316,131.600,658.7,492,899,0.909,533,1
1316,131.600,755.2,668,879,0.880,543,1
1316,131.600,849.9,740,871,0.844,541,1
1316,131.600,949.7,736,875,0.845,554,0
1316,131.600,1030.4,572,747,0.510,556,0
1317,131.700,272.8,636,875,0.567,552,1
1317,131.700,369.0,684,867,0.851,547,1
1317,131.700,465.0,680,871,0.882,542,1
1317,131.700,558.8,668,887,0.891,1,1
1317,131.700,656.5,476,899,0.913,533,1
1317,131.700,751.5,660,879,0.902,543,1
1317,131.700,849.1,748,879,0.905,541,1
1317,131.700,1032.8,796,871,0.599,556,0
1318,131.800,267.8,552,891,0.619,552,1
1318,131.800,372.5,636,871,0.610,547,1
1318,131.800,459.1,708,875,0.853,542,1
1318,131.800,555.7,668,887,0.879,1,1
1318,131.800,654.8,472,903,0.925,533,1
1318,131.800,749.6,668,887,0.894,543,1
1318,131.800,846.5,756,883,0.914,541,1
1319,131.900,181.2,676,887,0.604,557,0
1319,131.900,278.7,728,891,0.633,552,1
1319,131.900,373.7,708,871,0.626,547,1
1319,131.900,467.1,716,883,0.741,542,1
1319,131.900,560.9,668,891,0.871,1,1
1319,131.900,659.5,476,899,0.929,533,1
1319,131.900,751.8,536,883,0.889,543,1
1319,131.900,850.4,752,883,0.915,541,1
1320,132.000,179.2,700,891,0.604,557,0
1320,132.000,280.9,752,891,0.616,552,1
1320,132.000,374.5,712,879,0.699,547,1
1320,132.000,468.3,684,879,0.873,542,1
1320,132.000,562.6,656,891,0.862,1,1
1320,132.000,659.4,484,895,0.916,533,1
1320,132.000,750.3,452,879,0.921,543,1
1320,132.000,850.7,752,883,0.918,541,1
1321,132.100,179.9,712,887,0.616,557,0
1321,132.100,283.3,744,883,0.660,552,1
1321,132.100,374.0,696,875,0.790,547,1
1321,132.100,469.5,628,875,0.906,542,1
1321,132.100,560.9,592,891,0.875,1,1
1321,132.100,658.3,500,891,0.922,533,1
1321,132.100,749.2,408,895,0.922,543,1
1321,132.100,848.4,652,879,0.913,541,1
1322,132.200,280.8,772,879,0.587,552,1
1322,132.200,374.8,696,887,0.612,547,1
1322,132.200,469.6,632,883,0.867,542,1
1322,132.200,560.6,564,891,0.897,1,1
1322,132.200,655.3,600,887,0.917,533,1
1322,132.200,751.8,544,895,0.923,543,1
1322,132.200,845.0,724,879,0.903,541,1
1323,132.300,99.9,784,867,0.587,558,0
1323,132.300,285.8,744,883,0.725,552,1
1323,132.300,381.0,700,883,0.640,547,1
1323,132.300,471.9,640,883,0.903,542,1
1323,132.300,562.9,552,891,0.902,1,1
1323,132.300,657.5,604,887,0.916,533,1
1323,132.300,751.1,656,891,0.928,543,1
1323,132.300,846.4,720,883,0.912,541,1
1324,132.400,288.3,772,879,0.556,552,1
1324,132.400,378.9,708,883,0.607,547,1
1324,132.400,472.0,620,883,0.920,542,1
1324,132.400,564.2,552,891,0.918,1,1
1324,132.400,656.8,604,887,0.926,533,1
1324,132.400,752.6,524,891,0.922,543,1
1324,132.400,845.2,568,883,0.908,541,1
1324,132.400,940.6,712,863,0.769,559,1
1325,132.500,292.3,760,879,0.609,552,1
1325,132.500,376.8,680,891,0.620,547,1
1325,132.500,472.5,608,891,0.772,542,1
1325,132.500,563.7,548,891,0.870,1,1
1325,132.500,655.4,480,891,0.839,533,1
1325,132.500,751.1,428,891,0.910,543,1
1325,132.500,843.0,496,879,0.892,541,1
1325,132.500,935.6,728,867,0.886,559,1
1326,132.600,293.3,756,883,0.687,552,1
1326,132.600,381.4,656,887,0.887,547,1
1326,132.600,470.6,616,891,0.940,542,1
1326,132.600,562.2,544,891,0.928,1,1
1326,132.600,655.2,484,887,0.911,533,1
1326,132.600,747.6,520,895,0.926,543,1
1326,132.600,846.5,608,875,0.900,541,1
1327,132.700,293.7,708,879,0.790,552,1
1327,132.700,381.5,608,891,0.895,547,1
1327,132.700,470.0,616,891,0.930,542,1
1327,132.700,562.5,624,891,0.926,1,1
1327,132.700,656.2,560,891,0.906,533,1
1327,132.700,747.9,532,899,0.914,543,1
1327,132.700,846.3,740,855,0.752,541,1
1327,132.700,933.5,532,831,0.687,559,1
1328,132.800,293.3,632,883,0.668,552,1
1328,132.800,383.9,656,879,0.882,547,1
1328,132.800,469.2,596,891,0.905,542,1
1328,132.800,561.8,544,891,0.904,1,1
1328,132.800,659.4,588,891,0.905,533,1
1328,132.800,751.0,548,887,0.919,543,1
1328,132.800,845.7,592,867,0.747,541,1
1328,132.800,938.2,720,863,0.647,559,1
1329,132.900,292.8,632,879,0.734,552,1
1329,132.900,384.1,676,883,0.891,547,1
1329,132.900,472.6,612,891,0.896,542,1
1329,132.900,563.6,544,891,0.879,1,1
1329,132.900,661.2,588,891,0.929,533,1
1329,132.900,756.3,600,879,0.916,543,1
1329,132.900,845.1,620,867,0.677,541,1
1330,133.000,291.3,656,879,0.872,552,1
1330,133.000,382.9,744,887,0.819,547,1
1330,133.000,473.4,600,887,0.937,542,1
1330,133.000,565.6,644,891,0.906,1,1
1330,133.000,662.0,596,891,0.926,533,1
1330,133.000,754.5,664,879,0.915,543,1
1330,133.000,845.9,624,875,0.845,541,1
1330,133.000,940.8,764,863,0.584,559,1
1331,133.100,292.3,740,879,0.845,552,1
1331,133.100,385.0,684,887,0.777,547,1
1331,133.100,473.9,604,883,0.925,542,1
1331,133.100,566.6,652,887,0.899,1,1
1331,133.100,662.5,612,891,0.917,533,1
1331,133.100,754.1,660,883,0.925,543,1
1331,133.100,846.8,704,879,0.731,541,1
1331,133.100,940.6,748,863,0.593,559,1
1332,133.200,295.2,720,871,0.845,552,1
1332,133.200,384.2,664,875,0.849,547,1
1332,133.200,474.5,604,875,0.940,542,1
1332,133.200,567.5,656,883,0.857,1,1
1332,133.200,662.0,608,887,0.822,533,1
1332,133.200,754.6,672,879,0.920,543,1
1332,133.200,846.7,672,863,0.613,541,1
1333,133.300,204.3,736,863,0.785,560,0
1333,133.300,292.9,664,871,0.901,552,1
1333,133.300,384.2,664,863,0.872,547,1
1333,133.300,474.1,608,867,0.928,542,1
1333,133.300,566.8,652,879,0.933,1,1
1333,133.300,660.9,596,887,0.919,533,1
1333,133.300,754.7,668,879,0.926,543,1
1333,133.300,847.0,644,847,0.821,541,1
1334,133.400,292.2,700,831,0.891,552,1
1334,133.400,381.2,680,839,0.879,547,1
1334,133.400,471.6,624,847,0.928,542,1
1334,133.400,564.2,656,859,0.889,1,1
1334,133.400,659.3,608,875,0.923,533,1
1334,133.400,750.9,684,859,0.880,543,1
1335,133.500,291.2,644,827,0.875,552,1
1335,133.500,380.2,664,831,0.879,547,1
1335,133.500,471.2,604,839,0.915,542,1
1335,133.500,563.7,608,851,0.884,1,1
1335,133.500,658.3,620,847,0.914,533,1
1335,133.500,748.6,700,835,0.833,543,1
1336,133.600,288.8,620,819,0.881,552,1
1336,133.600,381.7,548,835,0.910,547,1
1336,133.600,471.0,592,835,0.933,542,1
1336,133.600,563.9,660,843,0.911,1,1
1336,133.600,658.0,688,831,0.911,533,1
1337,133.700,194.1,568,775,0.900,561,0
1337,133.700,288.8,632,835,0.589,552,1
1337,133.700,376.6,540,827,0.923,547,1
1337,133.700,469.6,576,835,0.937,542,1
1337,133.700,563.4,648,839,0.898,1,1
1337,133.700,655.5,636,835,0.916,533,1
1337,133.700,748.5,680,791,0.896,543,1
1337,133.700,835.9,752,831,0.490,562,1
1338,133.800,284.4,608,827,0.867,552,1
1338,133.800,373.3,532,827,0.903,547,1
1338,133.800,468.4,488,831,0.927,542,1
1338,133.800,559.4,544,847,0.910,1,1
1338,133.800,651.8,612,863,0.918,533,1
1338,133.800,746.2,676,819,0.865,543,1
1339,133.900,283.3,612,827,0.857,552,1
1339,133.900,371.7,540,827,0.868,547,1
1339,133.900,468.4,484,839,0.928,542,1
1339,133.900,559.7,540,851,0.917,1,1
1339,133.900,652.1,604,859,0.920,533,1
1339,133.900,747.8,664,815,0.873,543,1
1339,133.900,838.7,756,835,0.532,562,1
1340,134.000,281.8,640,823,0.813,552,1
1340,134.000,374.1,664,835,0.884,547,1
1340,134.000,469.0,588,843,0.932,542,1
1340,134.000,559.4,548,855,0.916,1,1
1340,134.000,652.4,604,859,0.925,533,1
1340,134.000,746.0,684,795,0.640,543,1
1341,134.100,281.5,688,843,0.860,552,1
1341,134.100,372.5,636,855,0.810,547,1
1341,134.100,466.5,604,859,0.909,542,1
1341,134.100,558.8,576,883,0.911,1,1
1341,134.100,653.1,660,871,0.910,533,1
1341,134.100,752.1,708,831,0.882,543,1
1342,134.200,275.8,692,803,0.463,552,1
1342,134.200,365.1,680,859,0.867,547,1
1342,134.200,463.5,592,875,0.892,542,1
1342,134.200,554.8,600,887,0.934,1,1
1342,134.200,651.7,684,879,0.909,533,1
1342,134.200,744.1,692,859,0.920,543,1
1342,134.200,845.5,740,847,0.889,562,1
1343,134.300,367.5,680,851,0.892,547,1
1343,134.300,462.9,584,871,0.910,542,1
1343,134.300,555.6,648,883,0.921,1,1
1343,134.300,653.6,688,875,0.908,533,1
1343,134.300,746.8,704,855,0.919,543,1
1343,134.300,845.8,744,843,0.872,562,1
1344,134.400,284.3,748,847,0.621,552,1
1344,134.400,370.5,676,855,0.695,547,1
1344,134.400,467.2,492,883,0.914,542,1
1344,134.400,558.3,652,891,0.934,1,1
1344,134.400,657.4,716,859,0.889,533,1
1344,134.400,753.7,712,847,0.516,543,1
1344,134.400,848.1,704,843,0.863,562,1
1344,134.400,940.2,724,859,0.852,563,0
1345,134.500,282.9,756,855,0.512,552,1
1345,134.500,370.8,704,859,0.895,547,1
1345,134.500,466.3,484,883,0.918,542,1
1345,134.500,558.1,664,891,0.930,1,1
1345,134.500,658.9,696,871,0.897,533,1
1345,134.500,844.7,544,839,0.909,562,1
1345,134.500,941.2,756,863,0.430,563,0
1346,134.600,279.7,764,859,0.715,552,1
1346,134.600,368.3,700,827,0.870,547,1
1346,134.600,463.5,472,879,0.895,542,1
1346,134.600,555.9,648,887,0.926,1,1
1346,134.600,656.7,688,875,0.907,533,1
1346,134.600,756.4,732,847,0.604,543,1
1346,134.600,852.4,548,839,0.739,562,1
1347,134.700,97.4,780,867,0.432,564,0
1347,134.700,278.7,768,855,0.650,552,1
1347,134.700,369.9,680,823,0.844,547,1
1347,134.700,464.3,492,879,0.904,542,1
1347,134.700,555.8,660,887,0.902,1,1
1347,134.700,656.5,680,875,0.823,533,1
1347,134.700,750.5,760,855,0.644,543,1
1347,134.700,858.7,736,839,0.531,562,1
1348,134.800,181.6,744,863,0.600,565,1
1348,134.800,277.8,748,867,0.727,552,1
1348,134.800,369.0,736,823,0.784,547,1
1348,134.800,466.4,496,883,0.896,542,1
1348,134.800,556.3,652,883,0.914,1,1
1348,134.800,657.9,704,875,0.838,533,1
1348,134.800,753.0,728,847,0.664,543,1
1348,134.800,854.4,772,847,0.534,562,1
1349,134.900,181.4,696,867,0.626,565,1
1349,134.900,276.0,756,867,0.676,552,1
1349,134.900,368.2,740,859,0.716,547,1
1349,134.900,462.5,608,879,0.867,542,1
1349,134.900,557.9,672,887,0.916,1,1
1349,134.900,655.0,688,875,0.827,533,1
1349,134.900,754.5,484,863,0.843,543,1
1349,134.900,848.1,776,859,0.813,562,1
1349,134.900,1041.8,728,823,0.442,566,0
1350,135.000,176.7,608,867,0.651,565,1
1350,135.000,270.6,764,875,0.700,552,1
1350,135.000,366.7,764,867,0.718,547,1
1350,135.000,460.0,572,883,0.824,542,1
1350,135.000,556.3,652,887,0.927,1,1
1350,135.000,657.7,756,875,0.830,533,1
1350,135.000,755.2,740,855,0.813,543,1
1350,135.000,846.0,760,871,0.870,562,1
1350,135.000,1046.7,600,831,0.876,566,0
1351,135.100,174.8,496,875,0.649,565,1
1351,135.100,265.9,776,883,0.656,552,1
1351,135.100,368.7,732,871,0.710,547,1
1351,135.100,459.9,600,875,0.892,542,1
1351,135.100,556.4,664,887,0.927,1,1
1351,135.100,660.6,740,879,0.863,533,1
1351,135.100,849.4,772,859,0.806,562,1
1352,135.200,176.6,484,715,0.596,565,1
1352,135.200,266.3,748,879,0.750,552,1
1352,135.200,364.8,708,851,0.856,547,1
1352,135.200,459.9,640,875,0.882,542,1
1352,135.200,556.7,660,879,0.928,1,1
1352,135.200,660.2,704,883,0.898,533,1
1352,135.200,760.2,488,803,0.927,543,1
1353,135.300,267.4,720,871,0.761,552,1
1353,135.300,366.1,688,851,0.840,547,1
1353,135.300,458.8,668,875,0.911,542,1
1353,135.300,557.2,668,883,0.920,1,1
1353,135.300,658.5,712,883,0.897,533,1
1353,135.300,762.8,596,751,0.701,543,1
1354,135.400,266.0,700,863,0.861,552,1
1354,135.400,364.1,768,847,0.690,547,1
1354,135.400,458.7,712,871,0.903,542,1
1354,135.400,557.2,580,887,0.920,1,1
1354,135.400,659.3,704,883,0.882,533,1
1354,135.400,765.9,616,827,0.896,543,1
1355,135.500,262.3,560,855,0.921,552,1
1355,135.500,368.1,720,855,0.848,547,1
1355,135.500,459.8,732,855,0.839,542,1
1355,135.500,557.9,660,887,0.933,1,1
1355,135.500,658.0,728,887,0.883,533,1
1355,135.500,764.0,608,843,0.807,543,1
1356,135.600,263.4,544,827,0.817,552,1
1356,135.600,360.9,692,859,0.756,547,1
1356,135.600,457.9,548,835,0.917,542,1
1356,135.600,559.2,628,883,0.912,1,1
1356,135.600,672.2,744,855,0.436,533,1
1356,135.600,768.4,588,827,0.885,543,1
1357,135.700,259.0,556,867,0.898,552,1
1357,135.700,355.6,720,879,0.862,547,1
1357,135.700,463.9,608,803,0.786,542,1
1357,135.700,559.5,648,883,0.913,1,1
1357,135.700,770.0,620,839,0.872,543,1
1358,135.800,62.0,620,839,0.829,567,0
1358,135.800,257.4,684,807,0.671,552,1
1358,135.800,350.5,712,883,0.910,547,1
1358,135.800,457.5,616,835,0.855,542,1
1358,135.800,557.5,644,879,0.906,1,1
1358,135.800,661.9,684,859,0.569,533,1
1358,135.800,772.0,724,835,0.525,543,1
1358,135.800,883.5,464,819,0.677,568,1
1359,135.900,66.7,616,831,0.779,567,0
1359,135.900,258.5,684,823,0.863,552,1
1359,135.900,353.1,724,887,0.883,547,1
1359,135.900,455.6,748,847,0.553,542,1
1359,135.900,557.5,648,879,0.920,1,1
1359,135.900,682.7,504,591,0.467,569,0
1359,135.900,882.4,468,843,0.876,568,1
1360,136.000,262.3,684,795,0.580,552,1
1360,136.000,354.4,712,879,0.871,547,1
1360,136.000,559.9,560,875,0.907,1,1
1360,136.000,675.0,408,779,0.837,569,0
1360,136.000,769.6,724,855,0.874,543,1
1360,136.000,888.0,476,823,0.946,568,1
1361,136.100,356.0,616,871,0.866,547,1
1361,136.100,562.7,640,867,0.908,1,1
1361,136.100,769.9,728,855,0.580,543,1
1361,136.100,889.9,476,831,0.795,568,1
1362,136.200,357.6,684,855,0.836,547,1
1362,136.200,561.3,668,871,0.876,1,1
1362,136.200,890.4,688,827,0.560,568,1
1363,136.300,562.2,648,871,0.876,1,1
1363,136.300,899.4,664,843,0.693,568,1
1364,136.400,353.6,648,803,0.414,547,1
1364,136.400,564.0,660,875,0.887,1,1
1364,136.400,898.1,736,839,0.528,568,1
1364,136.400,1021.6,628,819,0.860,570,0
1365,136.500,562.6,664,871,0.891,1,1
1365,136.500,689.4,524,827,0.804,571,1
1365,136.500,897.2,684,835,0.496,568,1
1365,136.500,1021.7,608,819,0.886,570,0
1366,136.600,364.2,484,807,0.643,547,1
1366,136.600,559.9,672,871,0.886,1,1
1366,136.600,694.0,548,859,0.669,571,1
1366,136.600,1024.3,596,835,0.657,570,0
1367,136.700,354.5,480,623,0.458,547,1
1367,136.700,558.3,672,867,0.903,1,1
1367,136.700,687.3,532,839,0.448,571,1
1368,136.800,357.3,480,603,0.587,547,1
1368,136.800,561.9,672,863,0.885,1,1
1368,136.800,699.8,552,775,0.580,571,1
1369,136.900,364.3,484,763,0.499,547,1
1369,136.900,564.8,676,875,0.896,1,1
1369,136.900,692.8,536,851,0.895,571,1
1370,137.000,563.9,664,871,0.894,1,1
1370,137.000,692.0,536,867,0.887,571,1
1371,137.100,561.2,668,871,0.902,1,1
1371,137.100,689.1,540,867,0.907,571,1
1371,137.100,809.9,664,783,0.437,572,1
1372,137.200,564.6,664,875,0.909,1,1
1372,137.200,693.3,536,871,0.923,571,1
1373,137.300,564.1,568,875,0.926,1,1
1373,137.300,692.7,552,879,0.923,571,1
1374,137.400,436.5,748,871,0.791,573,1
1374,137.400,560.2,588,879,0.918,1,1
1374,137.400,690.7,544,883,0.917,571,1
1374,137.400,821.0,664,855,0.875,572,1
1375,137.500,433.6,616,879,0.888,573,1
1375,137.500,559.3,636,883,0.911,1,1
1375,137.500,691.1,556,887,0.917,571,1
1375,137.500,820.4,656,879,0.909,572,1
1375,137.500,953.9,764,827,0.618,574,0
1376,137.600,433.2,632,887,0.880,573,1
1376,137.600,558.8,648,891,0.912,1,1
1376,137.600,692.1,668,891,0.911,571,1
1376,137.600,820.1,652,895,0.898,572,1
1376,137.600,955.4,776,851,0.442,574,0
1377,137.700,301.1,656,879,0.696,575,1
1377,137.700,430.9,676,879,0.885,573,1
1377,137.700,563.2,656,887,0.892,1,1
1377,137.700,692.0,652,891,0.911,571,1
1377,137.700,825.4,668,883,0.872,572,1
1378,137.800,303.9,656,875,0.613,575,1
1378,137.800,431.2,680,879,0.834,573,1
1378,137.800,563.9,652,891,0.896,1,1
1378,137.800,694.2,656,891,0.911,571,1
1378,137.800,820.9,672,875,0.666,572,1
1379,137.900,299.2,660,879,0.824,575,1
1379,137.900,431.0,572,891,0.897,573,1
1379,137.900,560.3,644,899,0.903,1,1
1379,137.900,694.8,672,903,0.912,571,1
1379,137.900,815.3,696,827,0.454,572,1
1379,137.900,933.3,728,831,0.404,576,0
1380,138.000,298.7,660,895,0.735,575,1
1380,138.000,431.7,656,895,0.887,573,1
1380,138.000,561.7,648,903,0.915,1,1
1380,138.000,695.2,668,911,0.902,571,1
1380,138.000,813.6,684,835,0.616,572,1
1381,138.100,303.9,668,879,0.809,575,1
1381,138.100,434.3,568,883,0.878,573,1
1381,138.100,560.3,600,887,0.915,1,1
1381,138.100,694.1,760,903,0.907,571,1
1381,138.100,1022.9,624,827,0.749,577,0
1382,138.200,305.4,684,795,0.511,575,1
1382,138.200,430.9,640,883,0.860,573,1
1382,138.200,559.8,624,895,0.908,1,1
1382,138.200,692.8,744,911,0.894,571,1
1382,138.200,1019.2,612,827,0.794,577,0
1383,138.300,428.5,568,887,0.778,573,1
1383,138.300,559.5,680,887,0.885,1,1
1383,138.300,693.0,772,899,0.909,571,1
1383,138.300,1020.6,728,827,0.467,577,0
1384,138.400,429.7,536,875,0.881,573,1
1384,138.400,560.5,644,875,0.911,1,1
1384,138.400,691.6,760,887,0.877,571,1
1385,138.500,431.9,532,859,0.693,573,1
1385,138.500,560.7,664,863,0.912,1,1
1385,138.500,690.5,760,855,0.872,571,1
1385,138.500,893.7,604,847,0.868,578,1
1386,138.600,314.7,596,803,0.467,579,1
1386,138.600,440.6,544,859,0.704,573,1
1386,138.600,561.5,672,863,0.912,1,1
1386,138.600,688.9,784,851,0.777,571,1
1386,138.600,894.3,704,847,0.900,578,1
1387,138.700,311.8,424,791,0.668,579,1
1387,138.700,436.0,580,823,0.855,573,1
1387,138.700,561.3,656,859,0.920,1,1
1387,138.700,679.6,736,851,0.839,571,1
1387,138.700,788.8,720,851,0.875,580,0
1387,138.700,897.2,724,859,0.827,578,1
1388,138.800,324.7,628,835,0.645,579,1
1388,138.800,427.2,544,623,0.754,573,1
1388,138.800,562.4,664,859,0.920,1,1
1388,138.800,678.9,708,855,0.873,571,1
1388,138.800,780.1,492,847,0.836,580,0
1388,138.800,897.1,716,859,0.866,578,1
1389,138.900,228.2,740,831,0.413,581,1
1389,138.900,338.9,704,835,0.588,579,1
1389,138.900,456.8,716,843,0.801,582,1
1389,138.900,561.6,652,863,0.897,1,1
1389,138.900,676.3,720,859,0.899,571,1
1389,138.900,778.1,472,851,0.795,580,0
1389,138.900,896.4,712,855,0.915,578,1
1389,138.900,971.0,404,523,0.588,583,0
1390,139.000,100.4,640,843,0.673,584,0
1390,139.000,232.4,736,843,0.608,581,1
1390,139.000,342.7,736,847,0.626,579,1
1390,139.000,446.1,564,847,0.902,582,1
1390,139.000,558.6,608,863,0.896,1,1
1390,139.000,676.0,692,863,0.910,571,1
1390,139.000,762.8,488,847,0.897,585,1
1390,139.000,895.0,724,851,0.860,578,1
1391,139.100,98.0,612,855,0.633,584,0
1391,139.100,230.5,648,847,0.630,581,1
1391,139.100,336.3,716,847,0.610,579,1
1391,139.100,446.4,736,855,0.660,582,1
1391,139.100,557.8,656,871,0.905,1,1
1391,139.100,668.4,728,867,0.893,571,1
1391,139.100,767.9,596,859,0.889,585,1
1392,139.200,233.1,760,843,0.585,581,1
1392,139.200,345.1,748,847,0.760,579,1
1392,139.200,457.5,740,847,0.781,582,1
1392,139.200,561.0,668,871,0.900,1,1
1392,139.200,673.5,736,867,0.903,571,1
1392,139.200,766.8,668,855,0.904,585,1
1392,139.200,883.5,728,863,0.602,578,1
1393,139.300,235.6,648,839,0.595,581,1
1393,139.300,348.8,736,851,0.835,579,1
1393,139.300,455.3,728,843,0.798,582,1
1393,139.300,561.5,668,871,0.901,1,1
1393,139.300,675.0,724,867,0.903,571,1
1393,139.300,766.0,620,855,0.914,585,1
1393,139.300,881.2,756,859,0.639,578,1
1394,139.400,236.1,604,843,0.631,581,1
1394,139.400,355.6,728,851,0.829,579,1
1394,139.400,454.4,720,847,0.875,582,1
1394,139.400,562.6,640,875,0.881,1,1
1394,139.400,673.1,676,867,0.905,571,1
1394,139.400,765.4,620,859,0.891,585,1
1394,139.400,878.6,756,863,0.558,578,1
1395,139.500,226.0,476,859,0.669,581,1
1395,139.500,356.6,728,859,0.853,579,1
1395,139.500,457.3,728,855,0.874,582,1
1395,139.500,558.1,584,875,0.906,1,1
1395,139.500,671.2,660,867,0.889,571,1
1395,139.500,767.2,624,863,0.916,585,1
1395,139.500,867.5,740,847,0.537,578,1
1396,139.600,29.9,700,839,0.645,586,0
1396,139.600,235.0,476,851,0.770,581,1
1396,139.600,356.7,688,867,0.911,579,1
1396,139.600,458.2,696,867,0.880,582,1
1396,139.600,557.9,616,875,0.907,1,1
1396,139.600,668.3,680,867,0.899,571,1
1396,139.600,769.1,684,871,0.920,585,1
1396,139.600,870.5,692,867,0.844,578,1
1397,139.700,32.3,688,847,0.606,586,0
1397,139.700,235.8,480,851,0.701,581,1
1397,139.700,356.6,664,871,0.851,579,1
1397,139.700,459.5,680,871,0.849,582,1
1397,139.700,558.4,596,875,0.904,1,1
1397,139.700,660.6,464,875,0.927,571,1
1397,139.700,769.1,632,875,0.925,585,1
1397,139.700,867.6,708,867,0.907,578,1
1397,139.700,1048.1,676,847,0.670,587,0
1398,139.800,353.1,628,863,0.891,579,1
1398,139.800,463.0,676,867,0.872,582,1
1398,139.800,557.7,596,875,0.912,1,1
1398,139.800,661.9,588,871,0.936,571,1
1398,139.800,768.6,700,871,0.930,585,1
1398,139.800,864.5,668,879,0.922,578,1
1398,139.800,967.9,660,855,0.411,588,0
1398,139.800,1059.2,616,855,0.627,587,0
1399,139.900,145.4,748,859,0.602,589,0
1399,139.900,352.3,632,871,0.903,579,1
1399,139.900,461.8,640,875,0.894,582,1
1399,139.900,555.9,584,883,0.907,1,1
1399,139.900,660.0,600,879,0.929,571,1
1399,139.900,767.1,700,879,0.922,585,1
1399,139.900,861.3,536,879,0.913,578,1
1399,139.900,960.3,656,863,0.454,588,0
1399,139.900,1055.6,712,859,0.689,587,0
1400,140.000,143.8,720,867,0.625,589,0
1400,140.000,262.6,740,875,0.609,590,1
1400,140.000,352.4,620,863,0.808,579,1
1400,140.000,462.8,616,879,0.833,582,1
1400,140.000,558.0,648,883,0.898,1,1
1400,140.000,660.1,628,871,0.911,571,1
1400,140.000,761.9,716,871,0.908,585,1
1400,140.000,856.7,544,871,0.883,578,1
1401,140.100,261.3,732,875,0.633,590,1
1401,140.100,351.7,608,867,0.712,579,1
1401,140.100,462.6,596,879,0.780,582,1
1401,140.100,558.5,640,887,0.882,1,1
1401,140.100,660.4,692,867,0.914,571,1
1401,140.100,761.4,724,863,0.795,585,1
1401,140.100,853.5,548,867,0.857,578,1
1402,140.200,264.8,712,871,0.611,590,1
1402,140.200,358.6,600,863,0.710,579,1
1402,140.200,465.7,616,875,0.813,582,1
1402,140.200,560.9,676,887,0.883,1,1
1402,140.200,661.2,672,871,0.923,571,1
1402,140.200,760.0,692,867,0.920,585,1
1402,140.200,854.5,712,871,0.908,578,1
1403,140.300,361.3,592,863,0.900,579,1
1403,140.300,464.1,636,871,0.837,582,1
1403,140.300,559.3,672,879,0.855,1,1
1403,140.300,660.9,564,879,0.916,571,1
1403,140.300,757.1,680,871,0.931,585,1
1403,140.300,854.2,736,879,0.840,578,1
1403,140.300,943.2,484,647,0.588,591,1
1404,140.400,163.8,664,779,0.419,592,0
1404,140.400,269.1,796,883,0.530,590,1
1404,140.400,358.3,484,859,0.895,579,1
1404,140.400,461.8,640,867,0.873,582,1
1404,140.400,559.7,652,879,0.886,1,1
1404,140.400,656.2,476,875,0.927,571,1
1404,140.400,758.2,668,871,0.921,585,1
1404,140.400,852.9,740,879,0.924,578,1
1404,140.400,941.1,472,863,0.832,591,1
1405,140.500,63.3,612,851,0.621,593,0
1405,140.500,267.6,564,891,0.574,590,1
1405,140.500,351.5,480,859,0.791,579,1
1405,140.500,462.6,620,863,0.909,582,1
1405,140.500,558.5,648,875,0.907,1,1
1405,140.500,655.2,572,879,0.926,571,1
1405,140.500,756.5,660,871,0.925,585,1
1405,140.500,856.5,760,871,0.892,578,1
1405,140.500,946.1,720,863,0.728,591,1
1406,140.600,63.3,612,855,0.625,593,0
1406,140.600,267.6,768,891,0.575,590,1
1406,140.600,360.3,492,855,0.810,579,1
1406,140.600,462.7,620,863,0.897,582,1
1406,140.600,559.5,660,879,0.891,1,1
1406,140.600,658.5,580,879,0.927,571,1
1406,140.600,759.4,696,875,0.920,585,1
1406,140.600,855.7,756,871,0.895,578,1
1406,140.600,947.4,648,867,0.573,591,1
1407,140.700,262.7,676,879,0.604,590,1
1407,140.700,463.9,644,875,0.712,582,1
1407,140.700,559.5,672,887,0.858,1,1
1407,140.700,656.8,572,887,0.916,571,1
1407,140.700,755.0,696,883,0.863,585,1
1407,140.700,851.1,684,879,0.910,578,1
1407,140.700,946.8,748,867,0.583,591,1
1408,140.800,262.8,552,883,0.635,590,1
1408,140.800,377.6,712,875,0.583,594,1
1408,140.800,462.7,652,875,0.762,582,1
1408,140.800,557.3,668,883,0.869,1,1
1408,140.800,655.9,472,887,0.918,571,1
1408,140.800,749.4,680,883,0.887,585,1
1408,140.800,848.2,748,875,0.873,578,1
1409,140.900,268.0,556,863,0.745,590,1
1409,140.900,370.7,708,839,0.655,594,1
1409,140.900,464.9,632,863,0.886,582,1
1409,140.900,560.5,672,883,0.861,1,1
1409,140.900,660.2,468,891,0.933,571,1
1409,140.900,755.2,656,883,0.914,585,1
1409,140.900,851.7,748,875,0.891,578,1
1410,141.000,174.3,780,867,0.539,595,1
1410,141.000,270.2,552,879,0.639,590,1
1410,141.000,376.0,688,867,0.539,594,1
1410,141.000,469.3,668,867,0.815,582,1
1410,141.000,561.0,672,883,0.858,1,1
1410,141.000,659.6,472,887,0.917,571,1
1410,141.000,754.2,676,883,0.885,585,1
1410,141.000,852.3,752,871,0.887,578,1
1411,141.100,182.4,760,879,0.622,595,1
1411,141.100,267.3,552,879,0.690,590,1
1411,141.100,377.0,712,863,0.553,594,1
1411,141.100,467.7,596,875,0.645,582,1
1411,141.100,558.5,612,883,0.878,1,1
1411,141.100,659.3,472,887,0.920,571,1
1411,141.100,753.1,580,883,0.910,585,1
1411,141.100,853.4,736,871,0.918,578,1
1412,141.200,179.2,748,867,0.595,595,1
1412,141.200,273.2,560,883,0.644,590,1
1412,141.200,375.7,708,871,0.590,594,1
1412,141.200,469.3,612,879,0.659,582,1
1412,141.200,559.3,560,883,0.857,1,1
1412,141.200,657.6,484,883,0.931,571,1
1412,141.200,752.0,648,891,0.923,585,1
1412,141.200,851.5,732,867,0.735,578,1
1413,141.300,178.6,756,863,0.583,595,1
1413,141.300,276.4,608,883,0.623,590,1
1413,141.300,375.5,708,875,0.600,594,1
1413,141.300,470.3,608,883,0.649,582,1
1413,141.300,560.0,552,887,0.849,1,1
1413,141.300,657.5,500,883,0.926,571,1
1413,141.300,751.4,408,887,0.915,585,1
1413,141.300,851.1,656,871,0.892,578,1
1414,141.400,177.3,496,587,0.601,595,1
1414,141.400,284.0,776,867,0.491,590,1
1414,141.400,373.4,708,871,0.725,594,1
1414,141.400,470.5,628,875,0.919,582,1
1414,141.400,561.1,552,883,0.902,1,1
1414,141.400,656.5,592,883,0.923,571,1
1414,141.400,751.1,428,887,0.928,585,1
1414,141.400,846.1,688,867,0.918,578,1
1415,141.500,95.9,728,859,0.587,596,0
1415,141.500,282.0,760,859,0.599,590,1
1415,141.500,374.7,736,871,0.688,594,1
1415,141.500,469.1,612,879,0.848,582,1
1415,141.500,561.8,548,887,0.910,1,1
1415,141.500,655.9,604,883,0.910,571,1
1415,141.500,749.7,644,879,0.924,585,1
1415,141.500,844.6,708,867,0.856,578,1
1416,141.600,292.1,764,859,0.511,590,1
1416,141.600,371.8,704,871,0.705,594,1
1416,141.600,470.0,608,883,0.888,582,1
1416,141.600,561.2,548,883,0.915,1,1
1416,141.600,654.8,472,875,0.917,571,1
1416,141.600,747.1,408,871,0.913,585,1
1416,141.600,842.7,484,863,0.906,578,1
1416,141.600,938.9,708,839,0.804,597,1
1417,141.700,292.0,760,875,0.614,590,1
1417,141.700,378.6,592,879,0.793,594,1
1417,141.700,472.1,616,887,0.912,582,1
1417,141.700,564.5,540,887,0.917,1,1
1417,141.700,658.3,476,883,0.906,571,1
1417,141.700,751.5,412,879,0.912,585,1
1417,141.700,848.5,476,867,0.870,578,1
1417,141.700,938.8,704,855,0.867,597,1
1418,141.800,291.7,720,875,0.713,590,1
1418,141.800,379.3,732,887,0.784,594,1
1418,141.800,471.3,612,887,0.927,582,1
1418,141.800,561.8,548,887,0.936,1,1
1418,141.800,655.8,484,883,0.903,571,1
1418,141.800,747.4,508,883,0.938,585,1
1418,141.800,844.0,612,867,0.903,578,1
1419,141.900,290.4,712,863,0.772,590,1
1419,141.900,378.1,672,871,0.910,594,1
1419,141.900,470.9,616,887,0.908,582,1
1419,141.900,561.5,552,887,0.919,1,1
1419,141.900,655.0,568,879,0.914,571,1
1419,141.900,748.8,532,875,0.915,585,1
1419,141.900,844.1,588,855,0.887,578,1
1419,141.900,934.1,540,851,0.709,597,1
1420,142.000,287.6,628,855,0.878,590,1
1420,142.000,378.9,600,879,0.872,594,1
1420,142.000,468.1,596,887,0.844,582,1
1420,142.000,562.3,528,887,0.906,1,1
1420,142.000,660.0,580,875,0.916,571,1
1420,142.000,752.3,536,863,0.908,585,1
1420,142.000,845.0,584,855,0.767,578,1
1421,142.100,288.5,640,871,0.898,590,1
1421,142.100,383.2,632,883,0.879,594,1
1421,142.100,472.7,588,895,0.911,582,1
1421,142.100,564.8,532,895,0.916,1,1
1421,142.100,661.0,580,879,0.936,571,1
1421,142.100,755.7,620,867,0.910,585,1
1421,142.100,842.8,608,851,0.885,578,1
1421,142.100,936.5,692,875,0.896,597,1
1422,142.200,292.9,656,875,0.415,590,1
1422,142.200,381.2,580,891,0.909,594,1
1422,142.200,472.9,596,891,0.921,582,1
1422,142.200,565.9,564,891,0.931,1,1
1422,142.200,662.3,592,883,0.931,571,1
1422,142.200,754.5,608,875,0.915,585,1
1422,142.200,846.0,684,871,0.908,578,1
1422,142.200,936.1,776,879,0.876,597,1
1423,142.300,292.2,732,883,0.902,590,1
1423,142.300,383.5,700,895,0.896,594,1
1423,142.300,472.5,612,899,0.929,582,1
1423,142.300,565.7,644,899,0.930,1,1
1423,142.300,660.7,612,895,0.933,571,1
1423,142.300,753.8,588,899,0.926,585,1
1423,142.300,846.4,648,887,0.920,578,1
1423,142.300,941.8,740,863,0.558,597,1
1424,142.400,199.8,788,859,0.467,598,0
1424,142.400,294.0,696,887,0.911,590,1
1424,142.400,383.6,668,895,0.902,594,1
1424,142.400,473.0,608,895,0.940,582,1
1424,142.400,567.1,640,899,0.933,1,1
1424,142.400,661.3,608,895,0.943,571,1
1424,142.400,755.5,668,891,0.922,585,1
1424,142.400,849.7,712,871,0.868,578,1
1425,142.500,202.2,736,859,0.869,598,0
1425,142.500,294.3,700,875,0.914,590,1
1425,142.500,386.3,680,891,0.920,594,1
1425,142.500,476.0,612,891,0.914,582,1
1425,142.500,567.0,656,903,0.936,1,1
1425,142.500,662.1,624,895,0.944,571,1
1425,142.500,755.8,672,891,0.919,585,1
1426,142.600,294.2,704,859,0.919,590,1
1426,142.600,385.2,584,871,0.907,594,1
1426,142.600,473.7,608,871,0.896,582,1
1426,142.600,566.8,564,887,0.913,1,1
1426,142.600,662.5,612,887,0.932,571,1
1426,142.600,757.0,672,879,0.905,585,1
1427,142.700,291.9,648,843,0.874,590,1
1427,142.700,383.0,676,851,0.882,594,1
1427,142.700,475.4,608,851,0.894,582,1
1427,142.700,567.0,656,863,0.918,1,1
1427,142.700,661.6,684,855,0.927,571,1
1427,142.700,759.1,696,827,0.865,585,1
1428,142.800,282.4,648,811,0.679,590,1
1428,142.800,379.5,556,823,0.858,594,1
1428,142.800,467.7,592,831,0.910,582,1
1428,142.800,561.8,664,847,0.940,1,1
1428,142.800,656.3,712,843,0.913,571,1
1429,142.900,194.2,676,791,0.438,599,0
1429,142.900,383.2,548,811,0.886,594,1
1429,142.900,471.0,572,831,0.928,582,1
1429,142.900,563.8,660,847,0.928,1,1
1429,142.900,660.4,720,831,0.884,571,1
1430,143.000,376.3,576,815,0.833,594,1
1430,143.000,473.0,508,835,0.914,582,1
1430,143.000,559.2,656,855,0.928,1,1
1430,143.000,656.5,716,843,0.902,571,1
1431,143.100,276.9,744,843,0.693,590,1
1431,143.100,371.9,684,851,0.920,594,1
1431,143.100,466.7,616,863,0.921,582,1
1431,143.100,557.9,556,879,0.939,1,1
1431,143.100,649.6,712,895,0.942,571,1
1431,143.100,745.7,692,803,0.595,600,1
1432,143.200,465.1,608,903,0.928,582,1
1432,143.200,554.7,620,903,0.947,1,1
1432,143.200,651.8,716,899,0.901,571,1
1432,143.200,751.0,784,879,0.760,600,1
1433,143.300,466.5,616,895,0.924,582,1
1433,143.300,556.0,580,903,0.940,1,1
1433,143.300,654.4,704,891,0.927,571,1
1433,143.300,747.8,788,871,0.406,600,1
1434,143.400,464.4,608,899,0.926,582,1
1434,143.400,558.5,664,903,0.937,1,1
1434,143.400,654.0,696,891,0.913,571,1
1434,143.400,752.3,776,883,0.879,600,1
1435,143.500,374.0,684,883,0.431,601,1
1435,143.500,462.3,500,895,0.893,582,1
1435,143.500,559.1,620,903,0.926,1,1
1435,143.500,659.6,676,891,0.905,571,1
1435,143.500,753.1,712,875,0.722,600,1
1435,143.500,846.8,772,867,0.774,602,1
1435,143.500,945.2,732,835,0.800,603,0
1436,143.600,376.9,652,835,0.597,601,1
1436,143.600,468.1,496,899,0.937,582,1
1436,143.600,559.4,656,903,0.934,1,1
1436,143.600,659.9,712,895,0.910,571,1
1436,143.600,849.1,776,855,0.461,602,1
1437,143.700,281.4,780,883,0.857,604,1
1437,143.700,465.7,608,903,0.901,582,1
1437,143.700,560.0,664,903,0.927,1,1
1437,143.700,661.5,728,883,0.855,571,1
1437,143.700,852.9,560,851,0.799,602,1
1437,143.700,949.1,716,823,0.413,603,0
1438,143.800,282.6,780,883,0.464,604,1
1438,143.800,467.8,628,899,0.880,582,1
1438,143.800,560.1,652,895,0.927,1,1
1438,143.800,664.2,716,871,0.784,571,1
1439,143.900,178.9,764,851,0.523,605,0
1439,143.900,372.0,724,871,0.519,601,1
1439,143.900,468.1,636,895,0.923,582,1
1439,143.900,560.8,656,895,0.936,1,1
1439,143.900,660.9,728,883,0.870,571,1
1440,144.000,272.4,760,879,0.855,604,1
1440,144.000,370.4,760,863,0.605,601,1
1440,144.000,468.6,708,883,0.900,582,1
1440,144.000,560.3,656,887,0.919,1,1
1440,144.000,661.0,768,871,0.549,571,1
1440,144.000,852.5,772,867,0.866,602,1
1440,144.000,1055.7,592,803,0.652,606,0
1441,144.100,274.0,760,871,0.833,604,1
1441,144.100,370.5,768,859,0.710,601,1
1441,144.100,470.4,700,887,0.905,582,1
1441,144.100,561.4,664,891,0.922,1,1
1441,144.100,850.3,776,867,0.895,602,1
1441,144.100,1051.1,596,767,0.539,606,0
1442,144.200,270.9,768,883,0.841,604,1
1442,144.200,370.4,748,863,0.815,601,1
1442,144.200,467.6,652,883,0.914,582,1
1442,144.200,562.3,660,895,0.913,1,1
1442,144.200,664.8,768,883,0.700,571,1
1442,144.200,852.4,796,859,0.603,602,1
1442,144.200,1056.8,600,775,0.647,606,0
1443,144.300,273.0,764,883,0.851,604,1
1443,144.300,562.7,668,895,0.929,1,1
1443,144.300,668.1,720,863,0.634,571,1
1444,144.400,271.2,756,883,0.838,604,1
1444,144.400,370.6,744,847,0.737,601,1
1444,144.400,473.3,728,863,0.495,582,1
1444,144.400,562.8,664,891,0.925,1,1
1444,144.400,665.9,728,883,0.686,571,1
1445,144.500,276.2,756,867,0.826,604,1
1445,144.500,562.8,668,891,0.917,1,1
1445,144.500,666.2,756,867,0.604,571,1
1446,144.600,272.2,744,871,0.734,604,1
1446,144.600,563.9,652,887,0.911,1,1
1447,144.700,562.6,652,879,0.926,1,1
1448,144.800,361.5,732,875,0.700,607,1
1448,144.800,563.0,652,879,0.918,1,1
1449,144.900,66.7,716,871,0.896,608,0
1449,144.900,264.3,680,803,0.702,604,1
1449,144.900,357.8,724,883,0.896,607,1
1449,144.900,563.5,632,871,0.927,1,1
1449,144.900,774.3,716,831,0.531,609,0
1450,145.000,64.0,752,819,0.422,608,0
1450,145.000,361.2,720,891,0.724,607,1
1450,145.000,563.4,648,855,0.921,1,1
1451,145.100,565.8,612,859,0.924,1,1
1451,145.100,774.2,732,835,0.462,609,0
1451,145.100,891.1,476,671,0.876,610,0
1452,145.200,363.5,644,871,0.599,607,1
1452,145.200,481.4,676,775,0.530,611,0
1452,145.200,564.8,644,867,0.912,1,1
1452,145.200,774.5,724,835,0.860,609,0
1453,145.300,369.0,628,851,0.609,607,1
1453,145.300,565.2,648,867,0.909,1,1
1453,145.300,777.0,728,823,0.791,609,0
1454,145.400,370.7,704,843,0.408,607,1
1454,145.400,567.2,660,867,0.896,1,1
1455,145.500,565.7,668,867,0.921,1,1
1456,145.600,564.4,668,867,0.908,1,1
1457,145.700,564.5,660,863,0.905,1,1
1457,145.700,1024.7,688,843,0.560,612,0
1458,145.800,567.2,652,863,0.910,1,1
1459,145.900,567.0,668,867,0.914,1,1
1460,146.000,568.0,656,859,0.903,1,1
1460,146.000,701.4,564,843,0.770,613,1
1461,146.100,568.0,664,855,0.916,1,1
1461,146.100,695.3,544,859,0.922,613,1
1462,146.200,568.6,664,867,0.912,1,1
1462,146.200,698.2,540,863,0.928,613,1
1463,146.300,570.9,668,855,0.886,1,1
1463,146.300,696.7,544,855,0.920,613,1
1464,146.400,107.7,672,771,0.499,614,0
1464,146.400,566.5,640,867,0.924,1,1
1464,146.400,695.0,556,863,0.918,613,1
1465,146.500,441.4,696,851,0.663,615,1
1465,146.500,567.0,656,867,0.920,1,1
1465,146.500,702.7,584,863,0.876,613,1
1466,146.600,443.1,744,867,0.893,615,1
1466,146.600,566.6,624,871,0.927,1,1
1466,146.600,702.6,672,871,0.898,613,1
1466,146.600,832.8,672,855,0.859,616,1
1467,146.700,443.4,768,875,0.882,615,1
1467,146.700,567.5,648,875,0.888,1,1
1467,146.700,699.1,544,879,0.888,613,1
1467,146.700,830.1,652,879,0.774,616,1
1468,146.800,442.4,624,867,0.870,615,1
1468,146.800,567.1,656,879,0.920,1,1
1468,146.800,699.2,624,879,0.916,613,1
1468,146.800,832.8,668,879,0.930,616,1
1468,146.800,956.9,740,823,0.642,617,0
1469,146.900,441.3,664,859,0.867,615,1
1469,146.900,570.0,660,875,0.908,1,1
1469,146.900,699.6,656,879,0.863,613,1
1469,146.900,831.4,696,871,0.841,616,1
1470,147.000,308.6,668,867,0.869,618,0
1470,147.000,441.4,668,863,0.899,615,1
1470,147.000,570.5,668,883,0.919,1,1
1470,147.000,702.7,664,891,0.915,613,1
1470,147.000,835.6,728,863,0.872,616,1
1471,147.100,307.1,664,875,0.870,618,0
1471,147.100,439.4,672,867,0.895,615,1
1471,147.100,568.9,660,883,0.918,1,1
1471,147.100,702.8,692,903,0.901,613,1
1472,147.200,310.1,672,863,0.789,618,0
1472,147.200,440.0,560,859,0.903,615,1
1472,147.200,567.0,624,875,0.904,1,1
1472,147.200,700.5,744,899,0.887,613,1
1472,147.200,849.4,724,847,0.563,616,1
1473,147.300,445.0,660,863,0.904,615,1
1473,147.300,568.3,632,875,0.912,1,1
1473,147.300,701.2,728,899,0.870,613,1
1473,147.300,821.9,708,835,0.463,619,0
1474,147.400,443.1,636,855,0.802,615,1
1474,147.400,568.4,664,871,0.920,1,1
1474,147.400,701.5,760,891,0.892,613,1
1475,147.500,444.4,652,863,0.895,615,1
1475,147.500,570.5,676,879,0.922,1,1
1475,147.500,704.1,768,883,0.886,613,1
1476,147.600,433.2,532,831,0.821,615,1
1476,147.600,571.5,664,875,0.917,1,1
1476,147.600,703.7,776,867,0.860,613,1
1477,147.700,459.1,772,847,0.771,620,1
1477,147.700,571.0,664,871,0.912,1,1
1477,147.700,703.1,764,859,0.831,613,1
1477,147.700,897.4,676,819,0.720,621,1
1478,147.800,337.1,740,819,0.808,622,0
1478,147.800,451.6,660,855,0.857,620,1
1478,147.800,571.5,660,871,0.914,1,1
1478,147.800,701.7,748,855,0.778,613,1
1478,147.800,906.4,684,851,0.669,621,1
1479,147.900,354.5,744,823,0.561,623,0
1479,147.900,453.4,580,835,0.844,620,1
1479,147.900,570.9,660,867,0.908,1,1
1479,147.900,693.5,756,855,0.770,613,1
1479,147.900,907.5,736,863,0.786,621,1
1480,148.000,352.6,756,839,0.626,623,0
1480,148.000,466.5,752,851,0.815,620,1
1480,148.000,572.1,652,875,0.908,1,1
1480,148.000,689.9,728,863,0.878,613,1
1480,148.000,801.6,772,863,0.787,624,0
1480,148.000,905.0,724,867,0.848,621,1
1481,148.100,104.9,612,831,0.632,625,0
1481,148.100,235.9,720,863,0.617,626,1
1481,148.100,345.9,740,855,0.595,623,0
1481,148.100,459.8,744,851,0.532,620,1
1481,148.100,569.9,672,875,0.806,1,1
1481,148.100,687.5,768,867,0.805,613,1
1481,148.100,800.0,784,867,0.796,624,0
1481,148.100,906.7,748,863,0.625,621,1
1482,148.200,109.6,624,815,0.619,625,0
1482,148.200,236.5,676,851,0.794,626,1
1482,148.200,464.6,780,851,0.512,620,1
1482,148.200,571.8,672,875,0.888,1,1
1482,148.200,687.8,764,875,0.878,613,1
1482,148.200,796.8,776,867,0.708,624,0
1483,148.300,237.7,636,847,0.703,626,1
1483,148.300,573.8,668,879,0.890,1,1
1483,148.300,685.8,752,883,0.911,613,1
1483,148.300,781.7,712,863,0.682,627,1
1484,148.400,237.1,624,847,0.672,626,1
1484,148.400,372.0,712,839,0.776,628,1
1484,148.400,475.4,724,851,0.453,620,1
1484,148.400,574.4,672,883,0.886,1,1
1484,148.400,685.6,768,887,0.905,613,1
1484,148.400,774.9,720,871,0.864,627,1
1484,148.400,895.1,760,867,0.685,621,1
1485,148.500,366.4,720,855,0.909,628,1
1485,148.500,472.0,740,867,0.885,620,1
1485,148.500,571.5,584,883,0.896,1,1
1485,148.500,685.6,696,883,0.892,613,1
1485,148.500,773.8,616,875,0.856,627,1
1485,148.500,891.5,772,867,0.613,621,1
1486,148.600,242.7,496,675,0.696,626,1
1486,148.600,367.3,708,871,0.855,628,1
1486,148.600,474.9,696,875,0.872,620,1
1486,148.600,572.6,612,883,0.854,1,1
1486,148.600,685.3,752,879,0.913,613,1
1486,148.600,772.2,628,875,0.780,627,1
1487,148.700,41.1,808,855,0.534,629,0
1487,148.700,366.3,708,879,0.911,628,1
1487,148.700,479.7,704,891,0.884,620,1
1487,148.700,572.0,628,887,0.898,1,1
1487,148.700,685.5,712,883,0.891,613,1
1487,148.700,781.3,624,887,0.903,627,1
1487,148.700,889.8,756,863,0.478,621,1
1488,148.800,43.2,688,831,0.534,629,0
1488,148.800,246.7,484,699,0.575,626,1
1488,148.800,367.0,668,879,0.913,628,1
1488,148.800,472.1,700,883,0.834,620,1
1488,148.800,571.2,632,887,0.826,1,1
1488,148.800,683.0,736,883,0.884,613,1
1488,148.800,780.7,704,899,0.837,627,1
1489,148.900,360.9,692,875,0.936,628,1
1489,148.900,471.6,648,887,0.912,620,1
1489,148.900,566.2,596,891,0.892,1,1
1489,148.900,675.7,728,887,0.899,613,1
1489,148.900,777.8,720,899,0.916,627,1
1489,148.900,872.6,440,895,0.912,630,1
1489,148.900,974.6,748,871,0.471,631,0
1489,148.900,1068.0,588,867,0.629,632,0
1490,149.000,164.3,792,859,0.566,633,0
1490,149.000,363.7,716,883,0.838,628,1
1490,149.000,478.2,676,887,0.896,620,1
1490,149.000,569.5,640,887,0.884,1,1
1490,149.000,676.4,628,887,0.911,613,1
1490,149.000,781.0,720,899,0.918,627,1
1490,149.000,876.2,540,891,0.918,630,1
1490,149.000,977.7,696,875,0.604,631,0
1490,149.000,1070.2,596,867,0.722,632,0
1491,149.100,276.3,788,879,0.560,634,1
1491,149.100,363.8,620,875,0.852,628,1
1491,149.100,477.0,668,891,0.888,620,1
1491,149.100,569.7,636,887,0.893,1,1
1491,149.100,679.0,684,887,0.910,613,1
1491,149.100,783.2,728,891,0.906,627,1
1491,149.100,869.0,548,879,0.939,630,1
1492,149.200,275.6,724,891,0.623,634,1
1492,149.200,366.1,616,891,0.729,628,1
1492,149.200,480.3,728,891,0.859,620,1
1492,149.200,571.9,608,891,0.870,1,1
1492,149.200,674.9,616,891,0.901,613,1
1492,149.200,781.3,712,891,0.936,627,1
1492,149.200,869.6,548,883,0.904,630,1
1493,149.300,286.9,780,883,0.600,634,1
1493,149.300,374.2,608,879,0.835,628,1
1493,149.300,474.5,632,891,0.869,620,1
1493,149.300,570.4,668,891,0.832,1,1
1493,149.300,676.0,708,887,0.903,613,1
1493,149.300,774.7,728,875,0.882,627,1
1493,149.300,866.6,600,879,0.885,630,1
1494,149.400,284.9,744,887,0.604,634,1
1494,149.400,377.5,612,883,0.619,628,1
1494,149.400,480.1,684,891,0.795,620,1
1494,149.400,569.2,660,891,0.821,1,1
1494,149.400,675.6,720,883,0.887,613,1
1494,149.400,773.4,732,879,0.893,627,1
1494,149.400,869.6,744,879,0.871,630,1
1495,149.500,80.9,744,867,0.594,635,0
1495,149.500,284.9,776,891,0.579,634,1
1495,149.500,375.1,652,871,0.876,628,1
1495,149.500,477.9,704,883,0.864,620,1
1495,149.500,572.7,668,887,0.817,1,1
1495,149.500,676.6,640,887,0.919,613,1
1495,149.500,774.0,712,879,0.906,627,1
1495,149.500,869.9,732,887,0.922,630,1
1495,149.500,951.0,472,739,0.635,636,1
1496,149.600,76.8,620,879,0.622,635,0
1496,149.600,280.3,772,903,0.614,634,1
1496,149.600,371.2,496,867,0.874,628,1
1496,149.600,474.5,708,875,0.870,620,1
1496,149.600,569.2,648,883,0.881,1,1
1496,149.600,669.6,604,891,0.889,613,1
1496,149.600,772.1,696,887,0.907,627,1
1496,149.600,866.7,732,883,0.912,630,1
1496,149.600,952.8,472,859,0.654,636,1
1497,149.700,75.7,612,879,0.616,635,0
1497,149.700,279.0,760,903,0.597,634,1
1497,149.700,365.5,492,863,0.876,628,1
1497,149.700,475.6,632,879,0.876,620,1
1497,149.700,569.4,644,883,0.887,1,1
1497,149.700,671.0,620,891,0.903,613,1
1497,149.700,773.0,696,887,0.880,627,1
1497,149.700,867.8,748,879,0.897,630,1
1497,149.700,959.9,604,867,0.780,636,1
1498,149.800,284.3,740,891,0.638,634,1
1498,149.800,386.2,688,867,0.742,637,1
1498,149.800,477.8,592,879,0.860,620,1
1498,149.800,572.2,664,887,0.860,1,1
1498,149.800,674.5,640,899,0.920,613,1
1498,149.800,771.6,704,887,0.882,627,1
1498,149.800,867.1,732,879,0.872,630,1
1498,149.800,961.2,736,875,0.845,636,1
1499,149.900,287.4,764,887,0.598,634,1
1499,149.900,382.6,676,867,0.728,637,1
1499,149.900,479.1,704,875,0.865,620,1
1499,149.900,574.7,672,887,0.827,1,1
1499,149.900,675.3,504,899,0.917,613,1
1499,149.900,772.7,700,891,0.840,627,1
1499,149.900,868.2,752,879,0.902,630,1
1499,149.900,963.1,744,879,0.817,636,1
1499,149.900,1044.3,540,751,0.469,638,0
1500,150.000,291.2,740,879,0.549,634,1
1500,150.000,387.2,704,863,0.833,637,1
1500,150.000,479.7,700,871,0.883,620,1
1500,150.000,574.4,664,883,0.868,1,1
1500,150.000,672.8,476,899,0.927,613,1
1500,150.000,768.6,524,887,0.838,627,1
1500,150.000,864.7,752,879,0.904,630,1
1500,150.000,1050.4,792,875,0.608,638,0
1501,150.100,196.4,728,883,0.659,639,0
1501,150.100,294.1,720,887,0.779,634,1
1501,150.100,389.9,700,875,0.881,637,1
1501,150.100,480.1,700,875,0.884,620,1
1501,150.100,573.1,668,887,0.865,1,1
1501,150.100,672.7,472,899,0.930,613,1
1501,150.100,765.1,536,891,0.900,627,1
1501,150.100,862.4,740,879,0.911,630,1
1501,150.100,1050.2,780,871,0.636,638,0
1502,150.200,198.5,724,887,0.629,639,0
1502,150.200,297.4,740,887,0.680,634,1
1502,150.200,389.5,680,875,0.810,637,1
1502,150.200,483.2,684,879,0.879,620,1
1502,150.200,574.6,668,887,0.830,1,1
1502,150.200,674.3,472,903,0.925,613,1
1502,150.200,768.3,544,891,0.897,627,1
1502,150.200,863.6,728,883,0.894,630,1
1503,150.300,194.2,720,887,0.652,639,0
1503,150.300,297.2,760,887,0.723,634,1
1503,150.300,390.7,704,879,0.840,637,1
1503,150.300,486.6,644,883,0.883,620,1
1503,150.300,574.4,560,887,0.866,1,1
1503,150.300,673.3,480,895,0.920,613,1
1503,150.300,767.5,464,887,0.845,627,1
1503,150.300,866.9,736,879,0.897,630,1
1504,150.400,193.9,696,891,0.656,639,0
1504,150.400,297.6,748,883,0.815,634,1
1504,150.400,389.3,712,875,0.885,637,1
1504,150.400,486.0,632,879,0.898,620,1
1504,150.400,573.0,544,887,0.870,1,1
1504,150.400,673.0,476,895,0.925,613,1
1504,150.400,763.2,564,891,0.884,627,1
1504,150.400,861.8,748,875,0.883,630,1
1505,150.500,108.2,716,871,0.601,640,0
1505,150.500,299.5,748,891,0.591,634,1
1505,150.500,390.0,712,887,0.629,637,1
1505,150.500,484.8,648,895,0.778,620,1
1505,150.500,574.7,548,895,0.870,1,1
1505,150.500,671.7,596,895,0.916,613,1
1505,150.500,766.2,660,895,0.911,627,1
1505,150.500,856.6,636,879,0.802,630,1
1506,150.600,107.7,736,875,0.594,640,0
1506,150.600,300.4,744,887,0.774,634,1
1506,150.600,389.6,704,883,0.871,637,1
1506,150.600,486.1,624,895,0.917,620,1
1506,150.600,578.1,540,891,0.913,1,1
1506,150.600,672.1,600,891,0.918,613,1
1506,150.600,763.9,644,891,0.883,627,1
1506,150.600,859.6,644,883,0.887,630,1
1507,150.700,301.3,756,883,0.834,634,1
1507,150.700,389.3,692,895,0.874,637,1
1507,150.700,486.7,612,899,0.916,620,1
1507,150.700,580.0,540,895,0.924,1,1
1507,150.700,671.7,592,891,0.918,613,1
1507,150.700,764.0,416,887,0.895,627,1
1507,150.700,858.8,508,891,0.883,630,1
1508,150.800,302.1,756,899,0.777,634,1
1508,150.800,391.0,672,903,0.837,637,1
1508,150.800,487.3,612,899,0.913,620,1
1508,150.800,581.3,544,895,0.933,1,1
1508,150.800,672.8,464,891,0.913,613,1
1508,150.800,767.7,408,887,0.909,627,1
1508,150.800,859.3,524,891,0.896,630,1
1508,150.800,955.3,716,875,0.813,641,1
1509,150.900,304.5,752,903,0.612,634,1
1509,150.900,393.2,576,919,0.675,637,1
1509,150.900,486.6,604,899,0.937,620,1
1509,150.900,578.9,548,899,0.935,1,1
1509,150.900,670.9,476,903,0.917,613,1
1509,150.900,760.2,416,903,0.914,627,1
1509,150.900,858.4,612,879,0.870,630,1
1509,150.900,955.6,756,871,0.638,641,1
1510,151.000,307.9,700,883,0.601,634,1
1510,151.000,397.3,580,899,0.606,637,1
1510,151.000,487.6,608,899,0.840,620,1
1510,151.000,579.6,540,899,0.882,1,1
1510,151.000,672.0,552,899,0.880,613,1
1510,151.000,760.9,536,899,0.914,627,1
1510,151.000,859.5,600,879,0.874,630,1
1510,151.000,947.9,540,883,0.853,641,1
1511,151.100,210.4,756,883,0.596,642,1
1511,151.100,308.2,652,891,0.603,634,1
1511,151.100,398.7,636,895,0.601,637,1
1511,151.100,487.3,604,899,0.815,620,1
1511,151.100,580.4,536,895,0.886,1,1
1511,151.100,674.5,488,895,0.902,613,1
1511,151.100,763.1,536,883,0.906,627,1
1511,151.100,861.5,592,863,0.915,630,1
1511,151.100,949.8,688,875,0.777,641,1
1512,151.200,209.8,712,875,0.604,642,1
1512,151.200,304.5,612,891,0.615,634,1
1512,151.200,396.9,652,903,0.607,637,1
1512,151.200,487.8,600,899,0.810,620,1
1512,151.200,581.1,540,891,0.860,1,1
1512,151.200,675.9,592,891,0.932,613,1
1512,151.200,766.9,540,867,0.911,627,1
1512,151.200,856.0,600,867,0.918,630,1
1512,151.200,952.4,700,851,0.480,641,1
1513,151.300,302.2,652,887,0.775,634,1
1513,151.300,395.6,676,895,0.750,637,1
1513,151.300,488.0,600,891,0.929,620,1
1513,151.300,581.8,548,887,0.914,1,1
1513,151.300,676.8,596,887,0.937,613,1
1513,151.300,768.6,636,871,0.889,627,1
1513,151.300,861.1,592,871,0.911,630,1
1513,151.300,950.2,668,863,0.753,641,1
1514,151.400,305.5,696,891,0.868,634,1
1514,151.400,395.3,672,887,0.824,637,1
1514,151.400,486.6,600,887,0.941,620,1
1514,151.400,581.0,644,879,0.917,1,1
1514,151.400,676.4,604,883,0.927,613,1
1514,151.400,766.9,652,871,0.893,627,1
1514,151.400,859.4,600,875,0.912,630,1
1514,151.400,950.0,676,867,0.835,641,1
1515,151.500,214.3,712,879,0.639,642,1
1515,151.500,307.2,692,879,0.785,634,1
1515,151.500,397.0,612,883,0.764,637,1
1515,151.500,488.9,616,887,0.938,620,1
1515,151.500,583.4,640,879,0.896,1,1
1515,151.500,677.8,612,883,0.932,613,1
1515,151.500,767.4,552,875,0.845,627,1
1515,151.500,863.7,616,871,0.868,630,1
1515,151.500,957.4,688,855,0.588,641,1
1516,151.600,214.0,704,871,0.757,642,1
1516,151.600,308.2,608,871,0.864,634,1
1516,151.600,397.9,560,867,0.846,637,1
1516,151.600,490.0,600,875,0.934,620,1
1516,151.600,583.7,648,875,0.909,1,1
1516,151.600,677.5,604,887,0.930,613,1
1516,151.600,769.3,676,883,0.903,627,1
1516,151.600,860.2,732,863,0.838,630,1
1517,151.700,217.2,664,859,0.611,642,1
1517,151.700,309.9,624,859,0.624,634,1
1517,151.700,398.5,552,859,0.641,637,1
1517,151.700,489.7,604,851,0.920,620,1
1517,151.700,582.5,536,871,0.843,1,1
1517,151.700,678.0,600,891,0.924,613,1
1517,151.700,765.9,668,887,0.917,627,1
1517,151.700,858.3,628,847,0.550,630,1
1518,151.800,215.1,660,859,0.625,642,1
1518,151.800,309.3,604,859,0.626,634,1
1518,151.800,399.8,632,859,0.611,637,1
1518,151.800,488.3,600,851,0.811,620,1
1518,151.800,581.6,536,867,0.846,1,1
1518,151.800,677.6,604,887,0.925,613,1
1518,151.800,764.9,676,879,0.919,627,1
1518,151.800,859.7,612,839,0.570,630,1
1519,151.900,214.5,576,799,0.729,642,1
1519,151.900,301.0,600,847,0.886,634,1
1519,151.900,398.9,548,847,0.894,637,1
1519,151.900,486.8,580,843,0.921,620,1
1519,151.900,580.2,544,855,0.898,1,1
1519,151.900,674.4,580,859,0.918,613,1
1519,151.900,765.0,608,851,0.849,627,1
1519,151.900,859.3,656,831,0.678,630,1
1520,152.000,301.2,612,779,0.857,634,1
1520,152.000,393.6,536,839,0.925,637,1
1520,152.000,485.4,576,847,0.914,620,1
1520,152.000,579.2,560,851,0.910,1,1
1520,152.000,671.1,608,859,0.917,613,1
1520,152.000,763.4,640,851,0.862,627,1
1521,152.100,295.8,612,811,0.826,634,1
1521,152.100,387.4,432,835,0.906,637,1
1521,152.100,477.9,456,843,0.917,620,1
1521,152.100,572.7,540,863,0.912,1,1
1521,152.100,665.5,624,887,0.938,613,1
1521,152.100,759.0,612,867,0.896,627,1
1521,152.100,855.4,708,843,0.900,630,1
1522,152.200,294.8,616,839,0.881,634,1
1522,152.200,384.7,420,851,0.898,637,1
1522,152.200,476.8,464,855,0.913,620,1
1522,152.200,571.8,536,871,0.899,1,1
1522,152.200,665.4,600,899,0.937,613,1
1522,152.200,759.5,620,875,0.908,627,1
1522,152.200,852.3,712,847,0.877,630,1
1523,152.300,294.8,612,843,0.863,634,1
1523,152.300,387.3,536,843,0.893,637,1
1523,152.300,482.1,464,851,0.897,620,1
1523,152.300,571.7,532,867,0.903,1,1
1523,152.300,667.2,712,891,0.927,613,1
1523,152.300,763.9,652,859,0.888,627,1
1523,152.300,858.5,748,843,0.737,630,1
1524,152.400,297.3,684,851,0.805,634,1
1524,152.400,388.8,688,851,0.799,637,1
1524,152.400,483.4,596,859,0.880,620,1
1524,152.400,573.1,544,871,0.908,1,1
1524,152.400,667.3,608,883,0.918,613,1
1524,152.400,763.2,680,863,0.885,627,1
1524,152.400,862.5,732,835,0.767,630,1
1524,152.400,1043.0,780,859,0.719,643,0
1525,152.500,297.0,692,831,0.480,634,1
1525,152.500,386.8,692,847,0.774,637,1
1525,152.500,482.6,612,863,0.877,620,1
1525,152.500,573.7,556,875,0.875,1,1
1525,152.500,668.1,732,883,0.884,613,1
1525,152.500,764.7,708,867,0.888,627,1
1525,152.500,857.0,724,847,0.791,630,1
1525,152.500,951.4,480,827,0.675,644,1
1526,152.600,302.2,724,843,0.741,634,1
1526,152.600,387.4,580,855,0.795,637,1
1526,152.600,481.3,504,867,0.874,620,1
1526,152.600,574.7,556,879,0.823,1,1
1526,152.600,669.1,728,879,0.844,613,1
1526,152.600,761.7,716,867,0.849,627,1
1526,152.600,859.5,688,851,0.666,630,1
1526,152.600,954.7,604,827,0.571,644,1
1527,152.700,299.0,724,855,0.803,634,1
1527,152.700,387.8,608,863,0.811,637,1
1527,152.700,480.7,492,875,0.915,620,1
1527,152.700,574.4,636,879,0.806,1,1
1527,152.700,671.7,740,875,0.813,613,1
1527,152.700,762.6,712,871,0.810,627,1
1527,152.700,858.3,692,859,0.734,630,1
1527,152.700,958.8,600,847,0.613,644,1
1528,152.800,296.0,748,867,0.795,634,1
1528,152.800,394.5,700,863,0.850,637,1
1528,152.800,480.1,488,883,0.910,620,1
1528,152.800,574.1,576,883,0.759,1,1
1528,152.800,674.7,632,871,0.784,613,1
1528,152.800,762.9,668,875,0.579,627,1
1528,152.800,859.2,544,863,0.810,630,1
1528,152.800,955.2,732,827,0.467,644,1
1529,152.900,201.5,688,847,0.519,645,1
1529,152.900,296.7,760,871,0.780,634,1
1529,152.900,390.1,700,871,0.685,637,1
1529,152.900,481.0,480,887,0.900,620,1
1529,152.900,572.0,656,887,0.817,1,1
1529,152.900,673.8,740,875,0.900,613,1
1529,152.900,764.5,728,867,0.547,627,1
1529,152.900,862.3,752,863,0.819,630,1
1529,152.900,955.3,724,819,0.533,644,1
1530,153.000,106.3,572,723,0.570,646,0
1530,153.000,197.7,704,875,0.618,645,1
1530,153.000,294.8,776,879,0.615,634,1
1530,153.000,387.7,712,875,0.635,637,1
1530,153.000,480.1,488,891,0.846,620,1
1530,153.000,571.2,660,887,0.813,1,1
1530,153.000,674.2,732,887,0.921,613,1
1530,153.000,865.2,768,863,0.726,630,1
1531,153.100,106.6,588,863,0.574,646,0
1531,153.100,198.3,724,879,0.623,645,1
1531,153.100,296.3,784,875,0.594,634,1
1531,153.100,384.7,736,875,0.618,637,1
1531,153.100,483.5,576,899,0.833,620,1
1531,153.100,575.4,664,895,0.803,1,1
1531,153.100,677.2,712,887,0.862,613,1
1531,153.100,862.3,556,867,0.635,630,1
1532,153.200,194.8,604,875,0.611,645,1
1532,153.200,287.3,784,887,0.606,634,1
1532,153.200,384.9,724,879,0.615,637,1
1532,153.200,479.3,540,895,0.771,620,1
1532,153.200,573.9,656,887,0.856,1,1
1532,153.200,676.4,692,887,0.920,613,1
1532,153.200,767.6,484,875,0.888,627,1
1532,153.200,865.3,764,879,0.927,630,1
1532,153.200,1063.0,596,839,0.719,647,0
1533,153.300,193.2,504,871,0.602,645,1
1533,153.300,284.6,772,891,0.600,634,1
1533,153.300,380.0,676,879,0.626,637,1
1533,153.300,480.2,604,895,0.866,620,1
1533,153.300,572.3,652,887,0.891,1,1
1533,153.300,676.4,696,891,0.922,613,1
1533,153.300,763.0,520,875,0.602,627,1
1533,153.300,864.4,696,883,0.924,630,1
1533,153.300,1061.9,608,847,0.865,647,0
1534,153.400,190.8,488,879,0.617,645,1
1534,153.400,282.7,776,895,0.596,634,1
1534,153.400,382.5,660,883,0.645,637,1
1534,153.400,478.4,624,887,0.849,620,1
1534,153.400,573.7,652,887,0.868,1,1
1534,153.400,676.8,728,887,0.922,613,1
1534,153.400,771.6,740,867,0.752,627,1
1534,153.400,865.4,772,867,0.882,630,1
1535,153.500,195.0,484,835,0.595,645,1
1535,153.500,283.8,780,895,0.594,634,1
1535,153.500,380.1,712,887,0.653,637,1
1535,153.500,478.0,624,891,0.851,620,1
1535,153.500,574.5,664,891,0.851,1,1
1535,153.500,676.6,716,887,0.919,613,1
1535,153.500,772.7,704,871,0.792,627,1
1535,153.500,868.0,784,867,0.824,630,1
1536,153.600,287.8,784,879,0.597,634,1
1536,153.600,377.4,676,867,0.597,637,1
1536,153.600,472.8,696,879,0.780,620,1
1536,153.600,573.3,660,891,0.879,1,1
1536,153.600,675.8,736,899,0.902,613,1
1536,153.600,775.3,728,871,0.766,627,1
1537,153.700,288.7,780,875,0.594,634,1
1537,153.700,377.5,668,867,0.414,637,1
1537,153.700,473.6,692,879,0.795,620,1
1537,153.700,573.7,676,891,0.871,1,1
1537,153.700,673.8,760,899,0.891,613,1
1537,153.700,779.2,620,887,0.698,627,1
1538,153.800,278.8,548,879,0.649,634,1
1538,153.800,370.7,676,887,0.637,637,1
1538,153.800,473.3,684,879,0.874,620,1
1538,153.800,571.9,600,891,0.890,1,1
1538,153.800,674.0,728,903,0.904,613,1
1538,153.800,781.0,664,875,0.876,627,1
1539,153.900,83.3,716,875,0.895,648,0
1539,153.900,273.3,624,871,0.894,634,1
1539,153.900,367.5,700,887,0.904,637,1
1539,153.900,472.1,688,875,0.883,620,1
1539,153.900,574.6,552,883,0.904,1,1
1539,153.900,676.2,740,887,0.889,613,1
1539,153.900,782.0,616,871,0.906,627,1
1540,154.000,83.4,628,883,0.685,648,0
1540,154.000,272.0,516,883,0.876,634,1
1540,154.000,366.4,700,891,0.915,637,1
1540,154.000,470.4,700,875,0.882,620,1
1540,154.000,574.4,544,883,0.877,1,1
1540,154.000,677.7,764,887,0.859,613,1
1540,154.000,782.5,628,875,0.721,627,1
1541,154.100,79.9,612,847,0.695,648,0
1541,154.100,275.2,428,871,0.913,634,1
1541,154.100,366.0,600,887,0.926,637,1
1541,154.100,479.5,632,871,0.887,620,1
1541,154.100,574.4,576,883,0.909,1,1
1541,154.100,680.7,712,875,0.522,613,1
1541,154.100,789.4,616,859,0.903,627,1
1541,154.100,897.9,496,819,0.854,649,1
1542,154.200,271.3,724,831,0.814,634,1
1542,154.200,367.1,624,891,0.898,637,1
1542,154.200,469.3,700,875,0.899,620,1
1542,154.200,574.1,644,887,0.889,1,1
1542,154.200,680.9,688,871,0.537,613,1
1542,154.200,789.3,708,867,0.916,627,1
1542,154.200,902.1,468,755,0.772,649,1
1543,154.300,276.5,748,863,0.698,634,1
1543,154.300,369.6,612,883,0.904,637,1
1543,154.300,472.3,696,871,0.848,620,1
1543,154.300,578.0,660,883,0.862,1,1
1543,154.300,793.8,716,855,0.897,627,1
1543,154.300,905.5,476,723,0.919,649,1
1544,154.400,165.7,768,895,0.636,650,0
1544,154.400,371.3,604,859,0.896,637,1
1544,154.400,470.8,632,847,0.776,620,1
1544,154.400,577.5,572,875,0.914,1,1
1544,154.400,690.8,436,771,0.713,613,1
1544,154.400,792.2,712,863,0.894,627,1
1544,154.400,907.8,472,847,0.811,649,1
1545,154.500,373.5,608,871,0.900,637,1
1545,154.500,578.9,608,875,0.901,1,1
1545,154.500,692.4,512,771,0.550,613,1
1545,154.500,908.2,508,827,0.885,649,1
1546,154.600,371.4,588,859,0.842,637,1
1546,154.600,578.9,664,879,0.891,1,1
1546,154.600,920.3,732,851,0.719,649,1
1547,154.700,371.1,612,847,0.644,637,1
1547,154.700,581.1,628,875,0.916,1,1
1547,154.700,922.5,740,855,0.531,649,1
1548,154.800,582.4,640,867,0.903,1,1
1548,154.800,921.2,708,847,0.727,649,1
1548,154.800,1038.9,608,839,0.876,651,0
1549,154.900,373.3,492,739,0.932,637,1
1549,154.900,582.3,648,871,0.893,1,1
1549,154.900,920.8,724,819,0.730,649,1
1549,154.900,1042.7,608,835,0.881,651,0
1550,155.000,582.4,656,871,0.909,1,1
1550,155.000,704.4,548,739,0.791,652,1
1550,155.000,1043.8,616,839,0.732,651,0
1551,155.100,245.4,696,807,0.546,653,0
1551,155.100,364.3,576,727,0.679,637,1
1551,155.100,582.6,648,871,0.902,1,1
1552,155.200,251.1,564,799,0.511,653,0
1552,155.200,366.8,560,683,0.748,637,1
1552,155.200,582.3,632,875,0.906,1,1
1552,155.200,713.6,528,843,0.789,652,1
1553,155.300,244.7,564,795,0.758,653,0
1553,155.300,582.3,656,875,0.916,1,1
1553,155.300,710.9,532,855,0.888,652,1
1554,155.400,444.9,640,759,0.565,654,1
1554,155.400,581.6,656,879,0.913,1,1
1554,155.400,710.0,532,871,0.913,652,1
1555,155.500,346.3,712,823,0.455,655,0
1555,155.500,445.5,676,779,0.605,654,1
1555,155.500,582.8,556,879,0.912,1,1
1555,155.500,714.3,532,875,0.874,652,1
1556,155.600,115.4,608,755,0.627,656,0
1556,155.600,458.8,696,859,0.657,654,1
1556,155.600,582.9,540,879,0.930,1,1
1556,155.600,714.7,540,875,0.880,652,1
1557,155.700,117.2,588,767,0.850,656,0
1557,155.700,460.4,644,871,0.908,654,1
1557,155.700,581.9,552,883,0.922,1,1
1557,155.700,711.7,548,883,0.911,652,1
1557,155.700,856.4,716,871,0.430,657,1
1558,155.800,117.4,536,739,0.626,656,0
1558,155.800,456.6,560,875,0.926,654,1
1558,155.800,581.0,632,883,0.922,1,1
1558,155.800,713.7,648,887,0.908,652,1
1558,155.800,845.4,656,891,0.914,657,1
1558,155.800,979.7,772,859,0.707,658,0
1559,155.900,120.9,512,643,0.572,656,0
1559,155.900,451.1,564,879,0.904,654,1
1559,155.900,580.2,644,883,0.919,1,1
1559,155.900,715.9,660,891,0.898,652,1
1559,155.900,845.4,652,895,0.921,657,1
1559,155.900,980.1,764,871,0.694,658,0
1560,156.000,330.8,644,787,0.583,659,0
1560,156.000,453.8,624,871,0.905,654,1
1560,156.000,581.1,656,887,0.918,1,1
1560,156.000,715.1,656,887,0.899,652,1
1560,156.000,847.6,656,899,0.906,657,1
1560,156.000,976.7,772,847,0.680,658,0
1561,156.100,328.4,648,867,0.719,659,0
1561,156.100,452.8,664,879,0.905,654,1
1561,156.100,582.3,656,891,0.932,1,1
1561,156.100,713.0,652,891,0.910,652,1
1561,156.100,847.5,616,891,0.904,657,1
1562,156.200,311.7,660,887,0.853,660,0
1562,156.200,444.0,568,887,0.901,654,1
1562,156.200,576.9,644,907,0.917,1,1
1562,156.200,710.8,640,915,0.894,652,1
1563,156.300,312.4,668,863,0.865,660,0
1563,156.300,448.5,548,883,0.906,654,1
1563,156.300,579.2,632,903,0.896,1,1
1563,156.300,710.5,672,919,0.901,652,1
1563,156.300,858.8,688,843,0.530,657,1
1564,156.400,318.0,664,799,0.837,660,0
1564,156.400,451.4,540,879,0.899,654,1
1564,156.400,578.6,576,899,0.929,1,1
1564,156.400,711.0,632,919,0.887,652,1
1564,156.400,835.7,672,787,0.429,661,0
1565,156.500,323.9,668,803,0.740,660,0
1565,156.500,452.8,544,831,0.886,654,1
1565,156.500,579.9,560,891,0.914,1,1
1565,156.500,713.9,676,907,0.876,652,1
1565,156.500,1039.2,600,835,0.788,662,0
1566,156.600,446.8,544,871,0.863,654,1
1566,156.600,580.0,664,891,0.914,1,1
1566,156.600,712.6,700,903,0.898,652,1
1566,156.600,1040.7,620,847,0.715,662,0
1567,156.700,447.5,540,855,0.880,654,1
1567,156.700,580.4,664,879,0.906,1,1
1567,156.700,714.0,748,895,0.890,652,1
1567,156.700,921.1,732,835,0.731,663,1
1567,156.700,1041.6,724,843,0.708,662,0
1568,156.800,447.5,524,843,0.812,654,1
1568,156.800,580.9,672,879,0.899,1,1
1568,156.800,714.2,728,883,0.889,652,1
1568,156.800,818.2,764,855,0.794,664,1
1568,156.800,915.9,596,847,0.855,663,1
1569,156.900,464.5,664,879,0.796,665,1
1569,156.900,578.9,644,883,0.898,1,1
1569,156.900,710.3,764,875,0.873,652,1
1569,156.900,810.8,752,851,0.837,664,1
1569,156.900,910.6,612,851,0.900,663,1
1570,157.000,356.7,748,823,0.506,666,1
1570,157.000,466.1,684,847,0.785,665,1
1570,157.000,576.7,628,859,0.895,1,1
1570,157.000,705.7,756,847,0.788,652,1
1570,157.000,808.0,736,851,0.613,664,1
1570,157.000,914.3,708,863,0.763,663,1
1571,157.100,358.6,720,831,0.624,666,1
1571,157.100,471.4,704,847,0.769,665,1
1571,157.100,576.4,644,855,0.898,1,1
1571,157.100,696.2,740,851,0.815,652,1
1571,157.100,803.0,692,855,0.800,664,1
1571,157.100,913.3,724,867,0.889,663,1
1572,157.200,120.4,620,811,0.700,667,0
1572,157.200,248.1,712,847,0.604,668,1
1572,157.200,359.5,752,843,0.599,666,1
1572,157.200,454.1,544,819,0.703,669,0
1572,157.200,577.9,644,855,0.912,1,1
1572,157.200,695.0,716,855,0.890,652,1
1572,157.200,803.7,688,863,0.814,664,1
1572,157.200,916.0,716,867,0.904,663,1
1573,157.300,117.2,600,859,0.643,667,0
1573,157.300,247.7,656,855,0.613,668,1
1573,157.300,474.9,744,843,0.818,665,1
1573,157.300,578.4,648,859,0.888,1,1
1573,157.300,694.4,708,863,0.912,652,1
1573,157.300,799.6,672,867,0.783,664,1
1573,157.300,911.4,724,867,0.826,663,1
1574,157.400,248.5,628,851,0.742,668,1
1574,157.400,363.3,652,851,0.568,666,1
1574,157.400,473.7,612,847,0.703,665,1
1574,157.400,577.7,652,863,0.881,1,1
1574,157.400,692.9,736,867,0.909,652,1
1574,157.400,789.7,616,863,0.839,664,1
1575,157.500,248.1,616,843,0.720,668,1
1575,157.500,367.4,716,847,0.729,666,1
1575,157.500,477.1,736,847,0.888,665,1
1575,157.500,578.3,660,867,0.903,1,1
1575,157.500,692.0,740,871,0.906,652,1
1575,157.500,785.8,612,863,0.868,664,1
1575,157.500,904.7,720,867,0.680,663,1
1576,157.600,246.4,620,855,0.652,668,1
1576,157.600,374.7,724,847,0.716,666,1
1576,157.600,476.3,740,851,0.870,665,1
1576,157.600,578.8,668,871,0.858,1,1
1576,157.600,691.7,616,871,0.885,652,1
1576,157.600,780.6,608,863,0.882,664,1
1576,157.600,901.4,740,871,0.734,663,1
1577,157.700,256.0,724,859,0.581,668,1
1577,157.700,373.4,704,859,0.910,666,1
1577,157.700,477.7,732,863,0.871,665,1
1577,157.700,579.5,556,875,0.866,1,1
1577,157.700,692.2,688,871,0.894,652,1
1577,157.700,779.9,608,871,0.847,664,1
1577,157.700,894.3,752,879,0.829,663,1
1577,157.700,995.5,764,867,0.785,670,0
1578,157.800,52.0,712,855,0.612,671,0
1578,157.800,244.1,480,847,0.818,668,1
1578,157.800,372.0,636,871,0.903,666,1
1578,157.800,471.9,544,871,0.886,665,1
1578,157.800,574.8,552,875,0.886,1,1
1578,157.800,688.7,628,871,0.891,652,1
1578,157.800,784.4,604,875,0.907,664,1
1578,157.800,887.8,728,871,0.772,663,1
1578,157.800,998.3,768,863,0.491,670,0
1579,157.900,47.8,684,855,0.607,671,0
1579,157.900,239.5,480,719,0.854,668,1
1579,157.900,372.1,688,875,0.901,666,1
1579,157.900,476.1,660,883,0.847,665,1
1579,157.900,573.7,580,879,0.885,1,1
1579,157.900,688.3,664,883,0.901,652,1
1579,157.900,785.2,612,887,0.914,664,1
1579,157.900,885.2,676,879,0.862,663,1
1580,158.000,49.8,688,799,0.480,671,0
1580,158.000,251.9,488,707,0.858,668,1
1580,158.000,374.8,604,875,0.834,666,1
1580,158.000,479.6,624,879,0.861,665,1
1580,158.000,576.6,564,871,0.906,1,1
1580,158.000,685.7,576,879,0.895,652,1
1580,158.000,786.8,632,891,0.902,664,1
1580,158.000,884.1,432,891,0.926,663,1
1580,158.000,1070.4,600,851,0.697,672,0
1581,158.100,176.6,772,843,0.431,673,0
1581,158.100,372.2,620,867,0.870,666,1
1581,158.100,483.9,648,879,0.831,665,1
1581,158.100,576.6,552,879,0.879,1,1
1581,158.100,681.8,576,883,0.887,652,1
1581,158.100,786.3,716,895,0.907,664,1
1581,158.100,873.4,416,895,0.927,663,1
1581,158.100,987.3,704,871,0.532,670,0
1581,158.100,1073.1,608,867,0.872,672,0
1582,158.200,168.6,688,867,0.628,673,0
1582,158.200,279.1,728,871,0.614,674,1
1582,158.200,371.2,608,871,0.833,666,1
1582,158.200,483.3,648,887,0.871,665,1
1582,158.200,575.4,552,887,0.839,1,1
1582,158.200,684.4,624,883,0.905,652,1
1582,158.200,787.3,716,887,0.890,664,1
1582,158.200,879.1,448,891,0.930,663,1
1582,158.200,986.5,700,867,0.471,670,0
1582,158.200,1074.1,728,855,0.513,672,0
1583,158.300,172.3,684,883,0.619,673,0
1583,158.300,281.7,696,883,0.643,674,1
1583,158.300,372.8,616,867,0.823,666,1
1583,158.300,486.4,608,891,0.854,665,1
1583,158.300,576.1,652,887,0.838,1,1
1583,158.300,685.2,668,883,0.908,652,1
1583,158.300,788.5,724,887,0.902,664,1
1583,158.300,871.4,540,871,0.915,663,1
1584,158.400,279.4,696,879,0.633,674,1
1584,158.400,372.5,608,871,0.726,666,1
1584,158.400,485.7,612,895,0.847,665,1
1584,158.400,575.4,656,887,0.829,1,1
1584,158.400,683.7,696,879,0.891,652,1
1584,158.400,781.4,756,875,0.874,664,1
1584,158.400,870.6,548,875,0.914,663,1
1585,158.500,278.5,680,883,0.741,674,1
1585,158.500,371.4,604,871,0.816,666,1
1585,158.500,483.4,624,891,0.835,665,1
1585,158.500,574.7,660,887,0.847,1,1
1585,158.500,682.5,708,879,0.893,652,1
1585,158.500,780.9,740,875,0.857,664,1
1585,158.500,870.8,560,875,0.888,663,1
1586,158.600,84.4,728,871,0.617,675,0
1586,158.600,290.4,768,887,0.606,674,1
1586,158.600,376.6,476,871,0.849,666,1
1586,158.600,481.2,692,883,0.886,665,1
1586,158.600,576.3,668,887,0.852,1,1
1586,158.600,677.7,480,883,0.903,652,1
1586,158.600,774.3,708,883,0.885,664,1
1586,158.600,869.6,632,887,0.918,663,1
1586,158.600,957.3,464,831,0.613,676,1
1587,158.700,84.1,728,859,0.580,675,0
1587,158.700,286.4,764,895,0.636,674,1
1587,158.700,373.4,476,875,0.867,666,1
1587,158.700,481.9,688,887,0.880,665,1
1587,158.700,575.5,668,887,0.836,1,1
1587,158.700,678.4,588,887,0.895,652,1
1587,158.700,772.2,720,891,0.883,664,1
1587,158.700,866.8,548,887,0.905,663,1
1587,158.700,963.0,472,835,0.767,676,1
1588,158.800,84.5,608,899,0.645,675,0
1588,158.800,285.8,688,899,0.609,674,1
1588,158.800,379.7,488,867,0.856,666,1
1588,158.800,478.0,544,875,0.897,665,1
1588,158.800,576.0,644,879,0.885,1,1
1588,158.800,679.1,604,887,0.904,652,1
1588,158.800,774.2,700,887,0.888,664,1
1588,158.800,871.0,676,883,0.889,663,1
1588,158.800,962.7,480,859,0.592,676,1
1589,158.900,83.9,608,891,0.661,675,0
1589,158.900,287.9,676,891,0.712,674,1
1589,158.900,383.4,484,867,0.871,666,1
1589,158.900,481.4,632,883,0.805,665,1
1589,158.900,575.9,640,879,0.887,1,1
1589,158.900,677.0,592,887,0.922,652,1
1589,158.900,774.9,660,891,0.868,664,1
1589,158.900,874.0,740,879,0.904,663,1
1589,158.900,964.8,744,859,0.470,676,1
1590,159.000,288.3,544,883,0.637,674,1
1590,159.000,389.7,628,867,0.622,666,1
1590,159.000,482.7,620,871,0.878,665,1
1590,159.000,576.6,652,879,0.890,1,1
1590,159.000,676.9,568,895,0.934,652,1
1590,159.000,774.0,644,895,0.891,664,1
1590,159.000,871.3,712,883,0.879,663,1
1590,159.000,967.9,740,879,0.828,676,1
1590,159.000,1043.4,548,883,0.814,677,0
1591,159.100,289.6,544,883,0.656,674,1
1591,159.100,390.1,620,863,0.802,666,1
1591,159.100,483.8,632,871,0.858,665,1
1591,159.100,576.4,652,879,0.901,1,1
1591,159.100,676.0,488,899,0.923,652,1
1591,159.100,772.4,676,891,0.906,664,1
1591,159.100,871.2,708,879,0.895,663,1
1591,159.100,966.3,732,879,0.877,676,1
1591,159.100,1046.4,544,879,0.716,677,0
1592,159.200,289.1,548,871,0.642,674,1
1592,159.200,391.1,688,867,0.870,666,1
1592,159.200,483.6,624,871,0.872,665,1
1592,159.200,576.9,652,879,0.890,1,1
1592,159.200,678.7,568,903,0.921,652,1
1592,159.200,777.1,692,895,0.793,664,1
1592,159.200,869.1,740,883,0.907,663,1
1592,159.200,966.9,776,875,0.414,676,1
1592,159.200,1056.1,792,871,0.598,677,0
1593,159.300,201.8,732,871,0.682,678,0
1593,159.300,298.8,696,879,0.818,674,1
1593,159.300,389.4,664,859,0.866,666,1
1593,159.300,485.4,644,871,0.892,665,1
1593,159.300,578.4,656,879,0.869,1,1
1593,159.300,679.9,472,899,0.925,652,1
1593,159.300,768.6,524,895,0.918,664,1
1593,159.300,870.5,704,887,0.872,663,1
1593,159.300,1056.0,796,867,0.465,677,0
1594,159.400,202.5,708,883,0.612,678,0
1594,159.400,295.1,560,883,0.705,674,1
1594,159.400,396.8,720,867,0.608,666,1
1594,159.400,489.1,708,879,0.809,665,1
1594,159.400,577.9,664,887,0.809,1,1
1594,159.400,678.5,480,899,0.938,652,1
1594,159.400,773.2,548,891,0.884,664,1
1594,159.400,866.5,760,875,0.896,663,1
1595,159.500,196.0,728,863,0.609,678,0
1595,159.500,300.6,752,875,0.618,674,1
1595,159.500,396.2,712,871,0.621,666,1
1595,159.500,488.1,728,883,0.773,665,1
1595,159.500,580.3,672,887,0.861,1,1
1595,159.500,676.4,500,891,0.936,652,1
1595,159.500,767.3,448,891,0.912,664,1
1595,159.500,857.8,704,871,0.673,663,1
1596,159.600,301.8,736,875,0.613,674,1
1596,159.600,398.6,704,875,0.614,666,1
1596,159.600,491.9,624,883,0.776,665,1
1596,159.600,581.7,548,891,0.821,1,1
1596,159.600,678.2,560,895,0.948,652,1
1596,159.600,771.6,452,895,0.909,664,1
1596,159.600,866.7,676,871,0.687,663,1
1597,159.700,117.3,756,863,0.563,679,0
1597,159.700,201.6,716,799,0.462,678,0
1597,159.700,303.2,744,871,0.618,674,1
1597,159.700,396.2,692,875,0.653,666,1
1597,159.700,491.9,628,883,0.895,665,1
1597,159.700,582.7,548,891,0.888,1,1
1597,159.700,677.9,592,895,0.943,652,1
1597,159.700,772.3,432,895,0.913,664,1
1597,159.700,862.8,756,859,0.756,663,1
1598,159.800,117.1,592,863,0.497,679,0
1598,159.800,308.0,748,871,0.610,674,1
1598,159.800,397.0,696,883,0.624,666,1
1598,159.800,492.3,628,891,0.892,665,1
1598,159.800,584.5,548,891,0.918,1,1
1598,159.800,678.8,604,895,0.932,652,1
1598,159.800,772.2,660,887,0.893,664,1
1598,159.800,862.9,684,871,0.890,663,1
1599,159.900,110.8,552,775,0.605,679,0
1599,159.900,308.3,772,867,0.597,674,1
1599,159.900,394.9,696,891,0.630,666,1
1599,159.900,491.5,612,899,0.834,665,1
1599,159.900,584.1,552,891,0.882,1,1
1599,159.900,677.2,600,891,0.942,652,1
1599,159.900,771.7,412,887,0.898,664,1
1599,159.900,863.5,572,879,0.889,663,1
1599,159.900,956.8,704,847,0.661,680,1
1600,160.000,109.5,552,707,0.549,679,0
1600,160.000,310.4,752,883,0.616,674,1
1600,160.000,396.8,592,903,0.651,666,1
1600,160.000,491.3,616,903,0.875,665,1
1600,160.000,586.5,552,895,0.910,1,1
1600,160.000,678.2,472,891,0.934,652,1
1600,160.000,771.6,412,887,0.903,664,1
1600,160.000,862.5,480,883,0.889,663,1
1600,160.000,957.1,704,875,0.767,680,1
1601,160.100,312.8,732,879,0.472,674,1
1601,160.100,398.7,572,915,0.618,666,1
1601,160.100,490.5,620,903,0.926,665,1
1601,160.100,579.3,552,907,0.926,1,1
1601,160.100,675.6,492,907,0.915,652,1
1601,160.100,763.0,528,899,0.896,664,1
1601,160.100,857.7,616,871,0.892,663,1
1601,160.100,958.3,540,859,0.903,680,1
1602,160.200,309.4,684,871,0.602,674,1
1602,160.200,399.1,576,903,0.610,666,1
1602,160.200,489.0,620,903,0.894,665,1
1602,160.200,579.8,532,903,0.876,1,1
1602,160.200,671.2,568,899,0.881,652,1
1602,160.200,761.7,532,883,0.911,664,1
1602,160.200,861.7,604,875,0.894,663,1
1602,160.200,952.3,532,859,0.784,680,1
1603,160.300,214.1,704,871,0.612,681,1
1603,160.300,302.1,620,875,0.671,674,1
1603,160.300,396.1,660,875,0.878,666,1
1603,160.300,487.1,596,891,0.905,665,1
1603,160.300,580.5,540,887,0.889,1,1
1603,160.300,676.4,604,871,0.940,652,1
1603,160.300,767.2,628,855,0.895,664,1
1603,160.300,856.2,600,859,0.899,663,1
1604,160.400,216.3,700,867,0.576,681,1
1604,160.400,303.5,620,875,0.823,674,1
1604,160.400,399.0,664,879,0.879,666,1
1604,160.400,488.2,584,895,0.924,665,1
1604,160.400,581.5,536,883,0.901,1,1
1604,160.400,677.2,604,875,0.942,652,1
1604,160.400,771.9,556,855,0.891,664,1
1604,160.400,858.2,600,863,0.903,663,1
1604,160.400,951.1,680,835,0.538,680,1
1605,160.500,309.1,740,871,0.848,674,1
1605,160.500,398.7,680,879,0.850,666,1
1605,160.500,489.8,612,883,0.920,665,1
1605,160.500,583.2,656,875,0.911,1,1
1605,160.500,679.2,612,875,0.922,652,1
1605,160.500,770.6,568,867,0.890,664,1
1605,160.500,865.8,608,875,0.898,663,1
1605,160.500,954.5,720,867,0.613,680,1
1606,160.600,307.8,744,867,0.819,674,1
1606,160.600,397.0,672,863,0.838,666,1
1606,160.600,486.5,612,871,0.894,665,1
1606,160.600,580.2,660,863,0.908,1,1
1606,160.600,676.7,620,863,0.924,652,1
1606,160.600,765.5,568,859,0.890,664,1
1606,160.600,863.8,708,867,0.858,663,1
1606,160.600,951.1,712,859,0.592,680,1
1607,160.700,215.1,744,863,0.601,681,1
1607,160.700,306.2,604,859,0.811,674,1
1607,160.700,395.8,644,855,0.865,666,1
1607,160.700,486.5,600,855,0.919,665,1
1607,160.700,579.2,648,859,0.896,1,1
1607,160.700,674.2,616,871,0.914,652,1
1607,160.700,762.5,668,871,0.899,664,1
1607,160.700,859.2,744,863,0.711,663,1
1608,160.800,213.4,692,859,0.635,681,1
1608,160.800,304.8,608,859,0.849,674,1
1608,160.800,395.0,624,851,0.860,666,1
1608,160.800,487.6,604,855,0.888,665,1
1608,160.800,579.6,648,859,0.870,1,1
1608,160.800,673.3,612,879,0.910,652,1
1608,160.800,764.5,672,875,0.871,664,1
1608,160.800,858.9,728,859,0.694,663,1
1609,160.900,216.0,696,839,0.486,681,1
1609,160.900,300.8,632,859,0.697,674,1
1609,160.900,390.4,556,855,0.835,666,1
1609,160.900,482.9,604,859,0.917,665,1
1609,160.900,573.4,544,871,0.840,1,1
1609,160.900,667.9,568,895,0.870,652,1
1609,160.900,761.3,576,891,0.915,664,1
1609,160.900,852.8,608,863,0.830,663,1
1610,161.000,298.4,604,863,0.757,674,1
1610,161.000,389.9,560,855,0.878,666,1
1610,161.000,480.8,596,859,0.927,665,1
1610,161.000,571.6,540,875,0.844,1,1
1610,161.000,666.5,600,903,0.907,652,1
1610,161.000,760.3,628,891,0.912,664,1
1610,161.000,853.8,604,863,0.778,663,1
1611,161.100,199.5,540,839,0.816,682,1
1611,161.100,298.1,596,839,0.910,674,1
1611,161.100,384.6,532,883,0.917,666,1
1611,161.100,475.9,484,879,0.920,665,1
1611,161.100,567.9,524,891,0.911,1,1
1611,161.100,662.7,600,907,0.930,652,1
1611,161.100,758.8,620,903,0.931,664,1
1611,161.100,852.6,748,871,0.862,663,1
1612,161.200,199.7,540,811,0.744,682,1
1612,161.200,297.9,608,795,0.820,674,1
1612,161.200,386.5,528,895,0.914,666,1
1612,161.200,478.6,480,883,0.930,665,1
1612,161.200,572.5,536,895,0.922,1,1
1612,161.200,665.2,608,915,0.931,652,1
1612,161.200,759.9,576,903,0.925,664,1
1612,161.200,851.6,676,883,0.878,663,1
1613,161.300,207.9,736,855,0.556,682,1
1613,161.300,300.3,604,871,0.879,674,1
1613,161.300,390.8,428,883,0.903,666,1
1613,161.300,481.4,472,883,0.910,665,1
1613,161.300,574.4,540,891,0.912,1,1
1613,161.300,666.9,600,911,0.936,652,1
1613,161.300,761.8,568,899,0.907,664,1
1613,161.300,853.8,672,879,0.903,663,1
1614,161.400,207.2,724,871,0.592,682,1
1614,161.400,299.4,616,871,0.777,674,1
1614,161.400,390.0,524,867,0.858,666,1
1614,161.400,485.1,472,875,0.908,665,1
1614,161.400,574.2,524,887,0.911,1,1
1614,161.400,667.7,608,907,0.929,652,1
1614,161.400,763.3,664,891,0.902,664,1
1614,161.400,853.9,732,871,0.917,663,1
1614,161.400,1034.7,540,831,0.732,683,0
1615,161.500,299.6,616,875,0.669,674,1
1615,161.500,384.4,528,871,0.835,666,1
1615,161.500,482.9,564,879,0.896,665,1
1615,161.500,572.3,540,891,0.909,1,1
1615,161.500,665.7,604,903,0.946,652,1
1615,161.500,761.7,684,887,0.910,664,1
1615,161.500,853.9,740,867,0.825,663,1
1615,161.500,1047.0,760,859,0.652,683,0
1616,161.600,207.3,676,783,0.423,682,1
1616,161.600,300.0,692,871,0.660,674,1
1616,161.600,388.6,668,867,0.778,666,1
1616,161.600,484.7,604,879,0.867,665,1
1616,161.600,574.6,548,887,0.889,1,1
1616,161.600,668.0,588,895,0.926,652,1
1616,161.600,764.6,696,883,0.891,664,1
1616,161.600,857.4,732,867,0.840,663,1
1616,161.600,952.3,476,703,0.440,684,1
1616,161.600,1048.7,776,863,0.638,683,0
1617,161.700,208.5,700,791,0.627,682,1
1617,161.700,300.6,732,871,0.774,674,1
1617,161.700,386.5,408,863,0.856,666,1
1617,161.700,483.8,588,883,0.861,665,1
1617,161.700,572.3,556,887,0.902,1,1
1617,161.700,669.0,724,887,0.921,652,1
1617,161.700,764.2,696,887,0.906,664,1
1617,161.700,855.2,716,871,0.863,663,1
1617,161.700,957.2,608,843,0.598,684,1
1617,161.700,1047.8,780,855,0.436,683,0
1618,161.800,303.0,716,871,0.731,674,1
1618,161.800,386.7,548,867,0.909,666,1
1618,161.800,483.1,488,887,0.860,665,1
1618,161.800,575.0,648,887,0.851,1,1
1618,161.800,672.5,736,887,0.912,652,1
1618,161.800,766.8,708,883,0.864,664,1
1618,161.800,861.0,744,871,0.812,663,1
1618,161.800,961.1,732,851,0.521,684,1
1619,161.900,298.5,740,875,0.812,674,1
1619,161.900,387.8,660,879,0.887,666,1
1619,161.900,486.5,484,891,0.878,665,1
1619,161.900,574.8,624,887,0.871,1,1
1619,161.900,673.1,724,895,0.909,652,1
1619,161.900,769.1,728,887,0.904,664,1
1619,161.900,865.2,732,879,0.909,663,1
1619,161.900,959.3,720,879,0.817,684,1
1620,162.000,300.8,744,887,0.645,674,1
1620,162.000,394.5,688,887,0.751,666,1
1620,162.000,486.8,480,891,0.858,665,1
1620,162.000,579.4,640,891,0.818,1,1
1620,162.000,677.4,740,891,0.922,652,1
1620,162.000,769.2,728,887,0.906,664,1
1620,162.000,866.6,728,875,0.886,663,1
1620,162.000,963.6,688,875,0.700,684,1
1621,162.100,301.0,776,887,0.617,674,1
1621,162.100,395.0,696,883,0.783,666,1
1621,162.100,485.7,480,891,0.875,665,1
1621,162.100,580.4,580,891,0.788,1,1
1621,162.100,677.7,640,891,0.928,652,1
1621,162.100,769.2,704,887,0.911,664,1
1621,162.100,869.9,548,875,0.908,663,1
1621,162.100,964.0,720,855,0.611,684,1
1622,162.200,109.1,596,791,0.590,685,0
1622,162.200,203.0,740,879,0.603,686,1
1622,162.200,303.3,772,887,0.600,674,1
1622,162.200,391.7,704,883,0.656,666,1
1622,162.200,486.3,492,895,0.888,665,1
1622,162.200,579.8,596,891,0.803,1,1
1622,162.200,678.8,672,895,0.923,652,1
1622,162.200,771.0,752,891,0.621,664,1
1622,162.200,872.7,748,871,0.822,663,1
1623,162.300,109.5,576,815,0.623,685,0
1623,162.300,200.5,756,887,0.614,686,1
1623,162.300,299.0,752,895,0.604,674,1
1623,162.300,391.0,760,891,0.605,666,1
1623,162.300,486.8,724,903,0.725,665,1
1623,162.300,580.7,664,895,0.824,1,1
1623,162.300,680.3,744,895,0.910,652,1
1623,162.300,772.4,784,891,0.540,664,1
1623,162.300,871.4,772,883,0.884,663,1
1624,162.400,197.5,772,879,0.592,686,1
1624,162.400,296.0,764,891,0.603,674,1
1624,162.400,393.0,708,891,0.609,666,1
1624,162.400,489.0,708,903,0.726,665,1
1624,162.400,581.3,660,895,0.833,1,1
1624,162.400,682.1,720,899,0.911,652,1
1624,162.400,774.0,720,887,0.837,664,1
1624,162.400,871.0,772,891,0.923,663,1
1624,162.400,1072.6,604,739,0.583,687,0
1625,162.500,204.2,496,743,0.604,686,1
1625,162.500,290.4,724,899,0.611,674,1
1625,162.500,392.5,712,883,0.718,666,1
1625,162.500,488.3,620,891,0.892,665,1
1625,162.500,580.5,652,891,0.852,1,1
1625,162.500,679.4,672,899,0.906,652,1
1625,162.500,774.9,552,887,0.908,664,1
1625,162.500,868.7,768,895,0.923,663,1
1625,162.500,1072.2,604,767,0.599,687,0
1626,162.600,199.3,472,723,0.612,686,1
1626,162.600,289.1,544,899,0.666,674,1
1626,162.600,389.0,696,879,0.872,666,1
1626,162.600,485.8,596,891,0.908,665,1
1626,162.600,578.5,648,891,0.918,1,1
1626,162.600,682.3,680,903,0.914,652,1
1626,162.600,775.6,480,895,0.905,664,1
1626,162.600,869.6,772,887,0.926,663,1
1627,162.700,292.0,756,895,0.619,674,1
1627,162.700,390.5,712,891,0.621,666,1
1627,162.700,480.9,672,895,0.804,665,1
1627,162.700,579.8,656,899,0.886,1,1
1627,162.700,679.2,760,907,0.908,652,1
1627,162.700,776.1,576,891,0.918,664,1
1627,162.700,877.1,776,871,0.741,663,1
1628,162.800,288.4,728,887,0.691,674,1
1628,162.800,387.6,648,875,0.664,666,1
1628,162.800,479.1,644,887,0.901,665,1
1628,162.800,578.3,664,895,0.870,1,1
1628,162.800,678.9,752,907,0.923,652,1
1628,162.800,781.5,612,891,0.927,664,1
1628,162.800,878.2,760,875,0.503,663,1
1629,162.900,293.0,552,883,0.609,674,1
1629,162.900,379.5,656,879,0.598,666,1
1629,162.900,481.1,692,895,0.822,665,1
1629,162.900,579.9,620,899,0.883,1,1
1629,162.900,679.2,704,907,0.920,652,1
1629,162.900,783.9,620,887,0.904,664,1
1629,162.900,885.9,724,867,0.754,663,1
1630,163.000,289.0,740,879,0.634,674,1
1630,163.000,378.1,732,879,0.753,666,1
1630,163.000,483.8,676,887,0.881,665,1
1630,163.000,579.8,656,899,0.881,1,1
1630,163.000,681.2,704,907,0.898,652,1
1630,163.000,786.3,664,887,0.864,664,1
1630,163.000,882.3,764,883,0.581,663,1
1631,163.100,86.2,744,883,0.706,688,0
1631,163.100,285.5,736,891,0.821,674,1
1631,163.100,372.2,688,891,0.921,666,1
1631,163.100,479.3,688,887,0.885,665,1
1631,163.100,576.5,564,895,0.878,1,1
1631,163.100,680.7,736,903,0.892,652,1
1631,163.100,785.9,716,887,0.868,664,1
1632,163.200,85.8,620,879,0.735,688,0
1632,163.200,282.2,712,887,0.856,674,1
1632,163.200,370.6,700,899,0.917,666,1
1632,163.200,479.3,668,891,0.893,665,1
1632,163.200,577.1,564,895,0.870,1,1
1632,163.200,682.6,688,903,0.877,652,1
1632,163.200,785.8,696,891,0.899,664,1
1633,163.300,84.9,616,883,0.687,688,0
1633,163.300,283.2,716,895,0.604,674,1
1633,163.300,371.4,672,899,0.893,666,1
1633,163.300,476.2,628,891,0.891,665,1
1633,163.300,576.1,608,891,0.927,1,1
1633,163.300,684.4,680,899,0.909,652,1
1633,163.300,787.0,696,903,0.900,664,1
1633,163.300,903.6,476,719,0.681,689,1
1634,163.400,371.5,688,899,0.875,666,1
1634,163.400,473.7,684,887,0.884,665,1
1634,163.400,578.2,660,895,0.908,1,1
1634,163.400,684.9,772,887,0.703,652,1
1634,163.400,787.3,724,895,0.875,664,1
1634,163.400,903.8,468,727,0.682,689,1
1635,163.500,370.0,648,891,0.898,666,1
1635,163.500,470.7,680,887,0.874,665,1
1635,163.500,574.8,664,895,0.909,1,1
1635,163.500,682.7,552,887,0.879,652,1
1635,163.500,785.3,724,895,0.900,664,1
1635,163.500,898.9,472,871,0.679,689,1
1636,163.600,168.2,768,879,0.513,690,0
1636,163.600,368.9,624,887,0.911,666,1
1636,163.600,471.0,728,883,0.795,665,1
1636,163.600,575.3,560,887,0.916,1,1
1636,163.600,687.0,768,879,0.832,652,1
1636,163.600,789.3,720,883,0.699,664,1
1636,163.600,911.0,484,727,0.635,689,1
1637,163.700,170.1,732,855,0.652,690,0
1637,163.700,371.7,608,879,0.882,666,1
1637,163.700,580.0,588,899,0.914,1,1
1637,163.700,700.1,716,835,0.536,652,1
1637,163.700,923.0,740,867,0.403,689,1
1638,163.800,374.2,612,879,0.901,666,1
1638,163.800,582.5,648,895,0.886,1,1
1639,163.900,375.4,620,843,0.877,666,1
1639,163.900,581.0,656,887,0.871,1,1
1639,163.900,709.0,764,863,0.630,652,1
1639,163.900,910.3,584,667,0.425,689,1
1640,164.000,374.3,500,839,0.668,666,1
1640,164.000,580.6,664,879,0.884,1,1
1640,164.000,723.3,780,871,0.518,652,1
1640,164.000,1040.5,612,863,0.835,691,0
1641,164.100,48.4,792,883,0.438,692,0
1641,164.100,382.4,500,839,0.710,666,1
1641,164.100,582.2,668,883,0.897,1,1
1641,164.100,839.2,396,607,0.614,693,0
1641,164.100,1044.8,648,863,0.877,691,0
1642,164.200,48.0,728,851,0.421,692,0
1642,164.200,253.1,804,895,0.588,694,0
1642,164.200,380.6,696,803,0.466,666,1
1642,164.200,582.0,652,883,0.927,1,1
1642,164.200,709.9,548,875,0.887,652,1
1643,164.300,251.9,740,887,0.581,694,0
1643,164.300,579.3,660,883,0.907,1,1
1643,164.300,713.2,552,883,0.767,652,1
1644,164.400,248.6,692,863,0.553,694,0
1644,164.400,580.4,672,875,0.912,1,1
1644,164.400,709.9,540,883,0.838,652,1
1645,164.500,580.0,672,879,0.862,1,1
1645,164.500,711.1,536,887,0.862,652,1
1646,164.600,582.7,672,879,0.885,1,1
1646,164.600,711.4,536,887,0.847,652,1
1647,164.700,582.4,656,879,0.907,1,1
1647,164.700,714.4,548,883,0.816,652,1
1647,164.700,835.9,536,723,0.448,695,1
1648,164.800,120.3,656,783,0.507,696,0
1648,164.800,582.4,580,891,0.924,1,1
1648,164.800,713.4,548,883,0.861,652,1
1649,164.900,118.7,596,695,0.450,696,0
1649,164.900,455.9,616,883,0.888,697,1
1649,164.900,580.6,608,899,0.926,1,1
1649,164.900,712.6,544,891,0.916,652,1
1649,164.900,847.3,660,883,0.812,695,1
1650,165.000,456.0,588,887,0.885,697,1
1650,165.000,580.6,640,895,0.927,1,1
1650,165.000,715.8,664,899,0.920,652,1
1650,165.000,844.8,652,903,0.916,695,1
1650,165.000,977.6,800,879,0.751,698,0
1651,165.100,455.9,660,887,0.842,697,1
1651,165.100,579.1,644,895,0.917,1,1
1651,165.100,713.1,668,895,0.925,652,1
1651,165.100,842.4,660,899,0.914,695,1
1651,165.100,975.6,780,887,0.867,698,0
1652,165.200,447.5,660,883,0.891,697,1
1652,165.200,579.0,644,891,0.909,1,1
1652,165.200,710.3,652,895,0.914,652,1
1652,165.200,844.3,680,903,0.880,695,1
1653,165.300,326.0,644,879,0.628,699,1
1653,165.300,450.9,664,883,0.879,697,1
1653,165.300,583.1,660,895,0.922,1,1
1653,165.300,712.0,664,899,0.925,652,1
1653,165.300,847.2,688,899,0.906,695,1
1654,165.400,321.8,656,895,0.631,699,1
1654,165.400,451.6,660,895,0.850,697,1
1654,165.400,581.5,656,907,0.915,1,1
1654,165.400,715.5,676,923,0.890,652,1
1654,165.400,836.2,672,887,0.619,695,1
1655,165.500,317.0,668,891,0.874,699,1
1655,165.500,452.5,656,891,0.901,697,1
1655,165.500,580.5,648,907,0.919,1,1
1655,165.500,715.2,672,923,0.874,652,1
1655,165.500,831.5,664,771,0.506,695,1
1656,165.600,323.0,676,879,0.678,699,1
1656,165.600,452.3,564,891,0.913,697,1
1656,165.600,580.5,624,907,0.921,1,1
1656,165.600,714.8,736,923,0.899,652,1
1657,165.700,333.3,680,887,0.671,699,1
1657,165.700,453.7,572,891,0.916,697,1
1657,165.700,581.2,604,907,0.922,1,1
1657,165.700,715.4,728,923,0.880,652,1
1657,165.700,1043.6,608,847,0.599,700,0
1658,165.800,451.3,556,887,0.858,697,1
1658,165.800,582.8,684,907,0.931,1,1
1658,165.800,715.1,724,919,0.837,652,1
1658,165.800,1047.9,648,855,0.584,700,0
1659,165.900,454.2,540,903,0.928,697,1
1659,165.900,583.2,680,899,0.921,1,1
1659,165.900,715.1,756,903,0.866,652,1
1660,166.000,452.4,532,895,0.802,697,1
1660,166.000,579.7,656,899,0.915,1,1
1660,166.000,711.2,776,875,0.724,652,1
1660,166.000,915.9,740,863,0.786,701,1
1661,166.100,466.4,744,867,0.758,697,1
1661,166.100,580.4,660,887,0.905,1,1
1661,166.100,708.4,760,851,0.717,652,1
1661,166.100,915.5,604,863,0.872,701,1
1662,166.200,361.6,732,803,0.687,702,0
1662,166.200,473.6,616,859,0.840,697,1
1662,166.200,581.6,648,879,0.933,1,1
1662,166.200,705.4,716,851,0.820,652,1
1662,166.200,807.3,668,855,0.885,703,1
1662,166.200,917.1,732,871,0.828,701,1
1663,166.300,474.5,716,859,0.807,697,1
1663,166.300,581.3,644,871,0.927,1,1
1663,166.300,696.5,736,859,0.854,652,1
1663,166.300,804.4,544,855,0.882,703,1
1663,166.300,917.2,732,879,0.789,701,1
1664,166.400,119.5,628,839,0.473,704,0
1664,166.400,248.7,688,859,0.610,705,1
1664,166.400,363.1,692,851,0.699,702,0
1664,166.400,473.4,736,843,0.886,697,1
1664,166.400,580.7,664,871,0.887,1,1
1664,166.400,694.1,716,867,0.907,652,1
1664,166.400,801.5,488,863,0.889,703,1
1664,166.400,918.7,752,871,0.880,701,1
1665,166.500,117.8,624,879,0.641,704,0
1665,166.500,253.1,704,871,0.613,705,1
1665,166.500,362.7,772,851,0.594,702,0
1665,166.500,472.1,548,863,0.636,697,1
1665,166.500,581.4,652,879,0.891,1,1
1665,166.500,694.8,760,867,0.880,652,1
1665,166.500,805.8,736,867,0.871,703,1
1666,166.600,252.9,680,855,0.635,705,1
1666,166.600,472.8,536,863,0.761,697,1
1666,166.600,581.6,660,879,0.917,1,1
1666,166.600,693.6,760,875,0.902,652,1
1666,166.600,793.3,628,863,0.906,703,1
1667,166.700,251.0,684,831,0.718,705,1
1667,166.700,357.8,760,835,0.589,702,0
1667,166.700,474.5,752,855,0.740,697,1
1667,166.700,581.9,676,883,0.904,1,1
1667,166.700,692.8,764,883,0.898,652,1
1667,166.700,788.4,644,875,0.899,703,1
1667,166.700,901.7,764,871,0.685,706,1
1668,166.800,248.2,632,851,0.622,705,1
1668,166.800,374.4,736,851,0.591,707,1
1668,166.800,484.0,744,871,0.741,697,1
1668,166.800,580.1,660,887,0.882,1,1
1668,166.800,692.9,760,883,0.896,652,1
1668,166.800,775.4,628,879,0.804,703,1
1668,166.800,903.9,756,879,0.584,706,1
1668,166.800,992.6,684,871,0.438,708,1
1669,166.900,255.9,632,843,0.587,705,1
1669,166.900,375.9,716,851,0.814,707,1
1669,166.900,479.1,692,867,0.895,697,1
1669,166.900,579.7,572,883,0.894,1,1
1669,166.900,693.4,716,883,0.884,652,1
1669,166.900,782.8,612,879,0.854,703,1
1669,166.900,897.1,732,879,0.576,706,1
1669,166.900,994.8,792,867,0.740,708,1
1670,167.000,50.6,692,855,0.611,709,0
1670,167.000,247.1,476,835,0.705,705,1
1670,167.000,375.3,664,875,0.855,707,1
1670,167.000,479.5,684,875,0.909,697,1
1670,167.000,579.7,620,883,0.884,1,1
1670,167.000,691.7,688,883,0.888,652,1
1670,167.000,788.7,716,891,0.906,703,1
1670,167.000,889.4,724,871,0.804,706,1
1671,167.100,51.6,688,859,0.608,709,0
1671,167.100,249.7,472,847,0.671,705,1
1671,167.100,377.3,700,875,0.928,707,1
1671,167.100,481.9,696,883,0.900,697,1
1671,167.100,581.5,644,887,0.887,1,1
1671,167.100,693.5,668,887,0.902,652,1
1671,167.100,789.8,628,895,0.898,703,1
1671,167.100,890.6,720,879,0.840,706,1
1672,167.200,374.6,644,879,0.896,707,1
1672,167.200,482.2,668,887,0.877,697,1
1672,167.200,579.0,600,887,0.901,1,1
1672,167.200,682.2,492,887,0.918,652,1
1672,167.200,788.0,704,895,0.906,703,1
1672,167.200,884.7,608,887,0.919,706,1
1672,167.200,992.4,688,871,0.600,708,1
1672,167.200,1075.9,640,843,0.515,710,0
1673,167.300,175.7,724,859,0.424,711,0
1673,167.300,282.8,776,871,0.482,712,1
1673,167.300,374.6,624,879,0.829,707,1
1673,167.300,483.6,656,887,0.881,697,1
1673,167.300,579.5,608,887,0.884,1,1
1673,167.300,680.3,492,887,0.917,652,1
1673,167.300,789.1,716,891,0.922,703,1
1673,167.300,885.8,464,891,0.918,706,1
1673,167.300,992.7,692,871,0.618,708,1
1673,167.300,1078.9,728,851,0.612,710,0
1674,167.400,172.0,760,875,0.564,711,0
1674,167.400,290.5,748,883,0.665,712,1
1674,167.400,375.2,620,875,0.911,707,1
1674,167.400,486.5,664,895,0.858,697,1
1674,167.400,580.0,644,891,0.898,1,1
1674,167.400,686.2,700,883,0.902,652,1
1674,167.400,791.1,736,891,0.920,703,1
1674,167.400,887.9,532,883,0.878,706,1
1674,167.400,988.7,740,867,0.530,708,1
1675,167.500,287.2,744,887,0.614,712,1
1675,167.500,374.2,612,887,0.777,707,1
1675,167.500,489.1,684,895,0.877,697,1
1675,167.500,579.8,660,895,0.877,1,1
1675,167.500,686.9,712,887,0.930,652,1
1675,167.500,790.8,744,879,0.927,703,1
1675,167.500,883.1,732,875,0.874,706,1
1676,167.600,279.9,724,895,0.637,712,1
1676,167.600,374.6,604,887,0.735,707,1
1676,167.600,485.6,676,899,0.839,697,1
1676,167.600,578.1,668,895,0.851,1,1
1676,167.600,679.2,700,891,0.913,652,1
1676,167.600,778.8,736,879,0.857,703,1
1676,167.600,876.6,744,875,0.882,706,1
1677,167.700,284.1,736,895,0.624,712,1
1677,167.700,376.7,600,887,0.771,707,1
1677,167.700,486.6,704,899,0.856,697,1
1677,167.700,579.7,672,895,0.856,1,1
1677,167.700,682.7,684,895,0.905,652,1
1677,167.700,783.2,736,879,0.818,703,1
1677,167.700,877.2,748,875,0.895,706,1
1678,167.800,288.8,740,891,0.651,712,1
1678,167.800,382.5,612,875,0.896,707,1
1678,167.800,484.7,676,895,0.829,697,1
1678,167.800,582.0,672,891,0.871,1,1
1678,167.800,684.3,720,891,0.916,652,1
1678,167.800,780.3,724,883,0.834,703,1
1678,167.800,876.5,748,887,0.889,706,1
1679,167.900,295.3,792,895,0.600,712,1
1679,167.900,379.4,500,879,0.857,707,1
1679,167.900,483.9,676,887,0.829,697,1
1679,167.900,581.0,656,887,0.896,1,1
1679,167.900,680.4,508,891,0.916,652,1
1679,167.900,780.6,700,887,0.888,703,1
1679,167.900,875.4,704,887,0.890,706,1
1679,167.900,960.1,476,855,0.665,713,1
1680,168.000,87.2,628,895,0.717,714,0
1680,168.000,291.7,704,903,0.708,712,1
1680,168.000,379.9,484,875,0.883,707,1
1680,168.000,484.4,628,883,0.864,697,1
1680,168.000,580.2,660,887,0.900,1,1
1680,168.000,678.9,488,891,0.918,652,1
1680,168.000,779.7,720,887,0.853,703,1
1680,168.000,876.8,760,879,0.908,706,1
1680,168.000,964.9,496,863,0.500,713,1
1681,168.100,86.7,616,891,0.653,714,0
1681,168.100,292.4,720,899,0.703,712,1
1681,168.100,383.9,492,871,0.893,707,1
1681,168.100,486.4,632,879,0.884,697,1
1681,168.100,581.1,664,887,0.910,1,1
1681,168.100,682.7,500,895,0.916,652,1
1681,168.100,779.0,704,887,0.860,703,1
1681,168.100,877.1,740,871,0.894,706,1
1681,168.100,969.4,716,871,0.565,713,1
1682,168.200,294.4,772,887,0.666,712,1
1682,168.200,391.2,708,875,0.754,707,1
1682,168.200,490.7,672,887,0.879,697,1
1682,168.200,583.3,668,891,0.870,1,1
1682,168.200,684.1,500,899,0.918,652,1
1682,168.200,781.8,692,887,0.830,703,1
1682,168.200,877.8,756,879,0.895,706,1
1682,168.200,969.2,736,879,0.874,713,1
1682,168.200,1053.3,556,875,0.588,715,0
1683,168.300,296.1,780,879,0.579,712,1
1683,168.300,391.7,700,863,0.723,707,1
1683,168.300,486.9,692,879,0.883,697,1
1683,168.300,582.4,672,887,0.876,1,1
1683,168.300,679.6,492,899,0.920,652,1
1683,168.300,775.6,652,883,0.869,703,1
1683,168.300,875.3,744,875,0.887,706,1
1683,168.300,972.1,748,875,0.849,713,1
1684,168.400,390.5,684,867,0.827,707,1
1684,168.400,485.5,692,879,0.902,697,1
1684,168.400,581.2,672,887,0.871,1,1
1684,168.400,678.2,472,899,0.940,652,1
1684,168.400,774.0,544,887,0.895,703,1
1684,168.400,871.9,744,879,0.886,706,1
1684,168.400,1056.2,804,871,0.476,715,0
1685,168.500,285.9,552,891,0.615,712,1
1685,168.500,487.6,720,883,0.742,697,1
1685,168.500,578.5,676,891,0.822,1,1
1685,168.500,677.5,476,899,0.937,652,1
1685,168.500,777.5,660,883,0.792,703,1
1685,168.500,868.0,756,883,0.898,706,1
1686,168.600,202.6,648,891,0.616,716,0
1686,168.600,304.6,724,891,0.617,717,1
1686,168.600,403.6,712,875,0.629,707,1
1686,168.600,491.0,740,879,0.773,697,1
1686,168.600,583.2,672,891,0.842,1,1
1686,168.600,682.1,484,899,0.923,652,1
1686,168.600,776.9,640,887,0.873,703,1
1686,168.600,871.5,760,883,0.894,706,1
1687,168.700,202.3,716,891,0.605,716,0
1687,168.700,303.5,748,891,0.618,717,1
1687,168.700,398.1,716,879,0.651,707,1
1687,168.700,491.4,660,883,0.825,697,1
1687,168.700,584.9,664,891,0.844,1,1
1687,168.700,682.3,492,895,0.916,652,1
1687,168.700,777.1,428,875,0.875,703,1
1687,168.700,874.0,744,863,0.852,706,1
1688,168.800,204.8,632,851,0.598,716,0
1688,168.800,301.9,748,883,0.651,717,1
1688,168.800,399.7,700,883,0.645,707,1
1688,168.800,492.5,640,883,0.849,697,1
1688,168.800,583.9,580,891,0.867,1,1
1688,168.800,679.9,600,891,0.927,652,1
1688,168.800,771.9,416,891,0.906,703,1
1688,168.800,872.4,756,875,0.776,706,1
1689,168.900,118.5,792,863,0.418,718,0
1689,168.900,305.5,776,875,0.403,717,1
1689,168.900,399.9,716,891,0.616,707,1
1689,168.900,492.3,644,887,0.798,697,1
1689,168.900,584.7,556,891,0.865,1,1
1689,168.900,678.9,608,891,0.935,652,1
1689,168.900,775.7,656,887,0.899,703,1
1689,168.900,867.3,748,875,0.876,706,1
1690,169.000,118.5,736,867,0.591,718,0
1690,169.000,302.8,788,883,0.558,717,1
1690,169.000,399.2,716,887,0.619,707,1
1690,169.000,495.2,624,891,0.700,697,1
1690,169.000,586.2,552,891,0.898,1,1
1690,169.000,680.3,608,891,0.927,652,1
1690,169.000,776.3,544,887,0.888,703,1
1690,169.000,868.1,720,879,0.893,706,1
1691,169.100,307.8,764,871,0.560,717,1
1691,169.100,399.2,704,895,0.620,707,1
1691,169.100,494.3,620,891,0.822,697,1
1691,169.100,587.0,556,891,0.907,1,1
1691,169.100,679.7,592,891,0.925,652,1
1691,169.100,775.6,440,887,0.909,703,1
1691,169.100,867.7,508,883,0.908,706,1
1691,169.100,964.5,708,871,0.790,719,1
1692,169.200,309.9,760,887,0.622,717,1
1692,169.200,403.7,600,899,0.634,707,1
1692,169.200,492.1,624,891,0.892,697,1
1692,169.200,583.9,556,891,0.925,1,1
1692,169.200,677.5,476,887,0.937,652,1
1692,169.200,767.5,484,887,0.895,703,1
1692,169.200,862.3,544,871,0.900,706,1
1692,169.200,959.9,724,851,0.703,719,1
1693,169.300,312.8,760,887,0.605,717,1
1693,169.300,404.1,604,899,0.633,707,1
1693,169.300,492.8,620,891,0.902,697,1
1693,169.300,584.8,568,891,0.926,1,1
1693,169.300,678.6,556,887,0.941,652,1
1693,169.300,771.8,528,887,0.893,703,1
1693,169.300,866.4,604,875,0.902,706,1
1694,169.400,311.2,708,879,0.612,717,1
1694,169.400,405.7,752,891,0.617,707,1
1694,169.400,492.7,596,899,0.772,697,1
1694,169.400,586.2,584,891,0.850,1,1
1694,169.400,678.4,572,887,0.939,652,1
1694,169.400,772.5,544,879,0.919,703,1
1694,169.400,864.1,592,875,0.907,706,1
1694,169.400,952.8,596,851,0.817,719,1
1695,169.500,314.8,636,879,0.604,717,1
1695,169.500,405.3,664,883,0.844,707,1
1695,169.500,492.6,612,891,0.894,697,1
1695,169.500,585.1,536,891,0.898,1,1
1695,169.500,681.3,592,891,0.930,652,1
1695,169.500,775.0,552,879,0.898,703,1
1695,169.500,868.1,596,871,0.892,706,1
1696,169.600,309.7,648,867,0.598,717,1
1696,169.600,405.5,716,895,0.684,707,1
1696,169.600,494.6,592,895,0.880,697,1
1696,169.600,588.3,556,891,0.862,1,1
1696,169.600,683.0,604,891,0.928,652,1
1696,169.600,777.9,652,879,0.902,703,1
1696,169.600,868.1,664,871,0.911,706,1
1696,169.600,962.9,716,863,0.631,719,1
1697,169.700,309.6,668,867,0.863,717,1
1697,169.700,406.1,756,887,0.835,707,1
1697,169.700,495.2,580,891,0.906,697,1
1697,169.700,588.3,588,887,0.887,1,1
1697,169.700,683.1,612,891,0.922,652,1
1697,169.700,777.0,660,879,0.910,703,1
1697,169.700,869.3,692,871,0.921,706,1
1697,169.700,962.8,780,863,0.609,719,1
1698,169.800,313.4,744,879,0.866,717,1
1698,169.800,406.8,748,883,0.814,707,1
1698,169.800,496.3,604,887,0.902,697,1
1698,169.800,590.4,656,887,0.881,1,1
1698,169.800,684.5,596,887,0.904,652,1
1698,169.800,774.5,664,883,0.837,703,1
1698,169.800,871.6,704,879,0.908,706,1
1698,169.800,964.3,772,855,0.569,719,1
1699,169.900,229.1,776,863,0.564,720,0
1699,169.900,315.0,612,871,0.887,717,1
1699,169.900,406.1,664,871,0.868,707,1
1699,169.900,497.1,620,879,0.895,697,1
1699,169.900,592.4,564,887,0.850,1,1
1699,169.900,683.9,628,895,0.875,652,1
1699,169.900,774.2,660,879,0.838,703,1
1700,170.000,229.8,736,871,0.745,720,0
1700,170.000,315.1,680,871,0.898,717,1
1700,170.000,404.6,668,867,0.864,707,1
1700,170.000,497.7,604,879,0.898,697,1
1700,170.000,588.6,660,879,0.912,1,1
1700,170.000,682.5,596,891,0.936,652,1
1700,170.000,777.2,756,887,0.904,703,1
1701,170.100,309.1,704,827,0.892,717,1
1701,170.100,401.2,688,839,0.873,707,1
1701,170.100,492.2,620,843,0.908,697,1
1701,170.100,584.7,664,851,0.892,1,1
1701,170.100,679.1,632,851,0.922,652,1
1701,170.100,772.1,708,843,0.872,703,1
1701,170.100,866.6,652,775,0.773,706,1
1702,170.200,311.8,624,831,0.896,717,1
1702,170.200,406.5,672,835,0.905,707,1
1702,170.200,496.0,608,843,0.902,697,1
1702,170.200,587.3,556,851,0.895,1,1
1702,170.200,682.9,608,859,0.929,652,1
1702,170.200,773.6,688,839,0.871,703,1
1702,170.200,857.6,704,827,0.410,706,1
1703,170.300,224.8,720,835,0.747,720,0
1703,170.300,309.3,612,819,0.888,717,1
1703,170.300,404.2,564,835,0.907,707,1
1703,170.300,493.8,576,839,0.918,697,1
1703,170.300,587.3,660,843,0.911,1,1
1703,170.300,680.8,692,839,0.918,652,1
1703,170.300,774.2,688,811,0.690,703,1
1704,170.400,309.1,636,819,0.546,717,1
1704,170.400,400.0,548,827,0.919,707,1
1704,170.400,489.9,584,831,0.927,697,1
1704,170.400,584.2,648,843,0.916,1,1
1704,170.400,676.2,624,843,0.926,652,1
1704,170.400,767.9,676,839,0.500,703,1
1705,170.500,304.5,628,835,0.543,717,1
1705,170.500,397.5,540,827,0.908,707,1
1705,170.500,489.3,492,835,0.900,697,1
1705,170.500,581.8,556,847,0.915,1,1
1705,170.500,674.7,608,851,0.938,652,1
1705,170.500,771.1,684,799,0.797,703,1
1705,170.500,855.3,752,827,0.622,706,1
1706,170.600,302.8,616,823,0.832,717,1
1706,170.600,393.2,560,827,0.905,707,1
1706,170.600,487.4,496,835,0.913,697,1
1706,170.600,582.3,544,847,0.920,1,1
1706,170.600,675.6,720,851,0.919,652,1
1706,170.600,770.7,688,807,0.693,703,1
1707,170.700,304.9,708,851,0.866,717,1
1707,170.700,395.8,704,839,0.836,707,1
1707,170.700,489.8,608,851,0.907,697,1
1707,170.700,581.2,560,867,0.929,1,1
1707,170.700,674.0,628,863,0.929,652,1
1707,170.700,768.5,692,811,0.866,703,1
1708,170.800,304.8,740,835,0.543,717,1
1708,170.800,395.2,692,851,0.852,707,1
1708,170.800,488.9,596,863,0.901,697,1
1708,170.800,580.1,572,879,0.912,1,1
1708,170.800,675.1,720,871,0.905,652,1
1708,170.800,770.7,720,831,0.769,703,1
1708,170.800,867.1,652,811,0.448,706,1
1708,170.800,1051.8,788,855,0.460,721,0
1709,170.900,387.0,680,863,0.870,707,1
1709,170.900,483.1,580,879,0.910,697,1
1709,170.900,575.8,600,883,0.916,1,1
1709,170.900,674.4,724,875,0.916,652,1
1709,170.900,770.0,700,859,0.901,703,1
1709,170.900,865.5,740,847,0.756,706,1
1710,171.000,393.1,704,859,0.878,707,1
1710,171.000,489.1,592,875,0.905,697,1
1710,171.000,580.2,672,879,0.906,1,1
1710,171.000,676.4,724,867,0.910,652,1
1710,171.000,770.6,712,851,0.537,703,1
1710,171.000,865.2,744,831,0.534,706,1
1711,171.100,396.2,708,859,0.882,707,1
1711,171.100,489.5,488,883,0.910,697,1
1711,171.100,580.5,668,883,0.930,1,1
1711,171.100,679.1,724,863,0.905,652,1
1711,171.100,868.5,668,847,0.855,706,1
1711,171.100,966.5,748,851,0.538,722,0
1712,171.200,300.5,756,859,0.694,723,1
1712,171.200,394.3,708,855,0.866,707,1
1712,171.200,488.3,480,887,0.894,697,1
1712,171.200,580.3,664,883,0.917,1,1
1712,171.200,680.4,692,867,0.911,652,1
1712,171.200,864.0,680,843,0.819,706,1
1713,171.300,296.7,756,851,0.676,723,1
1713,171.300,388.8,716,847,0.856,707,1
1713,171.300,484.4,480,883,0.917,697,1
1713,171.300,579.1,624,887,0.890,1,1
1713,171.300,680.1,732,871,0.886,652,1
1713,171.300,769.8,740,851,0.503,703,1
1713,171.300,873.3,736,843,0.740,706,1
1714,171.400,392.4,704,831,0.739,707,1
1714,171.400,486.4,480,883,0.914,697,1
1714,171.400,580.5,644,887,0.894,1,1
1714,171.400,680.4,740,871,0.925,652,1
1714,171.400,776.1,720,847,0.555,703,1
1714,171.400,878.3,776,851,0.494,706,1
1715,171.500,114.4,632,827,0.871,724,0
1715,171.500,204.2,744,863,0.498,725,0
1715,171.500,298.4,768,863,0.557,723,1
1715,171.500,391.2,756,855,0.597,707,1
1715,171.500,488.5,576,883,0.903,697,1
1715,171.500,581.3,652,887,0.885,1,1
1715,171.500,678.0,708,875,0.861,652,1
1715,171.500,779.1,704,815,0.593,703,1
1715,171.500,875.1,764,847,0.649,706,1
1716,171.600,198.4,636,867,0.850,725,0
1716,171.600,294.2,768,871,0.728,723,1
1716,171.600,389.8,756,871,0.734,707,1
1716,171.600,487.4,640,887,0.855,697,1
1716,171.600,580.3,660,887,0.891,1,1
1716,171.600,679.8,744,875,0.875,652,1
1716,171.600,768.8,756,867,0.451,703,1
1716,171.600,869.5,756,871,0.874,706,1
1716,171.600,1073.2,596,815,0.579,726,0
1717,171.700,199.4,604,863,0.810,725,0
1717,171.700,290.3,772,879,0.746,723,1
1717,171.700,392.6,752,867,0.653,707,1
1717,171.700,484.7,596,879,0.911,697,1
1717,171.700,579.4,664,887,0.889,1,1
1717,171.700,679.7,732,875,0.904,652,1
1717,171.700,776.3,748,855,0.668,703,1
1717,171.700,870.0,772,871,0.872,706,1
1718,171.800,200.1,500,855,0.690,725,0
1718,171.800,288.9,764,879,0.798,723,1
1718,171.800,390.1,752,871,0.788,707,1
1718,171.800,485.7,652,879,0.882,697,1
1718,171.800,578.8,652,883,0.902,1,1
1718,171.800,682.1,756,875,0.896,652,1
1718,171.800,775.8,728,831,0.544,703,1
1718,171.800,869.8,776,855,0.574,706,1
1719,171.900,288.0,760,871,0.813,723,1
1719,171.900,391.1,696,859,0.851,707,1
1719,171.900,484.4,620,875,0.913,697,1
1719,171.900,579.0,656,883,0.908,1,1
1719,171.900,682.2,704,879,0.860,652,1
1719,171.900,785.6,584,759,0.583,703,1
1720,172.000,292.3,752,863,0.790,723,1
1720,172.000,389.4,712,839,0.774,707,1
1720,172.000,484.4,704,867,0.902,697,1
1720,172.000,579.7,652,887,0.881,1,1
1720,172.000,680.1,744,879,0.826,652,1
1720,172.000,785.0,604,827,0.818,703,1
1721,172.100,286.4,688,859,0.893,723,1
1721,172.100,388.5,724,827,0.658,707,1
1721,172.100,483.8,688,871,0.893,697,1
1721,172.100,578.8,676,887,0.876,1,1
1721,172.100,679.0,756,883,0.852,652,1
1721,172.100,786.5,616,851,0.889,703,1
1722,172.200,291.0,560,827,0.818,723,1
1722,172.200,480.4,616,775,0.844,697,1
1722,172.200,579.9,644,883,0.903,1,1
1722,172.200,695.9,612,851,0.476,727,1
1722,172.200,786.5,596,839,0.894,703,1
1723,172.300,281.7,548,847,0.883,723,1
1723,172.300,380.9,748,867,0.590,707,1
1723,172.300,477.7,600,775,0.845,697,1
1723,172.300,581.7,572,883,0.915,1,1
1723,172.300,693.4,624,835,0.642,727,1
1723,172.300,790.7,596,839,0.920,703,1
1724,172.400,87.6,732,871,0.800,728,0
1724,172.400,281.6,544,863,0.870,723,1
1724,172.400,375.4,716,883,0.856,707,1
1724,172.400,485.7,636,811,0.486,697,1
1724,172.400,580.3,652,883,0.907,1,1
1724,172.400,791.4,668,843,0.878,703,1
1724,172.400,898.2,592,679,0.490,729,1
1725,172.500,83.5,624,871,0.885,728,0
1725,172.500,271.8,688,823,0.845,723,1
1725,172.500,370.9,724,887,0.892,707,1
1725,172.500,578.4,652,887,0.904,1,1
1725,172.500,686.3,488,831,0.567,727,1
1725,172.500,790.0,712,847,0.835,703,1
1725,172.500,899.9,464,719,0.710,729,1
1726,172.600,375.3,708,879,0.861,707,1
1726,172.600,580.6,648,871,0.906,1,1
1726,172.600,692.7,484,627,0.461,727,1
1726,172.600,793.7,740,855,0.782,703,1
1726,172.600,908.5,472,811,0.909,729,1
1727,172.700,378.4,652,875,0.877,707,1
1727,172.700,581.2,624,871,0.915,1,1
1727,172.700,705.2,432,519,0.435,727,1
1727,172.700,792.4,728,863,0.887,703,1
1727,172.700,910.0,472,835,0.911,729,1
1728,172.800,374.6,644,871,0.894,707,1
1728,172.800,581.4,636,871,0.887,1,1
1728,172.800,795.8,732,855,0.587,703,1
1728,172.800,914.7,488,839,0.802,729,1
1729,172.900,373.2,648,855,0.796,707,1
1729,172.900,583.2,668,875,0.857,1,1
1729,172.900,914.2,552,827,0.592,729,1
1730,173.000,374.0,648,835,0.848,707,1
1730,173.000,582.9,676,875,0.874,1,1
1731,173.100,381.6,648,867,0.421,707,1
1731,173.100,581.5,656,875,0.910,1,1
1731,173.100,710.5,524,855,0.696,730,1
1731,173.100,1039.3,604,831,0.855,731,0
1732,173.200,385.7,632,763,0.568,707,1
1732,173.200,581.2,668,875,0.904,1,1
1732,173.200,710.3,608,855,0.766,730,1
1732,173.200,1043.6,600,835,0.764,731,0
1733,173.300,381.2,620,771,0.574,707,1
1733,173.300,580.7,664,875,0.895,1,1
1733,173.300,708.5,584,867,0.828,730,1
1733,173.300,834.6,408,523,0.406,732,0
1733,173.300,919.2,752,855,0.534,733,0
1733,173.300,1043.3,708,835,0.648,731,0
1734,173.400,253.0,708,863,0.438,734,0
1734,173.400,580.2,668,867,0.894,1,1
1734,173.400,710.9,552,863,0.841,730,1
1735,173.500,582.0,664,871,0.889,1,1
1735,173.500,709.5,532,863,0.900,730,1
1736,173.600,582.7,668,875,0.908,1,1
1736,173.600,710.9,528,871,0.917,730,1
1737,173.700,249.2,660,843,0.470,734,0
1737,173.700,581.8,672,875,0.904,1,1
1737,173.700,709.6,532,867,0.909,730,1
1738,173.800,241.1,616,807,0.482,734,0
1738,173.800,582.3,664,875,0.896,1,1
1738,173.800,710.2,540,871,0.899,730,1
1738,173.800,864.9,680,851,0.428,735,0
1739,173.900,584.6,652,871,0.906,1,1
1739,173.900,712.3,552,879,0.899,730,1
1740,174.000,114.2,604,799,0.785,736,0
1740,174.000,457.8,764,875,0.885,737,1
1740,174.000,580.4,632,879,0.928,1,1
1740,174.000,711.1,544,887,0.931,730,1
1740,174.000,841.4,660,867,0.833,738,1
1741,174.100,453.8,608,875,0.913,737,1
1741,174.100,578.5,640,879,0.936,1,1
1741,174.100,711.8,664,887,0.925,730,1
1741,174.100,841.1,656,883,0.910,738,1
1741,174.100,973.1,772,843,0.696,739,0
1742,174.200,452.2,608,879,0.893,737,1
1742,174.200,578.3,648,883,0.933,1,1
1742,174.200,712.1,672,887,0.920,730,1
1742,174.200,840.7,648,895,0.912,738,1
1743,174.300,454.5,612,875,0.891,737,1
1743,174.300,578.8,656,887,0.929,1,1
1743,174.300,712.4,676,891,0.915,730,1
1743,174.300,841.3,660,891,0.909,738,1
1744,174.400,323.7,656,807,0.731,740,1
1744,174.400,453.1,672,875,0.892,737,1
1744,174.400,581.4,664,887,0.929,1,1
1744,174.400,713.7,664,887,0.862,730,1
1744,174.400,846.3,672,891,0.869,738,1
1745,174.500,324.8,656,871,0.817,740,1
1745,174.500,451.0,668,879,0.904,737,1
1745,174.500,581.6,660,887,0.934,1,1
1745,174.500,711.4,656,891,0.902,730,1
1745,174.500,842.3,648,875,0.685,738,1
1746,174.600,315.5,660,883,0.765,740,1
1746,174.600,448.6,628,887,0.912,737,1
1746,174.600,579.3,652,891,0.918,1,1
1746,174.600,713.3,616,903,0.925,730,1
1746,174.600,836.6,672,815,0.670,738,1
1747,174.700,316.7,668,875,0.885,740,1
1747,174.700,451.1,628,887,0.909,737,1
1747,174.700,579.6,644,879,0.922,1,1
1747,174.700,712.6,680,899,0.870,730,1
1747,174.700,856.8,672,803,0.440,741,0
1748,174.800,323.5,676,867,0.828,740,1
1748,174.800,453.8,568,875,0.912,737,1
1748,174.800,578.7,600,871,0.927,1,1
1748,174.800,714.4,756,903,0.897,730,1
1748,174.800,1040.5,604,823,0.872,742,0
1749,174.900,319.2,640,807,0.525,740,1
1749,174.900,450.0,628,871,0.879,737,1
1749,174.900,577.6,636,883,0.911,1,1
1749,174.900,710.2,736,903,0.879,730,1
1749,174.900,1038.6,616,835,0.860,742,0
1750,175.000,447.8,540,879,0.899,737,1
1750,175.000,579.0,628,887,0.901,1,1
1750,175.000,713.6,772,883,0.877,730,1
1750,175.000,911.7,504,831,0.556,743,1
1751,175.100,447.2,536,867,0.876,737,1
1751,175.100,579.7,664,871,0.897,1,1
1751,175.100,713.2,764,871,0.829,730,1
1751,175.100,921.2,708,831,0.542,743,1
1752,175.200,451.5,536,855,0.862,737,1
1752,175.200,580.1,664,867,0.907,1,1
1752,175.200,713.3,728,863,0.855,730,1
1752,175.200,914.1,664,839,0.682,743,1
1753,175.300,342.2,688,827,0.652,744,1
1753,175.300,473.1,736,843,0.794,745,1
1753,175.300,578.4,656,859,0.920,1,1
1753,175.300,695.2,716,851,0.834,746,1
1753,175.300,798.0,476,855,0.719,747,1
1753,175.300,913.0,740,859,0.842,743,1
1754,175.400,312.3,420,543,0.426,748,0
1754,175.400,356.8,676,835,0.582,744,1
1754,175.400,473.7,720,847,0.850,745,1
1754,175.400,578.5,652,859,0.909,1,1
1754,175.400,696.5,728,859,0.871,746,1
1754,175.400,796.9,472,855,0.741,747,1
1754,175.400,914.8,732,855,0.834,743,1
1754,175.400,988.3,408,595,0.612,749,0
1755,175.500,356.8,668,831,0.638,744,1
1755,175.500,475.0,732,847,0.748,745,1
1755,175.500,579.2,652,859,0.903,1,1
1755,175.500,695.6,692,859,0.883,746,1
1755,175.500,799.8,652,859,0.729,747,1
1755,175.500,915.3,728,859,0.857,743,1
1756,175.600,118.9,628,747,0.436,750,0
1756,175.600,247.0,748,843,0.593,751,1
1756,175.600,358.2,672,851,0.614,744,1
1756,175.600,473.8,720,851,0.824,745,1
1756,175.600,578.5,652,863,0.912,1,1
1756,175.600,693.4,700,863,0.905,746,1
1756,175.600,793.1,476,863,0.700,747,1
1756,175.600,911.2,740,859,0.795,743,1
1757,175.700,116.8,612,855,0.690,750,0
1757,175.700,247.5,748,847,0.608,751,1
1757,175.700,359.4,736,851,0.596,744,1
1757,175.700,461.2,540,855,0.679,745,1
1757,175.700,576.6,596,859,0.915,1,1
1757,175.700,693.9,684,863,0.904,746,1
1757,175.700,792.6,492,859,0.796,747,1
1758,175.800,243.1,628,855,0.626,751,1
1758,175.800,360.7,736,851,0.616,744,1
1758,175.800,462.6,696,851,0.806,745,1
1758,175.800,574.4,664,875,0.871,1,1
1758,175.800,687.4,748,871,0.872,746,1
1758,175.800,776.9,616,859,0.791,752,1
1758,175.800,892.1,776,863,0.755,753,1
1759,175.900,244.3,748,835,0.407,751,1
1759,175.900,372.3,728,851,0.724,744,1
1759,175.900,475.5,752,835,0.761,745,1
1759,175.900,578.3,648,871,0.900,1,1
1759,175.900,692.6,712,871,0.875,746,1
1759,175.900,784.5,628,855,0.895,752,1
1759,175.900,894.3,764,863,0.797,753,1
1760,176.000,375.4,716,855,0.631,744,1
1760,176.000,474.9,660,855,0.863,745,1
1760,176.000,578.4,648,871,0.926,1,1
1760,176.000,691.4,692,871,0.879,746,1
1760,176.000,784.1,608,855,0.893,752,1
1760,176.000,897.9,748,859,0.610,753,1
1761,176.100,241.6,484,835,0.623,751,1
1761,176.100,375.1,712,863,0.728,744,1
1761,176.100,480.0,724,855,0.860,745,1
1761,176.100,579.6,616,875,0.855,1,1
1761,176.100,690.2,672,867,0.893,746,1
1761,176.100,783.3,624,859,0.780,752,1
1761,176.100,889.8,784,863,0.417,753,1
1762,176.200,46.3,680,855,0.617,754,0
1762,176.200,252.1,476,863,0.707,751,1
1762,176.200,371.6,668,867,0.900,744,1
1762,176.200,476.7,704,871,0.888,745,1
1762,176.200,573.1,624,875,0.898,1,1
1762,176.200,684.3,680,875,0.894,746,1
1762,176.200,785.2,716,875,0.913,752,1
1762,176.200,888.3,692,871,0.857,753,1
1763,176.300,46.5,676,855,0.630,754,0
1763,176.300,236.2,476,707,0.778,755,0
1763,176.300,377.2,668,879,0.780,744,1
1763,176.300,478.2,660,871,0.905,745,1
1763,176.300,576.9,576,875,0.899,1,1
1763,176.300,688.2,676,871,0.911,746,1
1763,176.300,789.6,720,879,0.913,752,1
1763,176.300,887.8,556,871,0.889,753,1
1764,176.400,49.1,680,843,0.603,754,0
1764,176.400,246.5,480,675,0.565,751,1
1764,176.400,373.4,636,871,0.917,744,1
1764,176.400,477.0,624,871,0.872,745,1
1764,176.400,576.2,588,879,0.896,1,1
1764,176.400,683.1,568,871,0.907,746,1
1764,176.400,788.4,724,875,0.905,752,1
1764,176.400,885.6,416,875,0.931,753,1
1764,176.400,1074.9,596,859,0.607,756,0
1765,176.500,169.0,756,863,0.612,757,0
1765,176.500,280.2,740,875,0.586,758,1
1765,176.500,370.5,616,867,0.908,744,1
1765,176.500,480.7,640,875,0.879,745,1
1765,176.500,574.3,564,879,0.843,1,1
1765,176.500,680.0,640,875,0.905,746,1
1765,176.500,786.1,720,879,0.800,752,1
1765,176.500,883.1,536,879,0.855,753,1
1765,176.500,1074.2,712,855,0.602,756,0
1766,176.600,166.7,712,859,0.645,757,0
1766,176.600,278.8,748,875,0.744,758,1
1766,176.600,370.4,620,867,0.894,744,1
1766,176.600,483.7,648,879,0.864,745,1
1766,176.600,575.9,620,883,0.889,1,1
1766,176.600,678.1,632,871,0.925,746,1
1766,176.600,783.7,732,871,0.916,752,1
1766,176.600,875.2,544,871,0.921,753,1
1767,176.700,160.2,724,855,0.494,757,0
1767,176.700,278.1,724,879,0.643,758,1
1767,176.700,370.7,616,875,0.795,744,1
1767,176.700,483.9,632,883,0.876,745,1
1767,176.700,576.7,664,883,0.854,1,1
1767,176.700,679.1,632,871,0.904,746,1
1767,176.700,781.2,716,867,0.921,752,1
1767,176.700,875.7,556,867,0.920,753,1
1768,176.800,281.2,712,871,0.579,758,1
1768,176.800,374.2,612,871,0.637,744,1
1768,176.800,485.1,600,879,0.824,745,1
1768,176.800,577.0,668,883,0.840,1,1
1768,176.800,679.6,688,871,0.909,746,1
1768,176.800,780.4,728,863,0.731,752,1
1768,176.800,871.6,592,875,0.865,753,1
1769,176.900,280.6,688,879,0.601,758,1
1769,176.900,374.3,608,871,0.720,744,1
1769,176.900,485.6,612,879,0.842,745,1
1769,176.900,578.5,672,883,0.862,1,1
1769,176.900,679.1,676,875,0.920,746,1
1769,176.900,777.2,684,863,0.901,752,1
1769,176.900,868.8,576,875,0.890,753,1
1770,177.000,90.5,748,859,0.447,759,0
1770,177.000,290.2,716,879,0.599,758,1
1770,177.000,381.6,604,867,0.904,744,1
1770,177.000,483.1,672,871,0.841,745,1
1770,177.000,577.7,668,879,0.837,1,1
1770,177.000,678.2,508,875,0.926,746,1
1770,177.000,776.6,720,871,0.901,752,1
1770,177.000,873.5,736,879,0.901,753,1
1770,177.000,959.7,476,675,0.609,760,1
1771,177.100,85.8,736,855,0.625,759,0
1771,177.100,288.9,776,883,0.572,758,1
1771,177.100,380.0,512,867,0.921,744,1
1771,177.100,482.7,616,875,0.853,745,1
1771,177.100,579.2,664,879,0.888,1,1
1771,177.100,677.2,600,879,0.935,746,1
1771,177.100,777.8,708,871,0.893,752,1
1771,177.100,873.3,732,883,0.916,753,1
1771,177.100,960.5,472,851,0.649,760,1
1772,177.200,84.0,616,867,0.636,759,0
1772,177.200,288.6,752,895,0.590,758,1
1772,177.200,372.7,492,851,0.896,744,1
1772,177.200,481.0,640,863,0.872,745,1
1772,177.200,577.1,656,879,0.906,1,1
1772,177.200,674.9,476,879,0.924,746,1
1772,177.200,777.5,692,867,0.898,752,1
1772,177.200,874.5,764,875,0.889,753,1
1772,177.200,965.4,720,863,0.722,760,1
1773,177.300,81.1,616,859,0.624,759,0
1773,177.300,285.7,752,891,0.595,758,1
1773,177.300,384.9,676,859,0.742,744,1
1773,177.300,481.1,672,867,0.888,745,1
1773,177.300,576.9,664,879,0.899,1,1
1773,177.300,676.6,604,883,0.939,746,1
1773,177.300,774.5,716,871,0.889,752,1
1773,177.300,874.4,740,871,0.850,753,1
1773,177.300,967.6,732,859,0.667,760,1
1774,177.400,292.2,716,875,0.641,758,1
1774,177.400,390.2,640,867,0.780,744,1
1774,177.400,482.9,728,863,0.853,745,1
1774,177.400,577.0,668,883,0.898,1,1
1774,177.400,673.2,544,887,0.906,746,1
1774,177.400,771.3,672,883,0.821,752,1
1774,177.400,871.3,728,875,0.879,753,1
1774,177.400,965.9,748,863,0.786,760,1
1774,177.400,1050.0,572,863,0.608,761,0
1775,177.500,283.8,560,879,0.631,758,1
1775,177.500,394.6,704,879,0.651,744,1
1775,177.500,485.2,652,863,0.852,745,1
1775,177.500,578.4,676,883,0.818,1,1
1775,177.500,678.6,576,887,0.924,746,1
1775,177.500,771.1,688,883,0.765,752,1
1775,177.500,868.8,716,875,0.875,753,1
1775,177.500,969.0,732,863,0.469,760,1
1776,177.600,282.3,556,871,0.781,758,1
1776,177.600,394.2,708,871,0.795,744,1
1776,177.600,485.8,652,867,0.911,745,1
1776,177.600,579.5,668,883,0.830,1,1
1776,177.600,677.0,476,887,0.935,746,1
1776,177.600,772.8,700,883,0.819,752,1
1776,177.600,868.3,752,875,0.886,753,1
1777,177.700,196.8,764,867,0.559,762,0
1777,177.700,291.9,560,879,0.642,758,1
1777,177.700,484.6,720,859,0.874,745,1
1777,177.700,578.0,672,883,0.867,1,1
1777,177.700,676.2,472,887,0.925,746,1
1777,177.700,770.0,688,883,0.827,752,1
1777,177.700,867.6,756,875,0.872,753,1
1778,177.800,198.3,724,871,0.631,762,0
1778,177.800,294.3,740,875,0.650,758,1
1778,177.800,391.5,720,871,0.621,744,1
1778,177.800,485.9,732,871,0.855,745,1
1778,177.800,578.9,672,883,0.836,1,1
1778,177.800,675.7,556,887,0.926,746,1
1778,177.800,769.6,692,883,0.882,752,1
1778,177.800,869.1,776,871,0.816,753,1
1779,177.900,194.0,752,863,0.610,762,0
1779,177.900,294.2,580,871,0.884,758,1
1779,177.900,395.2,684,867,0.848,744,1
1779,177.900,491.6,656,871,0.872,745,1
1779,177.900,578.8,652,883,0.865,1,1
1779,177.900,675.7,492,879,0.928,746,1
1779,177.900,771.5,656,887,0.850,752,1
1779,177.900,864.0,720,867,0.821,753,1
1780,178.000,193.5,740,851,0.446,762,0
1780,178.000,302.5,760,875,0.622,758,1
1780,178.000,394.0,712,879,0.721,744,1
1780,178.000,490.5,640,875,0.874,745,1
1780,178.000,578.6,556,883,0.898,1,1
1780,178.000,674.4,588,883,0.928,746,1
1780,178.000,771.6,448,887,0.905,752,1
1780,178.000,864.0,672,867,0.865,753,1
1781,178.100,302.9,768,867,0.601,758,1
1781,178.100,395.0,708,875,0.811,744,1
1781,178.100,489.6,620,879,0.919,745,1
1781,178.100,580.8,548,887,0.911,1,1
1781,178.100,674.6,600,883,0.928,746,1
1781,178.100,769.5,660,883,0.901,752,1
1781,178.100,863.8,724,863,0.888,753,1
1782,178.200,303.7,756,851,0.702,758,1
1782,178.200,392.0,700,867,0.891,744,1
1782,178.200,487.3,620,883,0.899,745,1
1782,178.200,579.5,544,883,0.929,1,1
1782,178.200,669.5,596,871,0.911,746,1
1782,178.200,763.0,512,863,0.871,752,1
1782,178.200,859.9,592,863,0.900,753,1
1783,178.300,305.7,752,859,0.762,758,1
1783,178.300,389.8,692,871,0.901,744,1
1783,178.300,489.0,624,883,0.915,745,1
1783,178.300,580.2,540,887,0.933,1,1
1783,178.300,674.2,472,875,0.932,746,1
1783,178.300,768.9,416,867,0.906,752,1
1783,178.300,856.6,476,863,0.920,753,1
1783,178.300,954.0,684,851,0.786,763,1
1784,178.400,308.3,720,871,0.622,758,1
1784,178.400,398.4,584,891,0.631,744,1
1784,178.400,489.1,620,887,0.945,745,1
1784,178.400,580.5,556,887,0.929,1,1
1784,178.400,674.9,484,883,0.928,746,1
1784,178.400,767.6,420,875,0.905,752,1
1784,178.400,855.1,604,867,0.932,753,1
1784,178.400,958.9,744,847,0.669,763,1
1785,178.500,303.8,652,859,0.879,758,1
1785,178.500,402.3,668,875,0.861,744,1
1785,178.500,489.9,604,895,0.905,745,1
1785,178.500,582.5,544,887,0.910,1,1
1785,178.500,676.2,560,875,0.942,746,1
1785,178.500,772.0,540,863,0.912,752,1
1785,178.500,862.8,600,859,0.909,753,1
1785,178.500,954.3,680,887,0.904,763,1
1786,178.600,306.4,688,871,0.825,758,1
1786,178.600,396.3,680,883,0.871,744,1
1786,178.600,489.0,608,903,0.913,745,1
1786,178.600,581.3,544,895,0.929,1,1
1786,178.600,675.8,584,887,0.927,746,1
1786,178.600,767.0,568,879,0.917,752,1
1786,178.600,862.9,608,871,0.891,753,1
1787,178.700,216.1,724,823,0.410,764,0
1787,178.700,303.0,628,863,0.912,758,1
1787,178.700,400.6,672,887,0.875,744,1
1787,178.700,491.2,608,899,0.900,745,1
1787,178.700,584.0,536,891,0.914,1,1
1787,178.700,678.4,584,879,0.938,746,1
1787,178.700,772.4,548,863,0.915,752,1
1787,178.700,860.4,604,859,0.901,753,1
1787,178.700,954.2,680,875,0.896,763,1
1788,178.800,309.6,660,879,0.885,758,1
1788,178.800,395.1,668,891,0.875,744,1
1788,178.800,492.3,604,899,0.918,745,1
1788,178.800,585.6,580,891,0.916,1,1
1788,178.800,679.3,604,887,0.926,746,1
1788,178.800,773.7,656,875,0.935,752,1
1788,178.800,864.1,716,875,0.911,753,1
1788,178.800,957.0,784,879,0.875,763,1
1789,178.900,308.4,756,883,0.882,758,1
1789,178.900,401.8,740,899,0.905,744,1
1789,178.900,491.2,604,899,0.917,745,1
1789,178.900,583.5,660,895,0.924,1,1
1789,178.900,679.3,612,891,0.927,746,1
1789,178.900,774.1,668,891,0.921,752,1
1789,178.900,868.3,696,883,0.914,753,1
1789,178.900,959.5,728,871,0.769,763,1
1790,179.000,219.0,772,859,0.854,764,0
1790,179.000,310.2,740,879,0.904,758,1
1790,179.000,402.2,672,887,0.918,744,1
1790,179.000,491.2,636,887,0.909,745,1
1790,179.000,583.3,656,895,0.914,1,1
1790,179.000,678.8,696,895,0.933,746,1
1790,179.000,773.5,688,887,0.929,752,1
1790,179.000,866.8,732,831,0.497,753,1
1791,179.100,308.5,712,855,0.913,758,1
1791,179.100,401.0,656,863,0.915,744,1
1791,179.100,490.7,656,863,0.885,745,1
1791,179.100,584.1,652,871,0.903,1,1
1791,179.100,677.8,608,891,0.938,746,1
1791,179.100,772.6,696,875,0.910,752,1
1792,179.200,312.0,720,843,0.871,758,1
1792,179.200,402.4,656,863,0.913,744,1
1792,179.200,493.4,648,867,0.920,745,1
1792,179.200,588.2,628,875,0.912,1,1
1792,179.200,682.1,616,891,0.930,746,1
1792,179.200,775.2,676,871,0.920,752,1
1793,179.300,309.3,648,835,0.899,758,1
1793,179.300,403.7,688,839,0.820,744,1
1793,179.300,493.3,608,851,0.926,745,1
1793,179.300,585.6,656,859,0.931,1,1
1793,179.300,681.0,656,859,0.916,746,1
1793,179.300,775.9,736,823,0.610,752,1
1794,179.400,305.8,708,823,0.524,758,1
1794,179.400,398.0,680,819,0.606,744,1
1794,179.400,487.3,596,839,0.922,745,1
1794,179.400,579.5,656,847,0.922,1,1
1794,179.400,674.6,696,847,0.909,746,1
1795,179.500,399.4,552,827,0.905,744,1
1795,179.500,483.3,592,823,0.908,745,1
1795,179.500,578.7,660,843,0.929,1,1
1795,179.500,674.6,708,847,0.911,746,1
1796,179.600,397.4,628,819,0.440,744,1
1796,179.600,487.2,576,827,0.908,745,1
1796,179.600,579.5,660,843,0.919,1,1
1796,179.600,676.7,724,839,0.914,746,1
1797,179.700,299.1,724,839,0.525,758,1
1797,179.700,484.3,620,843,0.918,745,1
1797,179.700,575.3,560,867,0.932,1,1
1797,179.700,668.5,720,883,0.919,746,1
1798,179.800,206.1,756,859,0.419,765,0
1798,179.800,387.5,740,871,0.487,744,1
1798,179.800,481.5,616,883,0.918,745,1
1798,179.800,571.2,536,895,0.925,1,1
1798,179.800,665.3,688,903,0.939,746,1
1798,179.800,771.4,684,867,0.861,766,0
1799,179.900,305.6,768,875,0.753,758,1
1799,179.900,383.8,680,871,0.509,744,1
1799,179.900,483.6,616,899,0.913,745,1
1799,179.900,573.1,596,903,0.934,1,1
1799,179.900,669.8,724,903,0.911,746,1
1799,179.900,773.9,800,875,0.623,766,0
1800,180.000,483.2,620,903,0.898,745,1
1800,180.000,575.2,648,899,0.933,1,1
1800,180.000,672.6,696,895,0.911,746,1
1800,180.000,768.4,808,875,0.465,766,0
1801,180.100,391.1,712,887,0.827,744,1
1801,180.100,484.1,500,903,0.905,745,1
1801,180.100,575.5,576,903,0.925,1,1
1801,180.100,675.0,696,895,0.902,746,1
1801,180.100,771.7,800,875,0.461,766,0
1801,180.100,868.4,796,863,0.439,767,0
1802,180.200,297.0,776,883,0.519,758,1
1802,180.200,483.9,484,899,0.922,745,1
1802,180.200,576.0,608,899,0.921,1,1
1802,180.200,678.1,728,887,0.883,746,1
1802,180.200,865.7,772,867,0.771,767,0
1803,180.300,300.7,788,887,0.635,758,1
1803,180.300,484.5,716,899,0.898,745,1
1803,180.300,579.9,656,899,0.912,1,1
1803,180.300,681.0,752,883,0.866,746,1
1804,180.400,295.2,768,887,0.885,758,1
1804,180.400,391.2,692,887,0.911,744,1
1804,180.400,482.3,488,903,0.928,745,1
1804,180.400,577.1,660,899,0.924,1,1
1804,180.400,681.4,740,891,0.871,746,1
1805,180.500,297.8,800,883,0.775,758,1
1805,180.500,396.7,724,871,0.494,744,1
1805,180.500,485.0,708,895,0.882,745,1
1805,180.500,578.1,664,895,0.938,1,1
1805,180.500,684.6,752,871,0.675,746,1
1806,180.600,296.7,760,855,0.514,758,1
1806,180.600,486.7,644,891,0.897,745,1
1806,180.600,576.8,672,887,0.898,1,1
1806,180.600,679.1,748,875,0.683,746,1
1807,180.700,295.2,760,871,0.549,758,1
1807,180.700,391.1,784,871,0.616,744,1
1807,180.700,488.4,720,891,0.880,745,1
1807,180.700,575.9,656,891,0.923,1,1
1807,180.700,685.0,772,871,0.592,746,1
1807,180.700,869.8,800,863,0.484,768,0
1808,180.800,292.7,772,883,0.868,758,1
1808,180.800,390.6,728,875,0.564,744,1
1808,180.800,484.7,696,887,0.887,745,1
1808,180.800,578.5,636,891,0.919,1,1
1808,180.800,682.9,732,879,0.777,746,1
1808,180.800,871.2,792,855,0.701,768,0
1808,180.800,1069.2,596,719,0.573,769,0
1809,180.900,193.7,624,779,0.401,770,0
1809,180.900,288.6,756,887,0.868,758,1
1809,180.900,485.1,700,875,0.889,745,1
1809,180.900,579.2,656,891,0.919,1,1
1809,180.900,683.5,760,883,0.689,746,1
1810,181.000,290.5,764,887,0.868,758,1
1810,181.000,483.6,720,815,0.629,745,1
1810,181.000,578.8,648,891,0.933,1,1
1810,181.000,687.4,712,871,0.719,746,1
1811,181.100,292.0,756,875,0.855,758,1
1811,181.100,482.4,704,855,0.883,745,1
1811,181.100,579.0,640,891,0.913,1,1
1811,181.100,694.2,748,847,0.595,746,1
1812,181.200,290.9,772,875,0.611,758,1
1812,181.200,580.2,648,887,0.903,1,1
1813,181.300,286.3,696,879,0.507,758,1
1813,181.300,579.8,648,883,0.900,1,1
1814,181.400,579.1,648,887,0.924,1,1
1815,181.500,82.8,744,871,0.868,771,0
1815,181.500,373.6,732,887,0.599,772,1
1815,181.500,580.1,648,879,0.900,1,1
1816,181.600,78.9,696,827,0.827,771,0
1816,181.600,374.2,724,883,0.872,772,1
1816,181.600,579.2,648,867,0.921,1,1
1816,181.600,694.9,644,811,0.727,773,0
1816,181.600,792.5,712,815,0.506,774,0
1817,181.700,272.6,760,871,0.717,775,0
1817,181.700,375.7,728,883,0.851,772,1
1817,181.700,580.2,640,863,0.906,1,1
1817,181.700,906.2,488,667,0.503,776,0
1818,181.800,581.7,652,855,0.929,1,1
1818,181.800,795.3,732,839,0.824,774,0
1818,181.800,910.5,480,703,0.772,776,0
1819,181.900,378.4,700,863,0.618,772,1
1819,181.900,581.1,648,871,0.932,1,1
1819,181.900,791.6,720,847,0.879,774,0
1820,182.000,377.5,672,835,0.708,772,1
1820,182.000,582.6,672,867,0.919,1,1
1820,182.000,794.1,740,847,0.542,774,0
1821,182.100,582.6,656,875,0.917,1,1
1822,182.200,405.0,792,871,0.410,777,0
1822,182.200,580.7,660,871,0.914,1,1
1822,182.200,701.8,708,779,0.408,778,1
1823,182.300,578.9,668,867,0.873,1,1
1823,182.300,1037.3,708,851,0.536,779,0
1824,182.400,580.1,664,867,0.889,1,1
1824,182.400,709.6,708,843,0.422,778,1
1825,182.500,582.6,668,871,0.914,1,1
1825,182.500,709.4,684,823,0.710,778,1
1826,182.600,582.3,660,855,0.915,1,1
1827,182.700,581.3,664,859,0.926,1,1
1827,182.700,708.1,548,867,0.890,778,1
1828,182.800,583.2,664,855,0.912,1,1
1828,182.800,710.8,540,855,0.902,778,1
1829,182.900,583.4,668,863,0.886,1,1
1829,182.900,712.3,536,871,0.938,778,1
1830,183.000,582.8,652,863,0.922,1,1
1830,183.000,710.0,544,867,0.916,778,1
1831,183.100,345.3,732,819,0.420,780,0
1831,183.100,453.6,708,867,0.888,781,1
1831,183.100,578.6,624,871,0.931,1,1
1831,183.100,709.5,584,867,0.914,778,1
1832,183.200,344.7,740,823,0.418,780,0
1832,183.200,454.5,688,871,0.916,781,1
1832,183.200,579.3,628,871,0.927,1,1
1832,183.200,712.0,584,879,0.899,778,1
1833,183.300,457.1,760,871,0.915,781,1
1833,183.300,582.4,636,875,0.938,1,1
1833,183.300,716.7,656,875,0.885,778,1
1833,183.300,845.2,664,871,0.889,782,1
1834,183.400,456.1,684,875,0.913,781,1
1834,183.400,582.7,648,879,0.912,1,1
1834,183.400,714.7,584,879,0.919,778,1
1834,183.400,843.9,656,879,0.903,782,1
1834,183.400,975.2,732,835,0.739,783,0
1835,183.500,454.7,664,863,0.885,781,1
1835,183.500,582.5,628,875,0.917,1,1
1835,183.500,714.4,664,875,0.892,778,1
1835,183.500,845.7,672,883,0.880,782,1
1836,183.600,324.7,680,831,0.746,784,0
1836,183.600,454.1,672,863,0.895,781,1
1836,183.600,584.9,660,875,0.920,1,1
1836,183.600,715.0,664,879,0.897,778,1
1836,183.600,849.2,680,867,0.911,782,1
1837,183.700,322.6,668,867,0.880,784,0
1837,183.700,455.3,672,863,0.911,781,1
1837,183.700,584.6,644,879,0.871,1,1
1837,183.700,718.2,684,887,0.911,778,1
1837,183.700,849.6,704,851,0.710,782,1
1838,183.800,318.1,668,875,0.898,784,0
1838,183.800,452.9,668,855,0.934,781,1
1838,183.800,582.0,640,879,0.923,1,1
1838,183.800,714.5,700,895,0.900,778,1
1839,183.900,314.6,720,819,0.519,784,0
1839,183.900,450.0,548,847,0.855,781,1
1839,183.900,581.1,632,871,0.914,1,1
1839,183.900,713.9,748,891,0.894,778,1
1840,184.000,458.2,688,863,0.801,781,1
1840,184.000,583.4,600,871,0.915,1,1
1840,184.000,715.9,744,895,0.884,778,1
1841,184.100,460.9,556,867,0.829,781,1
1841,184.100,583.3,660,879,0.913,1,1
1841,184.100,717.3,768,895,0.898,778,1
1842,184.200,351.1,680,815,0.548,785,1
1842,184.200,456.1,540,851,0.894,781,1
1842,184.200,583.5,680,871,0.931,1,1
1842,184.200,718.7,764,875,0.889,778,1
1843,184.300,352.8,756,815,0.426,785,1
1843,184.300,474.0,760,843,0.795,786,1
1843,184.300,582.2,664,867,0.931,1,1
1843,184.300,719.4,760,855,0.798,778,1
1843,184.300,914.4,688,839,0.765,787,1
1844,184.400,364.8,756,855,0.425,785,1
1844,184.400,476.5,776,851,0.839,786,1
1844,184.400,585.3,664,871,0.926,1,1
1844,184.400,718.0,756,855,0.841,778,1
1844,184.400,910.0,604,823,0.654,787,1
1845,184.500,360.8,748,819,0.564,785,1
1845,184.500,477.0,732,847,0.843,786,1
1845,184.500,583.1,656,867,0.915,1,1
1845,184.500,736.8,800,859,0.438,788,0
1845,184.500,920.7,720,863,0.792,787,1
1846,184.600,364.6,752,831,0.558,785,1
1846,184.600,479.0,724,847,0.884,786,1
1846,184.600,583.8,664,871,0.909,1,1
1846,184.600,707.0,784,851,0.635,778,1
1846,184.600,920.0,736,871,0.718,787,1
1847,184.700,115.7,612,731,0.457,789,0
1847,184.700,251.0,728,843,0.793,790,1
1847,184.700,365.6,756,843,0.646,785,1
1847,184.700,475.6,740,843,0.790,786,1
1847,184.700,584.5,672,875,0.902,1,1
1847,184.700,701.1,752,863,0.814,778,1
1847,184.700,810.9,768,867,0.707,791,1
1847,184.700,920.6,692,863,0.636,787,1
1848,184.800,121.6,620,779,0.504,789,0
1848,184.800,250.1,720,847,0.766,790,1
1848,184.800,358.0,748,843,0.647,785,1
1848,184.800,478.6,736,847,0.776,786,1
1848,184.800,584.2,676,875,0.908,1,1
1848,184.800,701.0,756,867,0.829,778,1
1848,184.800,810.7,788,871,0.626,791,1
1849,184.900,252.3,712,847,0.611,790,1
1849,184.900,485.9,756,851,0.605,786,1
1849,184.900,586.6,676,875,0.899,1,1
1849,184.900,700.0,748,875,0.871,778,1
1849,184.900,802.4,736,863,0.833,791,1
1850,185.000,254.6,716,835,0.598,790,1
1850,185.000,483.8,752,851,0.699,786,1
1850,185.000,586.5,664,879,0.912,1,1
1850,185.000,698.2,760,883,0.914,778,1
1850,185.000,789.4,624,867,0.903,791,1
1850,185.000,908.8,764,867,0.702,787,1
1851,185.100,251.6,624,839,0.669,790,1
1851,185.100,380.2,724,843,0.892,792,1
1851,185.100,483.8,708,863,0.884,786,1
1851,185.100,585.0,672,887,0.900,1,1
1851,185.100,698.1,748,887,0.917,778,1
1851,185.100,786.0,708,875,0.861,791,1
1851,185.100,900.2,764,867,0.431,787,1
1851,185.100,1001.9,800,863,0.447,793,0
1852,185.200,379.8,716,855,0.898,792,1
1852,185.200,483.4,712,863,0.883,786,1
1852,185.200,586.3,576,883,0.890,1,1
1852,185.200,700.1,672,887,0.900,778,1
1852,185.200,787.7,620,875,0.877,791,1
1852,185.200,904.5,772,871,0.786,787,1
1853,185.300,53.5,684,855,0.640,794,0
1853,185.300,245.2,476,699,0.663,790,1
1853,185.300,379.1,648,875,0.907,792,1
1853,185.300,487.9,672,879,0.920,786,1
1853,185.300,583.6,636,883,0.857,1,1
1853,185.300,697.9,672,879,0.869,778,1
1853,185.300,792.0,640,891,0.757,791,1
1853,185.300,889.5,796,875,0.467,787,1
1854,185.400,50.3,684,847,0.735,794,0
1854,185.400,249.5,476,691,0.585,790,1
1854,185.400,379.6,700,879,0.918,792,1
1854,185.400,485.0,676,879,0.905,786,1
1854,185.400,584.8,644,887,0.822,1,1
1854,185.400,696.7,732,883,0.863,778,1
1854,185.400,794.5,652,899,0.735,791,1
1855,185.500,255.8,488,675,0.431,790,1
1855,185.500,377.5,644,883,0.912,792,1
1855,185.500,486.5,660,883,0.925,786,1
1855,185.500,583.1,644,887,0.824,1,1
1855,185.500,694.3,720,887,0.902,778,1
1855,185.500,792.1,632,903,0.836,791,1
1855,185.500,871.4,412,715,0.610,795,1
1855,185.500,1078.7,596,655,0.448,796,0
1856,185.600,372.3,632,879,0.793,792,1
1856,185.600,486.4,696,887,0.849,786,1
1856,185.600,579.8,600,887,0.869,1,1
1856,185.600,690.0,604,887,0.901,778,1
1856,185.600,790.2,724,903,0.926,791,1
1856,185.600,886.7,680,891,0.933,787,1
1856,185.600,987.1,756,871,0.583,797,0
1856,185.600,1078.2,596,867,0.660,796,0
1857,185.700,172.1,752,863,0.589,798,0
1857,185.700,287.7,764,883,0.631,799,1
1857,185.700,376.2,628,887,0.770,792,1
1857,185.700,491.0,664,895,0.890,786,1
1857,185.700,583.1,608,891,0.890,1,1
1857,185.700,692.1,716,887,0.913,778,1
1857,185.700,795.7,732,895,0.920,791,1
1857,185.700,889.7,544,887,0.912,787,1
1857,185.700,991.8,760,867,0.478,797,0
1858,185.800,287.4,700,887,0.623,799,1
1858,185.800,387.7,732,883,0.578,792,1
1858,185.800,492.0,740,891,0.845,786,1
1858,185.800,583.6,616,891,0.833,1,1
1858,185.800,689.2,640,883,0.921,778,1
1858,185.800,791.3,728,891,0.931,791,1
1858,185.800,878.7,572,875,0.903,795,1
1859,185.900,285.8,712,891,0.624,799,1
1859,185.900,386.9,628,895,0.664,792,1
1859,185.900,491.6,680,895,0.868,786,1
1859,185.900,583.4,672,891,0.826,1,1
1859,185.900,690.3,700,883,0.899,778,1
1859,185.900,792.3,752,883,0.841,791,1
1859,185.900,879.6,556,879,0.836,795,1
1860,186.000,295.6,804,887,0.463,799,1
1860,186.000,381.9,608,887,0.680,792,1
1860,186.000,491.0,672,895,0.842,786,1
1860,186.000,582.2,652,887,0.826,1,1
1860,186.000,687.0,700,883,0.897,778,1
1860,186.000,787.5,732,879,0.850,791,1
1860,186.000,881.2,552,875,0.874,795,1
1861,186.100,295.0,772,887,0.607,799,1
1861,186.100,389.4,704,879,0.741,792,1
1861,186.100,491.4,676,891,0.837,786,1
1861,186.100,583.6,660,887,0.785,1,1
1861,186.100,688.0,712,887,0.891,778,1
1861,186.100,788.1,732,883,0.842,791,1
1861,186.100,882.5,756,879,0.899,795,1
1862,186.200,91.7,676,883,0.657,800,0
1862,186.200,293.7,748,891,0.800,799,1
1862,186.200,385.4,492,867,0.912,792,1
1862,186.200,489.4,692,883,0.858,786,1
1862,186.200,584.9,656,883,0.893,1,1
1862,186.200,687.4,640,887,0.915,778,1
1862,186.200,785.8,720,887,0.907,791,1
1862,186.200,881.1,748,887,0.922,795,1
1862,186.200,966.7,472,803,0.620,801,1
1863,186.300,87.1,616,891,0.628,800,0
1863,186.300,292.9,772,903,0.632,799,1
1863,186.300,381.6,504,863,0.879,792,1
1863,186.300,485.1,660,879,0.844,786,1
1863,186.300,581.0,656,883,0.900,1,1
1863,186.300,678.9,496,891,0.931,778,1
1863,186.300,784.6,708,887,0.910,791,1
1863,186.300,878.4,752,883,0.916,795,1
1863,186.300,968.8,472,867,0.654,801,1
1864,186.400,295.0,768,891,0.630,799,1
1864,186.400,392.2,688,871,0.642,792,1
1864,186.400,488.5,680,883,0.780,786,1
1864,186.400,584.4,664,883,0.807,1,1
1864,186.400,686.1,608,895,0.925,778,1
1864,186.400,786.0,712,891,0.910,791,1
1864,186.400,882.8,752,879,0.884,795,1
1864,186.400,974.6,752,875,0.873,801,1
1865,186.500,295.0,744,891,0.622,799,1
1865,186.500,396.1,700,871,0.625,792,1
1865,186.500,491.9,672,887,0.761,786,1
1865,186.500,584.7,668,887,0.792,1,1
1865,186.500,685.7,516,899,0.930,778,1
1865,186.500,785.3,704,891,0.905,791,1
1865,186.500,882.1,748,875,0.886,795,1
1865,186.500,973.0,748,875,0.888,801,1
1866,186.600,294.6,556,883,0.631,799,1
1866,186.600,398.4,636,859,0.804,792,1
1866,186.600,492.6,688,879,0.855,786,1
1866,186.600,586.5,672,883,0.877,1,1
1866,186.600,687.6,496,899,0.922,778,1
1866,186.600,787.5,608,887,0.894,791,1
1866,186.600,878.8,756,879,0.883,795,1
1866,186.600,974.4,752,879,0.829,801,1
1866,186.600,1055.7,544,615,0.429,802,0
1867,186.700,291.9,756,879,0.483,799,1
1867,186.700,395.4,716,871,0.664,792,1
1867,186.700,489.0,660,879,0.886,786,1
1867,186.700,583.5,672,887,0.827,1,1
1867,186.700,683.9,584,903,0.919,778,1
1867,186.700,779.5,704,887,0.848,791,1
1867,186.700,875.6,736,883,0.910,795,1
1867,186.700,972.7,740,875,0.856,801,1
1867,186.700,1058.9,804,871,0.563,802,0
1868,186.800,206.0,716,887,0.666,803,0
1868,186.800,302.8,712,887,0.784,799,1
1868,186.800,398.2,664,875,0.841,792,1
1868,186.800,491.3,692,879,0.870,786,1
1868,186.800,586.3,664,887,0.831,1,1
1868,186.800,685.7,472,899,0.928,778,1
1868,186.800,777.3,544,891,0.865,791,1
1868,186.800,875.7,732,883,0.905,795,1
1869,186.900,207.4,696,891,0.620,803,0
1869,186.900,310.0,756,895,0.629,799,1
1869,186.900,399.9,712,883,0.700,792,1
1869,186.900,494.2,728,883,0.862,786,1
1869,186.900,589.0,664,887,0.777,1,1
1869,186.900,687.2,476,903,0.909,778,1
1869,186.900,782.0,552,891,0.897,791,1
1869,186.900,877.2,736,883,0.916,795,1
1870,187.000,205.9,704,891,0.613,803,0
1870,187.000,307.8,756,891,0.623,799,1
1870,187.000,403.8,716,887,0.647,792,1
1870,187.000,498.1,704,891,0.809,786,1
1870,187.000,589.5,656,887,0.794,1,1
1870,187.000,687.2,480,899,0.915,778,1
1870,187.000,780.7,524,887,0.889,791,1
1870,187.000,876.6,756,875,0.892,795,1
1871,187.100,200.2,648,867,0.558,803,0
1871,187.100,306.4,744,895,0.634,799,1
1871,187.100,401.5,708,887,0.750,792,1
1871,187.100,495.4,624,891,0.850,786,1
1871,187.100,587.0,560,891,0.860,1,1
1871,187.100,685.1,528,895,0.931,778,1
1871,187.100,776.0,420,891,0.915,791,1
1871,187.100,871.2,724,875,0.850,795,1
1872,187.200,116.7,704,875,0.631,804,0
1872,187.200,307.6,776,891,0.588,799,1
1872,187.200,402.6,688,895,0.633,792,1
1872,187.200,495.9,632,895,0.878,786,1
1872,187.200,588.0,540,895,0.902,1,1
1872,187.200,684.3,604,895,0.921,778,1
1872,187.200,774.6,440,895,0.885,791,1
1872,187.200,870.0,684,883,0.901,795,1
1873,187.300,121.3,780,859,0.462,804,0
1873,187.300,308.9,776,887,0.580,799,1
1873,187.300,404.4,700,903,0.694,792,1
1873,187.300,497.5,616,895,0.904,786,1
1873,187.300,589.3,544,891,0.903,1,1
1873,187.300,686.0,600,895,0.929,778,1
1873,187.300,779.6,668,895,0.861,791,1
1873,187.300,869.2,692,887,0.917,795,1
1874,187.400,310.3,752,895,0.784,799,1
1874,187.400,400.6,692,895,0.843,792,1
1874,187.400,498.0,600,899,0.919,786,1
1874,187.400,592.1,540,895,0.913,1,1
1874,187.400,685.6,588,891,0.929,778,1
1874,187.400,779.5,660,891,0.867,791,1
1874,187.400,871.5,640,891,0.892,795,1
1875,187.500,316.1,752,899,0.604,799,1
1875,187.500,404.0,572,915,0.630,792,1
1875,187.500,496.7,608,903,0.835,786,1
1875,187.500,592.6,544,903,0.905,1,1
1875,187.500,684.5,472,899,0.919,778,1
1875,187.500,775.0,412,895,0.880,791,1
1875,187.500,869.5,472,887,0.901,795,1
1875,187.500,967.0,760,879,0.832,805,1
1876,187.600,318.8,720,899,0.608,799,1
1876,187.600,404.5,584,915,0.628,792,1
1876,187.600,498.1,608,907,0.874,786,1
1876,187.600,590.9,548,911,0.904,1,1
1876,187.600,683.0,476,915,0.910,778,1
1876,187.600,773.6,420,903,0.847,791,1
1876,187.600,871.2,608,879,0.844,795,1
1876,187.600,966.3,760,879,0.747,805,1
1877,187.700,320.1,724,887,0.602,799,1
1877,187.700,408.8,624,903,0.609,792,1
1877,187.700,498.0,612,899,0.845,786,1
1877,187.700,591.8,532,903,0.855,1,1
1877,187.700,684.8,472,907,0.899,778,1
1877,187.700,776.2,536,895,0.906,791,1
1877,187.700,872.0,600,871,0.899,795,1
1878,187.800,225.2,792,863,0.433,806,1
1878,187.800,318.0,608,887,0.603,799,1
1878,187.800,408.0,676,903,0.606,792,1
1878,187.800,500.2,596,903,0.750,786,1
1878,187.800,593.9,536,903,0.783,1,1
1878,187.800,686.8,500,903,0.919,778,1
1878,187.800,777.0,540,879,0.909,791,1
1878,187.800,870.9,596,863,0.922,795,1
1878,187.800,961.4,672,871,0.770,805,1
1879,187.900,228.7,772,871,0.555,806,1
1879,187.900,314.0,632,887,0.829,799,1
1879,187.900,407.9,668,895,0.826,792,1
1879,187.900,499.4,608,899,0.882,786,1
1879,187.900,594.7,544,895,0.882,1,1
1879,187.900,688.3,600,895,0.911,778,1
1879,187.900,781.3,544,871,0.889,791,1
1879,187.900,870.5,624,867,0.936,795,1
1879,187.900,965.0,736,863,0.676,805,1
1880,188.000,315.8,668,879,0.877,799,1
1880,188.000,407.4,692,895,0.834,792,1
1880,188.000,497.7,580,891,0.914,786,1
1880,188.000,592.1,564,887,0.895,1,1
1880,188.000,686.1,604,883,0.919,778,1
1880,188.000,780.4,600,871,0.899,791,1
1880,188.000,870.9,612,875,0.935,795,1
1880,188.000,964.9,768,863,0.847,805,1
1881,188.100,318.2,740,891,0.760,799,1
1881,188.100,409.9,672,891,0.773,792,1
1881,188.100,499.4,616,891,0.900,786,1
1881,188.100,594.7,616,887,0.897,1,1
1881,188.100,689.5,608,887,0.897,778,1
1881,188.100,780.2,636,879,0.876,791,1
1881,188.100,875.2,616,879,0.911,795,1
1881,188.100,964.5,772,867,0.730,805,1
1882,188.200,227.7,692,871,0.677,806,1
1882,188.200,318.3,624,875,0.799,799,1
1882,188.200,409.5,552,875,0.844,792,1
1882,188.200,499.7,600,879,0.918,786,1
1882,188.200,594.7,580,875,0.898,1,1
1882,188.200,688.5,608,891,0.907,778,1
1882,188.200,779.9,648,883,0.863,791,1
1882,188.200,873.6,716,871,0.916,795,1
1882,188.200,964.7,724,847,0.409,805,1
1883,188.300,228.1,700,867,0.640,806,1
1883,188.300,319.1,608,871,0.839,799,1
1883,188.300,410.5,644,863,0.857,792,1
1883,188.300,502.1,604,867,0.926,786,1
1883,188.300,595.1,560,875,0.889,1,1
1883,188.300,688.9,596,895,0.906,778,1
1883,188.300,779.3,648,887,0.872,791,1
1883,188.300,873.1,720,855,0.746,795,1
1884,188.400,234.1,704,839,0.544,806,1
1884,188.400,318.7,692,843,0.869,799,1
1884,188.400,409.7,664,847,0.892,792,1
1884,188.400,500.6,588,851,0.896,786,1
1884,188.400,594.9,544,867,0.832,1,1
1884,188.400,687.9,604,887,0.872,778,1
1884,188.400,777.7,676,875,0.878,791,1
1884,188.400,868.9,616,819,0.619,795,1
1885,188.500,313.3,604,847,0.916,799,1
1885,188.500,407.1,560,843,0.899,792,1
1885,188.500,495.9,488,847,0.900,786,1
1885,188.500,592.9,544,859,0.889,1,1
1885,188.500,685.8,580,863,0.909,778,1
1885,188.500,777.5,668,859,0.895,791,1
1885,188.500,868.4,652,759,0.756,795,1
1886,188.600,223.8,552,783,0.505,806,1
1886,188.600,311.4,604,847,0.905,799,1
1886,188.600,408.0,556,847,0.909,792,1
1886,188.600,496.2,568,851,0.919,786,1
1886,188.600,590.8,544,855,0.903,1,1
1886,188.600,684.1,600,859,0.921,778,1
1886,188.600,778.3,640,851,0.881,791,1
1887,188.700,307.7,516,827,0.917,799,1
1887,188.700,395.2,424,843,0.911,792,1
1887,188.700,490.1,456,847,0.910,786,1
1887,188.700,584.7,540,867,0.924,1,1
1887,188.700,677.0,604,891,0.928,778,1
1887,188.700,770.2,572,875,0.899,791,1
1887,188.700,862.9,712,847,0.863,795,1
1888,188.800,310.0,600,835,0.831,799,1
1888,188.800,399.7,524,831,0.904,792,1
1888,188.800,492.2,476,851,0.912,786,1
1888,188.800,586.1,544,867,0.917,1,1
1888,188.800,678.7,592,899,0.939,778,1
1888,188.800,772.8,676,867,0.816,791,1
1888,188.800,865.8,740,847,0.812,795,1
1889,188.900,304.1,596,839,0.911,799,1
1889,188.900,399.5,424,847,0.913,792,1
1889,188.900,489.5,456,851,0.907,786,1
1889,188.900,583.9,536,871,0.928,1,1
1889,188.900,678.6,612,899,0.935,778,1
1889,188.900,773.4,660,867,0.916,791,1
1889,188.900,865.2,736,843,0.871,795,1
1890,189.000,310.0,640,847,0.595,799,1
1890,189.000,399.3,688,855,0.624,792,1
1890,189.000,493.4,576,859,0.884,786,1
1890,189.000,585.3,544,871,0.920,1,1
1890,189.000,678.8,612,891,0.931,778,1
1890,189.000,775.2,688,863,0.864,791,1
1890,189.000,870.9,752,843,0.755,795,1
1890,189.000,1053.0,780,859,0.743,807,0
1891,189.100,307.1,688,847,0.745,799,1
1891,189.100,399.4,664,855,0.747,792,1
1891,189.100,494.1,596,867,0.897,786,1
1891,189.100,586.6,544,879,0.915,1,1
1891,189.100,679.8,700,891,0.914,778,1
1891,189.100,774.4,688,859,0.904,791,1
1891,189.100,870.1,744,843,0.762,795,1
1891,189.100,960.1,484,743,0.426,808,0
1891,189.100,1057.1,792,859,0.785,807,0
1892,189.200,317.7,708,851,0.504,799,1
1892,189.200,398.6,604,863,0.825,792,1
1892,189.200,493.0,600,875,0.891,786,1
1892,189.200,586.3,552,883,0.892,1,1
1892,189.200,678.6,632,887,0.928,778,1
1892,189.200,772.9,704,871,0.859,791,1
1892,189.200,868.6,728,855,0.892,795,1
1892,189.200,970.7,616,831,0.617,808,0
1893,189.300,313.8,728,847,0.466,799,1
1893,189.300,397.8,576,863,0.860,792,1
1893,189.300,492.8,500,875,0.914,786,1
1893,189.300,586.5,536,887,0.868,1,1
1893,189.300,681.6,736,887,0.847,778,1
1893,189.300,775.6,732,871,0.607,791,1
1893,189.300,871.7,700,851,0.659,795,1
1893,189.300,967.2,528,819,0.550,808,0
1894,189.400,308.7,748,855,0.740,799,1
1894,189.400,397.9,592,851,0.895,792,1
1894,189.400,492.5,488,879,0.925,786,1
1894,189.400,586.1,552,887,0.868,1,1
1894,189.400,682.8,748,879,0.867,778,1
1894,189.400,772.8,780,871,0.625,791,1
1894,189.400,869.5,700,859,0.848,795,1
1894,189.400,968.6,712,855,0.725,808,0
1895,189.500,205.9,712,871,0.614,809,1
1895,189.500,308.0,780,879,0.619,799,1
1895,189.500,490.4,492,891,0.929,786,1
1895,189.500,584.5,668,895,0.806,1,1
1895,189.500,684.2,712,891,0.761,778,1
1895,189.500,777.9,800,879,0.558,791,1
1895,189.500,874.0,548,859,0.636,795,1
1896,189.600,113.7,616,795,0.574,810,0
1896,189.600,207.3,728,879,0.599,809,1
1896,189.600,304.0,772,883,0.608,799,1
1896,189.600,397.6,720,875,0.592,792,1
1896,189.600,489.1,480,899,0.884,786,1
1896,189.600,583.9,636,895,0.843,1,1
1896,189.600,683.2,644,891,0.900,778,1
1896,189.600,775.4,724,879,0.872,791,1
1896,189.600,874.3,580,867,0.907,795,1
1897,189.700,113.5,580,727,0.562,810,0
1897,189.700,207.2,720,879,0.589,809,1
1897,189.700,305.0,780,883,0.602,799,1
1897,189.700,397.5,716,871,0.752,792,1
1897,189.700,489.6,480,895,0.894,786,1
1897,189.700,584.5,644,895,0.863,1,1
1897,189.700,684.4,712,891,0.902,778,1
1897,189.700,879.8,776,867,0.779,795,1
1898,189.800,119.4,572,663,0.539,810,0
1898,189.800,207.8,716,883,0.608,809,1
1898,189.800,303.0,784,879,0.599,799,1
1898,189.800,395.1,724,887,0.622,792,1
1898,189.800,492.5,600,899,0.844,786,1
1898,189.800,587.6,664,895,0.813,1,1
1898,189.800,687.4,748,887,0.887,778,1
1898,189.800,873.0,560,875,0.869,795,1
1899,189.900,205.8,704,875,0.587,809,1
1899,189.900,298.7,792,887,0.609,799,1
1899,189.900,394.3,732,887,0.618,792,1
1899,189.900,492.1,504,899,0.785,786,1
1899,189.900,587.4,652,895,0.844,1,1
1899,189.900,687.7,740,887,0.873,778,1
1899,189.900,775.7,768,879,0.456,791,1
1899,189.900,875.2,768,879,0.903,795,1
1900,190.000,203.4,484,883,0.613,809,1
1900,190.000,294.4,764,899,0.625,799,1
1900,190.000,392.3,652,887,0.614,792,1
1900,190.000,488.5,516,895,0.803,786,1
1900,190.000,585.0,644,891,0.899,1,1
1900,190.000,687.2,684,891,0.908,778,1
1900,190.000,781.6,724,871,0.905,791,1
1900,190.000,873.7,768,879,0.934,795,1
1901,190.100,197.7,484,863,0.629,809,1
1901,190.100,295.0,764,887,0.654,799,1
1901,190.100,394.4,664,875,0.580,792,1
1901,190.100,487.2,640,887,0.780,786,1
1901,190.100,586.7,668,891,0.883,1,1
1901,190.100,684.9,736,891,0.895,778,1
1901,190.100,782.3,728,867,0.737,791,1
1901,190.100,878.9,772,859,0.585,795,1
1902,190.200,203.3,484,791,0.603,809,1
1902,190.200,295.1,768,883,0.750,799,1
1902,190.200,394.4,716,871,0.641,792,1
1902,190.200,486.8,648,887,0.804,786,1
1902,190.200,586.6,660,891,0.889,1,1
1902,190.200,685.6,712,899,0.908,778,1
1902,190.200,786.0,720,871,0.702,791,1
1902,190.200,875.2,780,867,0.410,795,1
1903,190.300,300.1,780,879,0.618,799,1
1903,190.300,390.8,724,875,0.642,792,1
1903,190.300,485.7,688,887,0.746,786,1
1903,190.300,585.4,664,891,0.899,1,1
1903,190.300,685.6,760,899,0.897,778,1
1903,190.300,787.9,732,883,0.728,791,1
1904,190.400,292.9,708,871,0.689,799,1
1904,190.400,389.5,684,887,0.583,792,1
1904,190.400,484.2,704,879,0.891,786,1
1904,190.400,584.0,584,891,0.907,1,1
1904,190.400,683.4,736,903,0.898,778,1
1904,190.400,791.6,708,879,0.865,791,1
1905,190.500,96.1,764,867,0.587,811,1
1905,190.500,286.7,560,879,0.876,799,1
1905,190.500,377.7,720,883,0.908,792,1
1905,190.500,484.9,664,887,0.884,786,1
1905,190.500,582.9,560,891,0.911,1,1
1905,190.500,685.5,672,899,0.912,778,1
1905,190.500,790.4,616,883,0.902,791,1
1906,190.600,93.3,724,875,0.911,811,1
1906,190.600,287.2,684,871,0.883,799,1
1906,190.600,377.9,704,887,0.929,792,1
1906,190.600,481.9,684,883,0.912,786,1
1906,190.600,585.7,564,887,0.898,1,1
1906,190.600,688.4,780,891,0.821,778,1
1906,190.600,793.6,616,863,0.569,791,1
1907,190.700,89.1,620,875,0.831,811,1
1907,190.700,283.8,656,875,0.891,799,1
1907,190.700,377.0,712,891,0.928,792,1
1907,190.700,483.9,696,875,0.881,786,1
1907,190.700,585.6,552,887,0.893,1,1
1907,190.700,690.8,752,879,0.549,778,1
1907,190.700,795.8,704,855,0.840,791,1
1908,190.800,87.8,616,811,0.728,811,1
1908,190.800,287.3,752,867,0.599,799,1
1908,190.800,374.5,688,891,0.912,792,1
1908,190.800,481.4,636,883,0.894,786,1
1908,190.800,582.5,568,883,0.932,1,1
1908,190.800,689.9,688,883,0.694,778,1
1908,190.800,795.8,708,875,0.890,791,1
1908,190.800,912.7,460,799,0.710,812,1
1909,190.900,89.9,708,807,0.483,811,1
1909,190.900,177.7,740,811,0.571,813,0
1909,190.900,283.0,704,819,0.772,799,1
1909,190.900,377.7,624,887,0.912,792,1
1909,190.900,482.2,672,883,0.912,786,1
1909,190.900,585.4,608,887,0.895,1,1
1909,190.900,694.2,500,871,0.648,778,1
1909,190.900,799.5,712,867,0.894,791,1
1909,190.900,913.5,472,839,0.910,812,1
1910,191.000,177.6,756,895,0.625,813,0
1910,191.000,379.5,628,871,0.875,792,1
1910,191.000,484.4,680,823,0.695,786,1
1910,191.000,588.5,552,883,0.855,1,1
1910,191.000,698.2,616,743,0.428,778,1
1910,191.000,801.9,716,867,0.910,791,1
1910,191.000,917.4,468,851,0.661,812,1
1911,191.100,178.5,748,867,0.657,813,0
1911,191.100,383.6,624,875,0.850,792,1
1911,191.100,588.7,544,875,0.889,1,1
1911,191.100,802.2,724,859,0.897,791,1
1911,191.100,922.7,492,847,0.833,812,1
1912,191.200,381.2,632,859,0.806,792,1
1912,191.200,587.9,660,875,0.858,1,1
1912,191.200,925.0,548,851,0.820,812,1
1913,191.300,377.9,684,843,0.850,792,1
1913,191.300,587.4,660,875,0.870,1,1
1914,191.400,384.0,612,871,0.699,792,1
1914,191.400,590.3,652,879,0.871,1,1
1914,191.400,930.2,708,859,0.831,812,1
1915,191.500,378.1,592,771,0.814,792,1
1915,191.500,591.8,668,871,0.848,1,1
1915,191.500,930.5,724,859,0.669,812,1
1915,191.500,1048.0,600,839,0.869,814,0
1916,191.600,50.9,760,859,0.701,815,0
1916,191.600,372.4,604,751,0.402,792,1
1916,191.600,592.0,656,871,0.881,1,1
1916,191.600,714.7,544,735,0.613,816,1
1916,191.600,931.2,732,847,0.691,812,1
1916,191.600,1050.7,596,855,0.899,814,0
1917,191.700,252.9,564,755,0.507,817,0
1917,191.700,589.6,572,875,0.899,1,1
1917,191.700,718.0,544,851,0.878,816,1
1918,191.800,591.6,668,871,0.871,1,1
1918,191.800,722.6,552,863,0.414,816,1
1919,191.900,253.6,560,763,0.763,817,0
1919,191.900,374.1,516,663,0.469,792,1
1919,191.900,423.7,712,775,0.427,818,0
1919,191.900,591.6,656,879,0.896,1,1
1919,191.900,716.4,532,863,0.895,816,1
1920,192.000,589.2,660,875,0.900,1,1
1920,192.000,718.4,524,867,0.908,816,1
1921,192.100,589.1,548,875,0.912,1,1
1921,192.100,719.7,532,867,0.829,816,1
1921,192.100,829.9,652,731,0.496,819,1
1922,192.200,122.5,656,759,0.758,820,0
1922,192.200,591.0,548,875,0.911,1,1
1922,192.200,721.7,544,879,0.902,816,1
1922,192.200,838.4,652,759,0.530,819,1
1923,192.300,123.8,552,775,0.753,820,0
1923,192.300,466.3,660,875,0.909,821,1
1923,192.300,592.4,560,887,0.919,1,1
1923,192.300,720.3,540,887,0.911,816,1
1923,192.300,849.6,640,879,0.860,819,1
1924,192.400,121.4,512,715,0.912,820,0
1924,192.400,254.4,348,527,0.603,822,0
1924,192.400,464.2,600,879,0.895,821,1
1924,192.400,591.5,604,887,0.897,1,1
1924,192.400,721.5,548,891,0.904,816,1
1924,192.400,853.5,652,887,0.923,819,1
1925,192.500,465.1,588,883,0.885,821,1
1925,192.500,586.0,644,891,0.900,1,1
1925,192.500,723.9,668,895,0.924,816,1
1925,192.500,851.2,652,903,0.930,819,1
1925,192.500,987.1,784,887,0.770,823,0
1926,192.600,331.5,680,803,0.469,824,1
1926,192.600,464.0,660,879,0.904,821,1
1926,192.600,591.1,656,891,0.894,1,1
1926,192.600,724.0,660,895,0.917,816,1
1926,192.600,855.6,660,895,0.910,819,1
1926,192.600,986.6,776,855,0.664,823,0
1927,192.700,334.8,652,859,0.839,824,1
1927,192.700,463.6,664,875,0.898,821,1
1927,192.700,592.8,664,891,0.917,1,1
1927,192.700,724.8,660,891,0.923,816,1
1927,192.700,855.6,636,887,0.906,819,1
1928,192.800,328.3,656,887,0.637,824,1
1928,192.800,458.9,668,887,0.843,821,1
1928,192.800,591.5,648,899,0.885,1,1
1928,192.800,724.7,652,903,0.910,816,1
1928,192.800,854.4,664,895,0.895,819,1
1929,192.900,325.6,656,899,0.731,824,1
1929,192.900,455.2,632,891,0.914,821,1
1929,192.900,585.5,644,907,0.918,1,1
1929,192.900,721.5,636,923,0.921,816,1
1929,192.900,848.4,684,871,0.567,819,1
1930,193.000,325.1,652,891,0.757,824,1
1930,193.000,456.5,556,887,0.909,821,1
1930,193.000,586.8,640,907,0.907,1,1
1930,193.000,722.6,616,927,0.918,816,1
1930,193.000,866.6,684,839,0.630,825,0
1931,193.100,334.5,668,807,0.723,824,1
1931,193.100,460.4,544,847,0.879,821,1
1931,193.100,589.9,564,895,0.897,1,1
1931,193.100,722.5,696,915,0.895,816,1
1931,193.100,1047.9,600,835,0.827,826,0
1932,193.200,335.3,660,819,0.417,824,1
1932,193.200,459.1,552,875,0.830,821,1
1932,193.200,590.9,560,899,0.904,1,1
1932,193.200,723.4,688,915,0.878,816,1
1932,193.200,831.6,712,839,0.424,827,0
1932,193.200,1050.1,608,839,0.669,826,0
1933,193.300,453.6,540,883,0.844,821,1
1933,193.300,587.2,672,891,0.908,1,1
1933,193.300,721.7,732,903,0.911,816,1
1933,193.300,920.1,748,843,0.704,828,1
1933,193.300,1046.5,712,847,0.760,826,0
1934,193.400,455.1,536,879,0.873,821,1
1934,193.400,588.7,672,875,0.910,1,1
1934,193.400,722.6,776,899,0.897,816,1
1934,193.400,921.5,732,847,0.788,828,1
1934,193.400,1049.4,716,831,0.647,826,0
1935,193.500,467.2,536,859,0.780,821,1
1935,193.500,588.4,652,879,0.893,1,1
1935,193.500,721.7,756,875,0.875,816,1
1935,193.500,918.7,620,851,0.914,828,1
1936,193.600,353.9,740,823,0.479,829,1
1936,193.600,475.8,704,859,0.849,821,1
1936,193.600,583.7,572,879,0.877,1,1
1936,193.600,714.9,728,863,0.818,816,1
1936,193.600,918.2,584,859,0.906,828,1
1937,193.700,364.1,692,831,0.655,829,1
1937,193.700,476.0,600,855,0.832,821,1
1937,193.700,583.6,640,855,0.914,1,1
1937,193.700,704.0,732,847,0.858,816,1
1937,193.700,810.3,716,851,0.610,830,0
1937,193.700,919.2,708,867,0.886,828,1
1938,193.800,252.9,732,835,0.581,831,1
1938,193.800,366.3,708,835,0.632,829,1
1938,193.800,476.1,556,847,0.830,821,1
1938,193.800,582.8,640,855,0.894,1,1
1938,193.800,701.7,744,855,0.856,816,1
1938,193.800,788.5,472,799,0.868,832,1
1938,193.800,921.8,712,871,0.909,828,1
1939,193.900,125.6,612,835,0.769,833,0
1939,193.900,257.1,728,847,0.608,831,1
1939,193.900,371.6,752,843,0.588,829,1
1939,193.900,459.9,536,835,0.589,834,0
1939,193.900,584.9,608,855,0.889,1,1
1939,193.900,700.4,732,859,0.888,816,1
1939,193.900,800.2,464,863,0.731,830,0
1939,193.900,920.9,728,871,0.891,828,1
1940,194.000,124.1,612,851,0.815,833,0
1940,194.000,259.6,712,859,0.613,831,1
1940,194.000,373.1,664,851,0.616,829,1
1940,194.000,481.9,740,851,0.750,821,1
1940,194.000,584.1,648,863,0.876,1,1
1940,194.000,700.9,744,863,0.888,816,1
1940,194.000,806.5,720,867,0.867,830,0
1940,194.000,917.1,720,859,0.622,828,1
1941,194.100,259.8,612,851,0.649,831,1
1941,194.100,372.1,672,855,0.624,829,1
1941,194.100,473.8,548,855,0.789,821,1
1941,194.100,583.6,644,863,0.888,1,1
1941,194.100,699.6,724,867,0.893,816,1
1941,194.100,794.9,608,863,0.843,832,1
1942,194.200,253.4,608,843,0.766,831,1
1942,194.200,375.5,708,835,0.784,829,1
1942,194.200,483.9,736,855,0.883,821,1
1942,194.200,583.3,656,867,0.891,1,1
1942,194.200,698.3,676,871,0.895,816,1
1942,194.200,790.5,616,863,0.902,832,1
1942,194.200,906.3,720,871,0.538,828,1
1942,194.200,1008.9,676,751,0.446,835,1
1943,194.300,255.0,680,847,0.745,831,1
1943,194.300,382.6,712,843,0.842,829,1
1943,194.300,485.2,736,855,0.905,821,1
1943,194.300,583.1,548,871,0.870,1,1
1943,194.300,700.0,632,875,0.872,816,1
1943,194.300,789.3,608,863,0.881,832,1
1943,194.300,903.4,760,879,0.642,828,1
1943,194.300,1001.4,676,863,0.671,835,1
1944,194.400,256.8,484,835,0.808,831,1
1944,194.400,380.2,664,863,0.889,829,1
1944,194.400,482.4,572,871,0.855,821,1
1944,194.400,584.2,544,871,0.877,1,1
1944,194.400,699.9,680,871,0.894,816,1
1944,194.400,790.5,612,871,0.908,832,1
1944,194.400,897.8,760,875,0.824,828,1
1944,194.400,1005.6,700,867,0.789,835,1
1945,194.500,52.5,688,843,0.619,836,0
1945,194.500,243.2,472,839,0.833,831,1
1945,194.500,377.9,636,871,0.919,829,1
1945,194.500,480.5,592,879,0.881,821,1
1945,194.500,580.5,564,879,0.861,1,1
1945,194.500,695.6,692,879,0.887,816,1
1945,194.500,791.2,620,887,0.909,832,1
1945,194.500,894.1,700,883,0.806,828,1
1946,194.600,52.9,680,839,0.652,836,0
1946,194.600,246.3,472,723,0.840,831,1
1946,194.600,380.1,684,875,0.882,829,1
1946,194.600,484.2,620,879,0.904,821,1
1946,194.600,581.5,572,879,0.884,1,1
1946,194.600,694.2,616,883,0.902,816,1
1946,194.600,793.0,624,891,0.928,832,1
1946,194.600,892.3,668,883,0.885,828,1
1947,194.700,380.9,620,867,0.917,829,1
1947,194.700,486.7,584,883,0.833,821,1
1947,194.700,582.7,560,883,0.915,1,1
1947,194.700,684.7,520,883,0.917,816,1
1947,194.700,792.8,688,895,0.902,832,1
1947,194.700,881.6,416,895,0.923,828,1
1947,194.700,990.7,680,867,0.501,835,1
1947,194.700,1076.2,608,851,0.836,837,0
1948,194.800,178.0,692,867,0.620,838,0
1948,194.800,286.3,744,863,0.595,839,1
1948,194.800,379.2,600,871,0.751,829,1
1948,194.800,490.6,628,883,0.846,821,1
1948,194.800,582.4,552,883,0.900,1,1
1948,194.800,692.7,624,883,0.929,816,1
1948,194.800,794.2,716,891,0.911,832,1
1948,194.800,883.8,520,895,0.924,828,1
1948,194.800,992.2,724,875,0.664,835,1
1948,194.800,1079.6,728,855,0.624,837,0
1949,194.900,175.2,684,875,0.627,838,0
1949,194.900,292.0,752,875,0.625,839,1
1949,194.900,378.4,608,863,0.862,829,1
1949,194.900,490.6,648,887,0.858,821,1
1949,194.900,581.9,548,883,0.861,1,1
1949,194.900,693.6,628,883,0.927,816,1
1949,194.900,796.1,724,887,0.917,832,1
1949,194.900,882.9,440,887,0.910,828,1
1950,195.000,173.8,684,875,0.692,838,0
1950,195.000,290.8,704,871,0.873,839,1
1950,195.000,379.5,612,859,0.856,829,1
1950,195.000,492.0,608,891,0.869,821,1
1950,195.000,582.1,620,887,0.845,1,1
1950,195.000,692.7,636,883,0.920,816,1
1950,195.000,795.6,724,879,0.890,832,1
1950,195.000,879.7,540,879,0.898,828,1
1951,195.100,286.1,708,875,0.874,839,1
1951,195.100,379.9,612,867,0.845,829,1
1951,195.100,490.6,640,891,0.887,821,1
1951,195.100,581.9,540,887,0.860,1,1
1951,195.100,691.1,664,879,0.923,816,1
1951,195.100,789.1,736,875,0.793,832,1
1951,195.100,880.3,548,875,0.895,828,1
1952,195.200,293.5,676,883,0.621,839,1
1952,195.200,389.3,596,871,0.802,829,1
1952,195.200,490.6,632,887,0.785,821,1
1952,195.200,582.3,652,883,0.847,1,1
1952,195.200,688.1,524,879,0.902,816,1
1952,195.200,784.2,664,879,0.885,832,1
1952,195.200,877.4,648,875,0.931,828,1
1953,195.300,88.3,744,863,0.544,840,0
1953,195.300,296.5,764,887,0.596,839,1
1953,195.300,383.6,480,875,0.884,829,1
1953,195.300,484.2,612,887,0.825,821,1
1953,195.300,582.0,664,879,0.878,1,1
1953,195.300,684.6,492,879,0.880,816,1
1953,195.300,784.0,704,883,0.891,832,1
1953,195.300,876.7,676,883,0.883,828,1
1953,195.300,964.3,472,699,0.615,841,1
1954,195.400,86.7,632,887,0.788,840,0
1954,195.400,291.9,756,895,0.719,839,1
1954,195.400,382.4,476,867,0.860,829,1
1954,195.400,485.9,628,879,0.888,821,1
1954,195.400,580.7,656,883,0.880,1,1
1954,195.400,679.4,608,883,0.890,816,1
1954,195.400,780.8,712,887,0.890,832,1
1954,195.400,874.9,696,887,0.886,828,1
1954,195.400,967.8,464,855,0.617,841,1
1955,195.500,89.2,608,915,0.755,840,0
1955,195.500,292.5,688,899,0.747,839,1
1955,195.500,388.0,484,867,0.885,829,1
1955,195.500,482.0,564,879,0.859,821,1
1955,195.500,582.0,644,879,0.877,1,1
1955,195.500,686.2,604,883,0.901,816,1
1955,195.500,784.2,708,891,0.893,832,1
1955,195.500,878.3,684,879,0.900,828,1
1955,195.500,972.8,496,863,0.603,841,1
1956,195.600,88.7,608,871,0.624,840,0
1956,195.600,293.0,568,891,0.764,839,1
1956,195.600,388.5,484,867,0.866,829,1
1956,195.600,486.7,644,879,0.874,821,1
1956,195.600,582.1,640,879,0.898,1,1
1956,195.600,683.8,580,891,0.914,816,1
1956,195.600,784.8,676,891,0.868,832,1
1956,195.600,880.6,688,875,0.902,828,1
1956,195.600,974.4,736,867,0.869,841,1
1956,195.600,1058.6,544,643,0.478,842,0
1957,195.700,295.0,560,883,0.633,839,1
1957,195.700,398.7,624,871,0.667,829,1
1957,195.700,488.9,644,875,0.858,821,1
1957,195.700,582.2,648,883,0.875,1,1
1957,195.700,684.1,596,891,0.930,816,1
1957,195.700,778.6,544,891,0.860,832,1
1957,195.700,877.2,676,875,0.875,828,1
1957,195.700,972.0,736,875,0.838,841,1
1957,195.700,1053.0,556,871,0.842,842,0
1958,195.800,293.7,556,883,0.644,839,1
1958,195.800,397.6,616,863,0.807,829,1
1958,195.800,490.0,660,875,0.892,821,1
1958,195.800,581.7,648,883,0.886,1,1
1958,195.800,684.2,480,895,0.924,816,1
1958,195.800,780.8,672,895,0.889,832,1
1958,195.800,878.6,696,879,0.884,828,1
1958,195.800,974.3,732,879,0.877,841,1
1958,195.800,1051.3,548,883,0.810,842,0
1959,195.900,203.6,744,879,0.546,843,0
1959,195.900,298.3,552,879,0.669,839,1
1959,195.900,399.3,696,867,0.877,829,1
1959,195.900,491.0,640,875,0.893,821,1
1959,195.900,584.6,660,879,0.862,1,1
1959,195.900,687.1,472,895,0.922,816,1
1959,195.900,780.1,648,887,0.880,832,1
1959,195.900,876.2,736,879,0.895,828,1
1959,195.900,971.7,732,863,0.473,841,1
1959,195.900,1063.0,788,871,0.599,842,0
1960,196.000,207.8,712,883,0.596,843,0
1960,196.000,301.8,548,891,0.630,839,1
1960,196.000,399.4,680,859,0.834,829,1
1960,196.000,491.8,696,867,0.870,821,1
1960,196.000,583.6,656,879,0.812,1,1
1960,196.000,687.9,476,895,0.929,816,1
1960,196.000,778.9,536,891,0.902,832,1
1960,196.000,875.2,752,887,0.881,828,1
1961,196.100,210.1,768,867,0.537,843,0
1961,196.100,295.7,580,879,0.694,839,1
1961,196.100,403.5,700,875,0.630,829,1
1961,196.100,495.3,632,879,0.873,821,1
1961,196.100,582.8,552,887,0.836,1,1
1961,196.100,684.5,484,891,0.934,816,1
1961,196.100,775.5,436,895,0.897,832,1
1961,196.100,873.2,732,879,0.890,828,1
1962,196.200,302.8,652,879,0.633,839,1
1962,196.200,404.8,700,879,0.628,829,1
1962,196.200,496.0,624,883,0.822,821,1
1962,196.200,587.1,548,891,0.799,1,1
1962,196.200,685.1,496,895,0.938,816,1
1962,196.200,777.1,424,891,0.918,832,1
1962,196.200,872.0,692,867,0.867,828,1
1963,196.300,309.5,720,871,0.625,839,1
1963,196.300,405.3,696,879,0.627,829,1
1963,196.300,498.9,612,887,0.744,821,1
1963,196.300,589.7,536,895,0.743,1,1
1963,196.300,686.3,532,891,0.932,816,1
1963,196.300,777.7,424,895,0.906,832,1
1963,196.300,862.0,624,843,0.790,828,1
1964,196.400,125.1,724,859,0.438,844,0
1964,196.400,309.4,740,863,0.611,839,1
1964,196.400,404.9,700,875,0.618,829,1
1964,196.400,500.5,620,887,0.693,821,1
1964,196.400,591.1,540,891,0.787,1,1
1964,196.400,687.1,584,891,0.926,816,1
1964,196.400,778.2,416,891,0.904,832,1
1964,196.400,867.6,600,871,0.901,828,1
1965,196.500,116.7,560,751,0.589,844,0
1965,196.500,316.9,752,875,0.597,839,1
1965,196.500,403.3,700,895,0.609,829,1
1965,196.500,498.1,616,903,0.785,821,1
1965,196.500,592.5,548,895,0.870,1,1
1965,196.500,685.3,604,899,0.924,816,1
1965,196.500,780.4,416,887,0.879,832,1
1965,196.500,869.7,568,879,0.916,828,1
1965,196.500,964.0,696,815,0.600,845,1
1966,196.600,115.8,552,739,0.618,844,0
1966,196.600,318.7,748,883,0.596,839,1
1966,196.600,401.3,688,895,0.675,829,1
1966,196.600,498.7,616,903,0.832,821,1
1966,196.600,593.9,548,895,0.909,1,1
1966,196.600,684.6,472,899,0.923,816,1
1966,196.600,779.8,412,891,0.896,832,1
1966,196.600,870.2,480,891,0.906,828,1
1966,196.600,967.0,712,863,0.733,845,1
1967,196.700,317.3,740,883,0.631,839,1
1967,196.700,403.2,568,915,0.630,829,1
1967,196.700,496.1,608,907,0.869,821,1
1967,196.700,591.8,552,903,0.900,1,1
1967,196.700,683.6,476,907,0.912,816,1
1967,196.700,773.6,416,899,0.887,832,1
1967,196.700,867.1,480,875,0.883,828,1
1967,196.700,964.2,788,863,0.520,845,1
1968,196.800,404.1,612,911,0.665,829,1
1968,196.800,497.1,612,907,0.922,821,1
1968,196.800,585.4,544,911,0.919,1,1
1968,196.800,679.1,484,903,0.912,816,1
1968,196.800,770.7,532,891,0.891,832,1
1968,196.800,862.3,612,867,0.900,828,1
1968,196.800,962.1,536,859,0.753,845,1
1969,196.900,315.8,608,883,0.591,839,1
1969,196.900,405.1,568,891,0.678,829,1
1969,196.900,494.5,600,899,0.897,821,1
1969,196.900,584.1,536,899,0.900,1,1
1969,196.900,677.7,568,899,0.932,816,1
1969,196.900,771.9,540,871,0.903,832,1
1969,196.900,869.4,592,867,0.914,828,1
1969,196.900,956.8,680,855,0.569,845,1
1970,197.000,226.7,716,847,0.454,846,1
1970,197.000,311.2,620,875,0.607,839,1
1970,197.000,404.6,668,887,0.678,829,1
1970,197.000,492.7,604,899,0.875,821,1
1970,197.000,587.2,540,883,0.839,1,1
1970,197.000,680.3,588,867,0.926,816,1
1970,197.000,773.0,548,855,0.906,832,1
1970,197.000,863.0,600,855,0.903,828,1
1970,197.000,955.4,680,851,0.486,845,1
1971,197.100,223.8,736,867,0.494,846,1
1971,197.100,310.9,616,891,0.627,839,1
1971,197.100,405.9,668,903,0.646,829,1
1971,197.100,496.3,600,899,0.876,821,1
1971,197.100,590.8,540,887,0.853,1,1
1971,197.100,685.5,600,887,0.925,816,1
1971,197.100,779.3,540,859,0.886,832,1
1971,197.100,868.5,604,867,0.924,828,1
1971,197.100,961.3,688,863,0.805,845,1
1972,197.200,314.7,744,879,0.838,839,1
1972,197.200,404.5,680,883,0.874,829,1
1972,197.200,496.7,608,887,0.912,821,1
1972,197.200,589.2,592,879,0.897,1,1
1972,197.200,686.4,612,879,0.916,816,1
1972,197.200,777.2,644,863,0.909,832,1
1972,197.200,870.6,580,879,0.932,828,1
1972,197.200,960.3,768,867,0.782,845,1
1973,197.300,225.0,716,863,0.607,846,1
1973,197.300,312.7,716,867,0.784,839,1
1973,197.300,403.6,560,867,0.802,829,1
1973,197.300,494.8,608,867,0.907,821,1
1973,197.300,589.4,652,863,0.893,1,1
1973,197.300,684.2,616,867,0.899,816,1
1973,197.300,774.0,652,867,0.821,832,1
1973,197.300,871.4,624,871,0.880,828,1
1973,197.300,954.6,696,839,0.445,845,1
1974,197.400,221.1,736,863,0.597,846,1
1974,197.400,312.6,608,863,0.804,839,1
1974,197.400,402.5,652,855,0.846,829,1
1974,197.400,493.3,612,855,0.915,821,1
1974,197.400,587.5,604,859,0.862,1,1
1974,197.400,681.0,612,871,0.901,816,1
1974,197.400,772.4,652,871,0.877,832,1
1974,197.400,865.8,740,859,0.869,828,1
1975,197.500,215.4,704,863,0.606,846,1
1975,197.500,309.4,600,867,0.667,839,1
1975,197.500,397.6,644,851,0.832,829,1
1975,197.500,491.1,596,859,0.903,821,1
1975,197.500,582.8,552,867,0.896,1,1
1975,197.500,676.8,596,879,0.920,816,1
1975,197.500,768.8,568,879,0.906,832,1
1975,197.500,862.8,704,863,0.728,828,1
1976,197.600,220.1,684,855,0.410,846,1
1976,197.600,307.0,608,863,0.618,839,1
1976,197.600,396.8,568,855,0.790,829,1
1976,197.600,487.5,580,859,0.923,821,1
1976,197.600,580.4,540,875,0.825,1,1
1976,197.600,675.1,600,899,0.880,816,1
1976,197.600,766.5,608,887,0.889,832,1
1976,197.600,858.4,620,863,0.850,828,1
1977,197.700,207.8,684,875,0.525,846,1
1977,197.700,303.0,596,875,0.917,839,1
1977,197.700,395.5,544,875,0.900,829,1
1977,197.700,485.1,548,871,0.921,821,1
1977,197.700,576.4,536,887,0.913,1,1
1977,197.700,672.1,600,907,0.907,816,1
1977,197.700,764.4,644,895,0.907,832,1
1977,197.700,857.6,632,871,0.883,828,1
1978,197.800,205.8,544,863,0.803,846,1
1978,197.800,304.9,608,875,0.920,839,1
1978,197.800,389.7,528,891,0.915,829,1
1978,197.800,482.9,472,887,0.941,821,1
1978,197.800,576.1,528,895,0.919,1,1
1978,197.800,669.5,608,911,0.924,816,1
1978,197.800,764.0,576,903,0.910,832,1
1978,197.800,857.1,704,879,0.894,828,1
1979,197.900,308.0,616,855,0.913,839,1
1979,197.900,392.8,512,895,0.898,829,1
1979,197.900,485.9,476,883,0.936,821,1
1979,197.900,579.9,540,895,0.922,1,1
1979,197.900,672.3,616,911,0.934,816,1
1979,197.900,768.3,556,903,0.905,832,1
1979,197.900,859.7,716,883,0.887,828,1
1980,198.000,214.3,720,867,0.633,846,1
1980,198.000,306.6,484,871,0.635,839,1
1980,198.000,397.6,416,887,0.663,829,1
1980,198.000,489.3,468,875,0.924,821,1
1980,198.000,581.3,524,891,0.931,1,1
1980,198.000,675.0,580,907,0.931,816,1
1980,198.000,769.2,576,895,0.912,832,1
1980,198.000,860.1,712,875,0.894,828,1
1980,198.000,1050.0,532,803,0.533,847,0
1981,198.100,212.2,732,867,0.598,846,1
1981,198.100,307.8,608,875,0.623,839,1
1981,198.100,393.9,424,871,0.731,829,1
1981,198.100,488.7,472,871,0.920,821,1
1981,198.100,581.1,528,887,0.934,1,1
1981,198.100,675.8,632,903,0.920,816,1
1981,198.100,770.3,676,891,0.910,832,1
1981,198.100,859.4,708,871,0.870,828,1
1981,198.100,1042.0,728,847,0.580,847,0
1982,198.200,305.4,624,875,0.618,839,1
1982,198.200,393.7,652,871,0.826,829,1
1982,198.200,488.8,604,879,0.898,821,1
1982,198.200,580.5,540,887,0.912,1,1
1982,198.200,673.3,612,895,0.940,816,1
1982,198.200,769.5,684,883,0.906,832,1
1982,198.200,862.2,732,871,0.838,828,1
1982,198.200,960.8,464,807,0.511,848,1
1982,198.200,1050.7,776,859,0.700,847,0
1983,198.300,307.2,688,875,0.608,839,1
1983,198.300,394.0,648,871,0.720,829,1
1983,198.300,490.1,588,883,0.884,821,1
1983,198.300,582.0,552,887,0.911,1,1
1983,198.300,675.6,608,895,0.914,816,1
1983,198.300,771.0,700,883,0.855,832,1
1983,198.300,862.7,692,871,0.804,828,1
1983,198.300,1054.5,772,855,0.595,847,0
1984,198.400,304.4,732,871,0.842,839,1
1984,198.400,391.5,584,871,0.856,829,1
1984,198.400,489.0,508,883,0.864,821,1
1984,198.400,582.1,556,887,0.870,1,1
1984,198.400,676.5,732,891,0.923,816,1
1984,198.400,771.9,724,883,0.814,832,1
1984,198.400,865.3,684,871,0.825,828,1
1984,198.400,965.5,708,811,0.478,848,1
1985,198.500,302.1,728,871,0.769,839,1
1985,198.500,392.0,620,879,0.882,829,1
1985,198.500,487.1,484,887,0.889,821,1
1985,198.500,577.6,568,887,0.905,1,1
1985,198.500,675.2,704,895,0.920,816,1
1985,198.500,769.8,704,887,0.894,832,1
1985,198.500,868.5,728,875,0.890,828,1
1985,198.500,963.6,700,871,0.697,848,1
1986,198.600,300.3,736,887,0.613,839,1
1986,198.600,395.4,728,879,0.578,829,1
1986,198.600,487.3,476,895,0.861,821,1
1986,198.600,580.3,656,891,0.817,1,1
1986,198.600,678.9,764,887,0.870,816,1
1986,198.600,768.4,816,891,0.736,832,1
1986,198.600,866.4,536,879,0.838,828,1
1986,198.600,961.3,716,871,0.634,848,1
1987,198.700,302.5,776,887,0.618,839,1
1987,198.700,395.3,700,891,0.660,829,1
1987,198.700,486.5,476,895,0.876,821,1
1987,198.700,581.2,568,891,0.834,1,1
1987,198.700,679.5,644,891,0.892,816,1
1987,198.700,777.1,720,883,0.884,832,1
1987,198.700,870.5,544,875,0.899,828,1
1987,198.700,965.8,728,871,0.665,848,1
1988,198.800,206.8,756,875,0.581,849,1
1988,198.800,303.3,772,883,0.601,839,1
1988,198.800,391.0,716,883,0.628,829,1
1988,198.800,487.9,484,899,0.803,821,1
1988,198.800,581.4,596,891,0.829,1,1
1988,198.800,680.8,676,891,0.912,816,1
1988,198.800,771.9,728,891,0.850,832,1
1988,198.800,870.6,548,875,0.907,828,1
1989,198.900,112.4,632,859,0.603,850,0
1989,198.900,202.6,724,883,0.594,849,1
1989,198.900,302.8,740,887,0.612,839,1
1989,198.900,394.5,724,887,0.598,829,1
1989,198.900,491.8,608,895,0.904,821,1
1989,198.900,582.1,664,891,0.832,1,1
1989,198.900,682.6,708,895,0.911,816,1
1989,198.900,772.1,640,891,0.827,832,1
1989,198.900,873.8,728,879,0.881,828,1
1990,199.000,197.8,632,887,0.620,849,1
1990,199.000,296.2,776,891,0.599,839,1
1990,199.000,390.5,744,887,0.615,829,1
1990,199.000,486.6,528,899,0.817,821,1
1990,199.000,582.1,636,891,0.765,1,1
1990,199.000,680.4,728,895,0.913,816,1
1990,199.000,771.7,716,895,0.800,832,1
1990,199.000,869.9,744,891,0.906,828,1
1990,199.000,1074.9,596,727,0.570,851,0
1991,199.100,196.7,780,883,0.529,849,1
1991,199.100,293.3,700,891,0.614,839,1
1991,199.100,394.1,688,891,0.616,829,1
1991,199.100,489.2,604,899,0.754,821,1
1991,199.100,583.2,664,891,0.809,1,1
1991,199.100,683.0,688,899,0.906,816,1
1991,199.100,774.9,484,887,0.932,832,1
1991,199.100,872.2,760,891,0.931,828,1
1991,199.100,1073.8,596,787,0.617,851,0
1992,199.200,203.0,484,747,0.596,849,1
1992,199.200,290.6,748,899,0.594,839,1
1992,199.200,390.1,716,883,0.734,829,1
1992,199.200,487.4,624,891,0.892,821,1
1992,199.200,581.6,660,891,0.875,1,1
1992,199.200,682.3,696,899,0.897,816,1
1992,199.200,778.5,696,887,0.862,832,1
1992,199.200,871.0,764,895,0.930,828,1
1993,199.300,203.1,472,715,0.607,849,1
1993,199.300,290.7,744,899,0.614,839,1
1993,199.300,389.0,712,879,0.815,829,1
1993,199.300,487.4,612,891,0.900,821,1
1993,199.300,579.0,644,891,0.917,1,1
1993,199.300,683.4,676,903,0.905,816,1
1993,199.300,776.6,484,891,0.923,832,1
1993,199.300,873.4,768,883,0.899,828,1
1994,199.400,289.3,664,891,0.607,839,1
1994,199.400,385.0,636,891,0.611,829,1
1994,199.400,483.2,680,891,0.752,821,1
1994,199.400,579.7,644,895,0.859,1,1
1994,199.400,679.4,692,911,0.912,816,1
1994,199.400,784.4,624,891,0.882,832,1
1994,199.400,880.3,676,875,0.848,828,1
1995,199.500,296.9,752,887,0.585,839,1
1995,199.500,383.1,648,887,0.680,829,1
1995,199.500,485.1,664,895,0.916,821,1
1995,199.500,580.4,640,895,0.908,1,1
1995,199.500,681.5,700,907,0.926,816,1
1995,199.500,785.4,616,883,0.917,832,1
1996,199.600,292.6,552,883,0.674,839,1
1996,199.600,388.7,672,887,0.551,829,1
1996,199.600,483.4,680,895,0.872,821,1
1996,199.600,581.0,664,895,0.910,1,1
1996,199.600,680.3,620,907,0.927,816,1
1996,199.600,785.1,620,887,0.910,832,1
1996,199.600,887.7,704,871,0.561,828,1
1997,199.700,95.5,812,879,0.490,852,0
1997,199.700,287.5,568,883,0.856,839,1
1997,199.700,374.3,716,887,0.906,829,1
1997,199.700,484.0,672,891,0.901,821,1
1997,199.700,580.0,580,895,0.900,1,1
1997,199.700,682.8,664,903,0.902,816,1
1997,199.700,787.6,628,891,0.900,832,1
1998,199.800,87.8,744,887,0.653,852,0
1998,199.800,288.6,744,891,0.727,839,1
1998,199.800,373.7,696,895,0.929,829,1
1998,199.800,481.5,680,891,0.889,821,1
1998,199.800,579.8,568,895,0.890,1,1
1998,199.800,682.7,704,903,0.907,816,1
1998,199.800,787.1,704,891,0.884,832,1
1999,199.900,86.2,612,883,0.668,852,0
1999,199.900,283.9,712,895,0.766,839,1
1999,199.900,372.5,680,899,0.931,829,1
1999,199.900,480.0,656,891,0.837,821,1
1999,199.900,579.6,624,891,0.904,1,1
1999,199.900,686.9,708,899,0.901,816,1
1999,199.900,789.3,708,899,0.910,832,1
2000,200.000,85.4,608,855,0.617,852,0
2000,200.000,283.2,736,887,0.605,839,1
2000,200.000,372.0,632,899,0.905,829,1
2000,200.000,476.6,632,891,0.874,821,1
2000,200.000,578.3,592,891,0.915,1,1
2000,200.000,685.1,640,899,0.927,816,1
2000,200.000,787.9,692,903,0.900,832,1
2001,200.100,374.1,624,895,0.895,829,1
2001,200.100,477.7,644,887,0.913,821,1
2001,200.100,579.1,652,891,0.904,1,1
2001,200.100,686.2,692,891,0.833,816,1
2001,200.100,788.5,708,895,0.885,832,1
2001,200.100,910.0,468,843,0.661,853,0
2002,200.200,371.0,620,891,0.910,829,1
2002,200.200,471.3,700,887,0.891,821,1
2002,200.200,577.2,640,891,0.916,1,1
2002,200.200,688.6,784,883,0.717,816,1
2002,200.200,786.1,720,891,0.901,832,1
2002,200.200,906.1,472,767,0.675,853,0
2003,200.300,169.3,728,871,0.855,854,0
2003,200.300,275.2,756,887,0.568,839,1
2003,200.300,371.1,628,879,0.877,829,1
2003,200.300,470.8,684,883,0.902,821,1
2003,200.300,578.7,648,891,0.911,1,1
2003,200.300,689.6,768,871,0.418,816,1
2003,200.300,902.7,508,715,0.773,853,0
2004,200.400,376.8,616,883,0.855,829,1
2004,200.400,581.1,656,891,0.898,1,1
2004,200.400,709.4,776,875,0.405,855,1
2005,200.500,377.7,628,859,0.877,829,1
2005,200.500,582.0,664,887,0.884,1,1
2005,200.500,710.5,784,875,0.403,855,1
2005,200.500,921.5,744,863,0.530,856,0
2006,200.600,373.9,608,827,0.882,829,1
2006,200.600,582.8,676,887,0.891,1,1
2006,200.600,709.7,716,875,0.775,855,1
2006,200.600,923.0,792,875,0.476,856,0
2006,200.600,1039.3,616,859,0.871,857,0
2007,200.700,383.2,684,871,0.813,829,1
2007,200.700,583.7,668,879,0.878,1,1
2007,200.700,1044.5,616,863,0.903,857,0
2008,200.800,47.6,728,879,0.784,858,0
2008,200.800,255.9,788,895,0.557,859,1
2008,200.800,582.3,588,887,0.913,1,1
2008,200.800,708.2,544,771,0.855,855,1
2009,200.900,46.4,684,843,0.711,858,0
2009,200.900,252.0,764,895,0.554,859,1
2009,200.900,581.4,624,883,0.928,1,1
2009,200.900,713.4,532,875,0.762,855,1
2010,201.000,252.7,660,875,0.766,859,1
2010,201.000,580.8,672,883,0.923,1,1
2010,201.000,709.4,540,879,0.879,855,1
2011,201.100,242.9,580,767,0.794,859,1
2011,201.100,581.2,672,879,0.916,1,1
2011,201.100,711.3,532,887,0.889,855,1
2012,201.200,249.5,616,859,0.528,859,1
2012,201.200,582.2,668,879,0.910,1,1
2012,201.200,712.2,532,891,0.869,855,1
2013,201.300,583.9,676,883,0.859,1,1
2013,201.300,711.6,536,883,0.786,855,1
2014,201.400,118.7,684,799,0.457,860,0
2014,201.400,582.7,644,879,0.924,1,1
2014,201.400,716.1,544,887,0.843,855,1
2015,201.500,119.6,612,727,0.434,860,0
2015,201.500,455.8,708,863,0.628,861,1
2015,201.500,582.9,564,887,0.935,1,1
2015,201.500,711.9,544,887,0.906,855,1
2016,201.600,457.8,732,883,0.889,861,1
2016,201.600,582.5,616,899,0.930,1,1
2016,201.600,714.4,544,891,0.911,855,1
2016,201.600,847.3,664,887,0.855,862,1
2017,201.700,457.1,644,879,0.878,861,1
2017,201.700,581.4,652,891,0.929,1,1
2017,201.700,715.7,668,895,0.916,855,1
2017,201.700,845.1,660,907,0.910,862,1
2017,201.700,981.6,788,883,0.807,863,0
2018,201.800,340.0,640,843,0.603,864,1
2018,201.800,453.4,648,887,0.906,861,1
2018,201.800,578.3,656,895,0.926,1,1
2018,201.800,711.7,660,895,0.924,855,1
2018,201.800,844.1,664,899,0.903,862,1
2018,201.800,978.2,792,879,0.788,863,0
2019,201.900,328.6,640,867,0.601,864,1
2019,201.900,451.5,664,883,0.867,861,1
2019,201.900,582.0,664,891,0.926,1,1
2019,201.900,714.7,656,895,0.871,855,1
2019,201.900,848.2,672,899,0.897,862,1
2020,202.000,327.0,656,891,0.629,864,1
2020,202.000,455.3,660,891,0.762,861,1
2020,202.000,584.1,656,899,0.927,1,1
2020,202.000,714.5,652,907,0.908,855,1
2020,202.000,849.6,692,895,0.810,862,1
2021,202.100,319.5,664,895,0.771,864,1
2021,202.100,451.8,664,899,0.894,861,1
2021,202.100,582.5,652,907,0.928,1,1
2021,202.100,716.6,692,931,0.886,855,1
2022,202.200,318.9,668,879,0.823,864,1
2022,202.200,454.9,652,895,0.892,861,1
2022,202.200,580.9,620,903,0.926,1,1
2022,202.200,715.4,680,927,0.873,855,1
2023,202.300,328.3,656,891,0.652,864,1
2023,202.300,455.4,552,891,0.900,861,1
2023,202.300,580.5,624,907,0.921,1,1
2023,202.300,715.6,728,923,0.869,855,1
2023,202.300,1046.7,612,839,0.592,865,0
2024,202.400,338.7,692,855,0.421,864,1
2024,202.400,454.3,572,891,0.890,861,1
2024,202.400,583.1,612,911,0.925,1,1
2024,202.400,716.8,728,919,0.859,855,1
2024,202.400,824.9,700,871,0.425,866,0
2024,202.400,1039.1,612,851,0.835,865,0
2025,202.500,453.5,552,895,0.893,861,1
2025,202.500,584.4,680,907,0.914,1,1
2025,202.500,718.7,756,911,0.885,855,1
2026,202.600,453.1,540,903,0.871,861,1
2026,202.600,581.8,668,895,0.921,1,1
2026,202.600,709.4,712,879,0.816,855,1
2026,202.600,917.0,600,851,0.861,867,1
2027,202.700,339.7,680,863,0.605,864,1
2027,202.700,466.3,564,891,0.843,861,1
2027,202.700,580.0,664,895,0.907,1,1
2027,202.700,708.8,764,859,0.739,855,1
2027,202.700,808.0,752,839,0.736,868,1
2027,202.700,914.1,696,867,0.770,867,1
2028,202.800,477.4,756,855,0.840,861,1
2028,202.800,582.7,664,891,0.920,1,1
2028,202.800,710.7,748,851,0.653,855,1
2028,202.800,808.7,740,851,0.712,868,1
2028,202.800,917.4,740,863,0.872,867,1
2029,202.900,361.7,744,835,0.483,869,1
2029,202.900,474.0,696,851,0.832,861,1
2029,202.900,582.5,660,879,0.901,1,1
2029,202.900,701.0,764,859,0.779,855,1
2029,202.900,810.5,752,859,0.788,868,1
2029,202.900,917.4,740,875,0.785,867,1
2030,203.000,362.5,704,835,0.867,869,1
2030,203.000,472.8,608,851,0.891,861,1
2030,203.000,580.5,656,875,0.913,1,1
2030,203.000,696.1,744,863,0.857,855,1
2030,203.000,806.5,748,871,0.809,868,1
2030,203.000,916.8,744,875,0.897,867,1
2031,203.100,122.2,620,879,0.690,870,0
2031,203.100,250.9,720,879,0.633,871,1
2031,203.100,360.3,724,843,0.862,869,1
2031,203.100,472.2,736,847,0.885,861,1
2031,203.100,581.7,656,879,0.883,1,1
2031,203.100,693.0,700,871,0.905,855,1
2031,203.100,801.5,652,867,0.872,868,1
2031,203.100,914.8,748,859,0.691,867,1
2032,203.200,120.0,628,871,0.613,870,0
2032,203.200,254.1,736,875,0.600,871,1
2032,203.200,359.0,752,855,0.696,869,1
2032,203.200,473.4,528,855,0.775,861,1
2032,203.200,582.2,664,879,0.883,1,1
2032,203.200,695.8,772,871,0.860,855,1
2032,203.200,804.1,640,871,0.735,868,1
2033,203.300,250.6,680,847,0.690,871,1
2033,203.300,370.7,748,847,0.468,869,1
2033,203.300,475.2,716,863,0.791,861,1
2033,203.300,581.5,652,883,0.921,1,1
2033,203.300,693.2,752,879,0.908,855,1
2033,203.300,788.7,624,875,0.873,872,1
2033,203.300,908.1,736,871,0.463,867,1
2034,203.400,253.1,648,839,0.728,871,1
2034,203.400,373.2,716,847,0.904,869,1
2034,203.400,472.1,668,867,0.880,861,1
2034,203.400,578.1,640,883,0.913,1,1
2034,203.400,692.4,756,883,0.877,855,1
2034,203.400,780.1,616,879,0.845,872,1
2034,203.400,898.3,748,879,0.713,867,1
2034,203.400,991.2,716,875,0.790,873,0
2035,203.500,260.8,604,859,0.455,871,1
2035,203.500,377.7,728,859,0.689,869,1
2035,203.500,483.9,744,867,0.789,861,1
2035,203.500,582.4,672,887,0.880,1,1
2035,203.500,694.3,732,883,0.905,855,1
2035,203.500,785.0,632,879,0.794,872,1
2036,203.600,52.0,748,843,0.567,874,0
2036,203.600,248.4,476,851,0.624,871,1
2036,203.600,378.9,684,867,0.905,869,1
2036,203.600,484.6,696,879,0.884,861,1
2036,203.600,581.5,616,887,0.892,1,1
2036,203.600,694.7,712,883,0.904,855,1
2036,203.600,788.1,712,887,0.866,872,1
2036,203.600,893.1,728,879,0.609,867,1
2037,203.700,49.2,700,859,0.608,874,0
2037,203.700,240.9,484,719,0.587,871,1
2037,203.700,375.7,716,871,0.875,869,1
2037,203.700,480.7,724,879,0.899,861,1
2037,203.700,582.7,648,887,0.887,1,1
2037,203.700,694.9,664,887,0.897,855,1
2037,203.700,789.9,632,891,0.909,872,1
2037,203.700,896.5,724,867,0.714,867,1
2038,203.800,49.0,688,847,0.610,874,0
2038,203.800,377.5,660,879,0.895,869,1
2038,203.800,484.3,648,883,0.882,861,1
2038,203.800,579.6,616,887,0.893,1,1
2038,203.800,692.8,576,887,0.917,855,1
2038,203.800,789.6,676,895,0.922,872,1
2038,203.800,884.6,436,887,0.912,867,1
2039,203.900,251.4,484,583,0.456,871,1
2039,203.900,376.9,632,879,0.875,869,1
2039,203.900,485.2,668,883,0.913,861,1
2039,203.900,580.5,632,887,0.903,1,1
2039,203.900,681.7,412,891,0.918,855,1
2039,203.900,790.0,696,899,0.926,872,1
2039,203.900,885.9,420,891,0.913,867,1
2039,203.900,994.0,696,875,0.670,875,0
2040,204.000,175.2,692,871,0.606,876,0
2040,204.000,287.8,756,879,0.619,877,1
2040,204.000,375.1,620,879,0.814,869,1
2040,204.000,485.9,668,891,0.898,861,1
2040,204.000,580.3,600,891,0.909,1,1
2040,204.000,687.5,664,887,0.916,855,1
2040,204.000,791.2,712,891,0.916,872,1
2040,204.000,884.9,532,891,0.929,867,1
2040,204.000,992.9,700,871,0.638,875,0
2040,204.000,1080.4,740,863,0.644,878,0
2041,204.100,173.0,680,871,0.638,876,0
2041,204.100,284.6,760,883,0.643,877,1
2041,204.100,375.6,616,875,0.872,869,1
2041,204.100,486.9,668,895,0.856,861,1
2041,204.100,581.1,636,891,0.895,1,1
2041,204.100,686.0,696,887,0.919,855,1
2041,204.100,790.7,716,891,0.936,872,1
2041,204.100,887.7,564,887,0.902,867,1
2042,204.200,284.5,716,887,0.661,877,1
2042,204.200,375.8,620,883,0.741,869,1
2042,204.200,488.1,664,899,0.860,861,1
2042,204.200,580.4,656,895,0.894,1,1
2042,204.200,685.6,712,887,0.905,855,1
2042,204.200,788.8,748,867,0.410,872,1
2042,204.200,880.8,556,875,0.838,867,1
2043,204.300,283.6,736,899,0.611,877,1
2043,204.300,378.1,604,887,0.677,869,1
2043,204.300,487.9,696,899,0.837,861,1
2043,204.300,580.4,668,895,0.870,1,1
2043,204.300,682.3,684,891,0.904,855,1
2043,204.300,782.6,752,875,0.791,872,1
2043,204.300,879.3,752,875,0.895,867,1
2044,204.400,284.0,764,899,0.612,877,1
2044,204.400,378.2,600,883,0.691,869,1
2044,204.400,487.5,724,899,0.811,861,1
2044,204.400,581.3,672,895,0.846,1,1
2044,204.400,684.2,692,891,0.909,855,1
2044,204.400,779.6,720,887,0.769,872,1
2044,204.400,876.6,752,879,0.880,867,1
2045,204.500,297.2,824,891,0.418,877,1
2045,204.500,379.5,500,875,0.901,869,1
2045,204.500,487.0,660,891,0.813,861,1
2045,204.500,582.3,660,887,0.895,1,1
2045,204.500,683.1,504,887,0.892,855,1
2045,204.500,781.5,716,887,0.894,872,1
2045,204.500,877.0,748,887,0.908,867,1
2045,204.500,961.1,480,807,0.627,879,1
2046,204.600,88.5,752,867,0.589,880,0
2046,204.600,293.7,780,899,0.680,877,1
2046,204.600,379.4,492,871,0.896,869,1
2046,204.600,485.0,688,887,0.841,861,1
2046,204.600,581.5,660,887,0.910,1,1
2046,204.600,679.4,480,895,0.915,855,1
2046,204.600,781.5,708,891,0.899,872,1
2046,204.600,876.4,728,887,0.907,867,1
2046,204.600,965.5,476,871,0.687,879,1
2047,204.700,87.2,620,899,0.690,880,0
2047,204.700,293.2,728,899,0.754,877,1
2047,204.700,380.8,488,871,0.860,869,1
2047,204.700,486.0,640,883,0.882,861,1
2047,204.700,580.2,660,887,0.903,1,1
2047,204.700,682.1,592,895,0.916,855,1
2047,204.700,780.2,712,891,0.829,872,1
2047,204.700,878.4,760,879,0.901,867,1
2047,204.700,965.7,732,875,0.799,879,1
2048,204.800,84.6,636,855,0.468,880,0
2048,204.800,293.8,756,891,0.743,877,1
2048,204.800,385.6,684,867,0.822,869,1
2048,204.800,487.5,660,883,0.869,861,1
2048,204.800,581.6,660,887,0.894,1,1
2048,204.800,684.0,508,895,0.912,855,1
2048,204.800,777.0,584,887,0.881,872,1
2048,204.800,878.7,732,875,0.878,867,1
2048,204.800,968.8,736,867,0.757,879,1
2048,204.800,1055.7,544,631,0.416,881,0
2049,204.900,295.3,776,883,0.601,877,1
2049,204.900,390.2,664,863,0.847,869,1
2049,204.900,489.1,656,879,0.899,861,1
2049,204.900,582.8,672,887,0.885,1,1
2049,204.900,680.5,492,899,0.924,855,1
2049,204.900,780.0,668,883,0.850,872,1
2049,204.900,877.4,744,875,0.863,867,1
2049,204.900,971.3,732,879,0.881,879,1
2049,204.900,1053.5,552,871,0.576,881,0
2050,205.000,291.7,756,883,0.597,877,1
2050,205.000,396.6,720,871,0.616,869,1
2050,205.000,489.5,712,883,0.830,861,1
2050,205.000,583.6,672,891,0.857,1,1
2050,205.000,679.5,584,903,0.924,855,1
2050,205.000,780.8,680,867,0.829,872,1
2050,205.000,873.4,748,879,0.914,867,1
2050,205.000,973.3,760,867,0.528,879,1
2051,205.100,281.4,548,895,0.634,877,1
2051,205.100,398.2,720,879,0.558,869,1
2051,205.100,486.7,692,871,0.809,861,1
2051,205.100,577.2,672,891,0.835,1,1
2051,205.100,675.8,476,899,0.932,855,1
2051,205.100,772.3,704,895,0.654,872,1
2051,205.100,864.5,752,883,0.894,867,1
2052,205.200,200.4,712,887,0.613,882,0
2052,205.200,303.3,736,895,0.622,883,1
2052,205.200,395.8,712,875,0.637,869,1
2052,205.200,490.2,732,883,0.837,861,1
2052,205.200,582.8,672,891,0.842,1,1
2052,205.200,680.3,476,899,0.930,855,1
2052,205.200,774.9,548,891,0.852,872,1
2052,205.200,873.4,756,883,0.889,867,1
2053,205.300,204.5,648,891,0.614,882,0
2053,205.300,302.7,720,891,0.617,883,1
2053,205.300,402.0,704,883,0.629,869,1
2053,205.300,491.8,748,887,0.789,861,1
2053,205.300,583.4,672,891,0.830,1,1
2053,205.300,683.6,488,895,0.917,855,1
2053,205.300,778.2,652,879,0.882,872,1
2053,205.300,874.5,760,879,0.885,867,1
2054,205.400,202.3,644,895,0.619,882,0
2054,205.400,307.0,736,891,0.617,883,1
2054,205.400,398.7,704,883,0.657,869,1
2054,205.400,493.8,688,887,0.829,861,1
2054,205.400,584.5,668,891,0.841,1,1
2054,205.400,680.3,488,899,0.924,855,1
2054,205.400,776.2,432,891,0.905,872,1
2054,205.400,873.9,756,883,0.867,867,1
2055,205.500,307.2,748,887,0.611,883,1
2055,205.500,399.3,720,887,0.616,869,1
2055,205.500,495.0,624,887,0.728,861,1
2055,205.500,584.5,548,895,0.828,1,1
2055,205.500,679.0,604,891,0.940,855,1
2055,205.500,775.9,424,887,0.907,872,1
2055,205.500,865.7,660,875,0.903,867,1
2056,205.600,117.3,744,867,0.618,884,0
2056,205.600,308.2,764,887,0.611,883,1
2056,205.600,400.9,716,891,0.622,869,1
2056,205.600,494.4,640,883,0.860,861,1
2056,205.600,585.0,552,891,0.911,1,1
2056,205.600,679.6,604,887,0.917,855,1
2056,205.600,773.3,660,887,0.884,872,1
2056,205.600,867.0,692,883,0.895,867,1
2057,205.700,308.4,772,879,0.518,883,1
2057,205.700,400.2,704,899,0.624,869,1
2057,205.700,494.5,612,891,0.840,861,1
2057,205.700,587.5,552,891,0.895,1,1
2057,205.700,680.3,580,891,0.929,855,1
2057,205.700,777.8,436,891,0.888,872,1
2057,205.700,867.5,580,883,0.902,867,1
2057,205.700,964.1,712,867,0.774,885,1
2058,205.800,310.0,772,879,0.613,883,1
2058,205.800,403.3,688,899,0.627,869,1
2058,205.800,493.3,624,891,0.853,861,1
2058,205.800,586.1,548,891,0.922,1,1
2058,205.800,678.9,484,891,0.936,855,1
2058,205.800,772.4,528,887,0.916,872,1
2058,205.800,866.8,596,875,0.888,867,1
2058,205.800,962.2,724,863,0.767,885,1
2059,205.900,310.3,760,887,0.623,883,1
2059,205.900,403.9,656,895,0.622,869,1
2059,205.900,491.9,612,891,0.887,861,1
2059,205.900,584.1,560,891,0.928,1,1
2059,205.900,677.6,496,887,0.937,855,1
2059,205.900,771.9,528,883,0.897,872,1
2059,205.900,865.8,616,867,0.854,867,1
2059,205.900,954.8,696,859,0.577,885,1
2060,206.000,310.5,728,883,0.616,883,1
2060,206.000,404.0,680,903,0.614,869,1
2060,206.000,492.4,600,895,0.886,861,1
2060,206.000,584.5,644,891,0.920,1,1
2060,206.000,676.7,512,891,0.932,855,1
2060,206.000,770.0,532,883,0.911,872,1
2060,206.000,859.4,608,879,0.873,867,1
2060,206.000,957.1,556,859,0.904,885,1
2061,206.100,311.9,668,883,0.608,883,1
2061,206.100,406.4,656,891,0.619,869,1
2061,206.100,493.6,620,895,0.830,861,1
2061,206.100,585.7,568,891,0.860,1,1
2061,206.100,679.3,592,891,0.930,855,1
2061,206.100,774.8,556,883,0.919,872,1
2061,206.100,865.8,596,867,0.920,867,1
2061,206.100,959.7,680,851,0.642,885,1
2062,206.200,310.2,640,879,0.616,883,1
2062,206.200,406.1,660,891,0.622,869,1
2062,206.200,495.0,612,899,0.803,861,1
2062,206.200,586.0,544,895,0.775,1,1
2062,206.200,681.6,592,891,0.914,855,1
2062,206.200,775.9,640,879,0.889,872,1
2062,206.200,866.2,612,867,0.898,867,1
2062,206.200,960.3,700,851,0.454,885,1
2063,206.300,309.0,668,867,0.847,883,1
2063,206.300,405.3,728,887,0.818,869,1
2063,206.300,495.1,568,887,0.902,861,1
2063,206.300,588.9,596,887,0.890,1,1
2063,206.300,683.3,604,891,0.920,855,1
2063,206.300,775.6,660,879,0.859,872,1
2063,206.300,869.3,648,875,0.920,867,1
2063,206.300,962.5,736,863,0.582,885,1
2064,206.400,311.7,716,867,0.886,883,1
2064,206.400,406.9,680,887,0.833,869,1
2064,206.400,496.7,620,891,0.914,861,1
2064,206.400,589.4,644,891,0.890,1,1
2064,206.400,683.9,592,891,0.914,855,1
2064,206.400,776.9,656,879,0.916,872,1
2064,206.400,870.3,628,879,0.932,867,1
2064,206.400,963.0,748,867,0.640,885,1
2065,206.500,316.7,696,871,0.885,883,1
2065,206.500,406.1,672,875,0.877,869,1
2065,206.500,497.6,696,879,0.901,861,1
2065,206.500,591.6,652,883,0.873,1,1
2065,206.500,684.2,620,887,0.923,855,1
2065,206.500,775.4,656,879,0.897,872,1
2065,206.500,870.4,736,867,0.898,867,1
2066,206.600,223.6,756,863,0.696,886,0
2066,206.600,315.1,644,871,0.867,883,1
2066,206.600,406.5,668,863,0.857,869,1
2066,206.600,497.0,708,871,0.904,861,1
2066,206.600,592.2,652,879,0.868,1,1
2066,206.600,683.6,692,891,0.914,855,1
2066,206.600,777.0,672,883,0.926,872,1
2066,206.600,873.3,692,851,0.757,867,1
2067,206.700,311.1,640,835,0.885,883,1
2067,206.700,403.0,684,839,0.859,869,1
2067,206.700,493.5,620,847,0.917,861,1
2067,206.700,586.1,640,855,0.881,1,1
2067,206.700,681.8,616,875,0.926,855,1
2067,206.700,773.3,676,859,0.890,872,1
2068,206.800,308.2,732,835,0.765,883,1
2068,206.800,400.7,672,835,0.914,869,1
2068,206.800,494.4,612,835,0.903,861,1
2068,206.800,583.1,656,847,0.920,1,1
2068,206.800,678.1,668,851,0.923,855,1
2068,206.800,769.6,696,847,0.603,872,1
2069,206.900,309.2,620,819,0.888,883,1
2069,206.900,403.6,688,831,0.864,869,1
2069,206.900,493.8,592,835,0.916,861,1
2069,206.900,587.2,620,843,0.917,1,1
2069,206.900,680.4,696,839,0.910,855,1
2069,206.900,772.4,684,827,0.903,872,1
2070,207.000,399.1,540,827,0.933,869,1
2070,207.000,491.0,492,835,0.920,861,1
2070,207.000,584.0,648,839,0.910,1,1
2070,207.000,676.0,612,839,0.936,855,1
2070,207.000,767.8,672,791,0.820,872,1
2070,207.000,857.8,744,831,0.493,887,0
2071,207.100,302.4,612,807,0.853,883,1
2071,207.100,391.6,532,827,0.903,869,1
2071,207.100,486.6,488,839,0.927,861,1
2071,207.100,579.9,556,855,0.907,1,1
2071,207.100,672.8,612,879,0.929,855,1
2071,207.100,771.1,684,815,0.829,872,1
2072,207.200,301.0,640,835,0.707,883,1
2072,207.200,400.6,556,835,0.913,869,1
2072,207.200,490.0,592,839,0.904,861,1
2072,207.200,582.7,552,851,0.907,1,1
2072,207.200,675.7,616,851,0.926,855,1
2072,207.200,769.0,680,815,0.568,872,1
2073,207.300,214.4,720,811,0.447,888,0
2073,207.300,300.9,624,823,0.605,883,1
2073,207.300,396.4,564,831,0.884,869,1
2073,207.300,489.1,588,843,0.906,861,1
2073,207.300,580.9,548,859,0.916,1,1
2073,207.300,674.9,608,875,0.924,855,1
2073,207.300,770.1,684,815,0.837,872,1
2074,207.400,393.4,696,847,0.863,869,1
2074,207.400,488.8,608,855,0.907,861,1
2074,207.400,579.5,556,875,0.917,1,1
2074,207.400,674.1,720,867,0.917,855,1
2074,207.400,768.6,704,839,0.623,872,1
2075,207.500,389.1,644,863,0.895,869,1
2075,207.500,481.0,488,875,0.915,861,1
2075,207.500,574.8,576,883,0.913,1,1
2075,207.500,674.3,684,871,0.908,855,1
2075,207.500,768.6,700,859,0.905,872,1
2075,207.500,865.9,744,847,0.881,889,1
2076,207.600,390.9,652,863,0.856,869,1
2076,207.600,486.4,496,879,0.888,861,1
2076,207.600,578.4,668,883,0.897,1,1
2076,207.600,675.4,724,871,0.899,855,1
2076,207.600,764.5,704,855,0.854,872,1
2076,207.600,862.6,756,843,0.638,889,1
2077,207.700,304.7,756,835,0.637,890,1
2077,207.700,391.1,624,855,0.890,869,1
2077,207.700,487.5,484,879,0.901,861,1
2077,207.700,580.0,668,883,0.885,1,1
2077,207.700,678.8,696,863,0.900,855,1
2077,207.700,770.4,716,847,0.714,872,1
2077,207.700,861.6,660,851,0.872,889,1
2078,207.800,302.3,744,855,0.867,890,1
2078,207.800,390.9,668,851,0.878,869,1
2078,207.800,487.5,476,883,0.898,861,1
2078,207.800,580.1,656,883,0.908,1,1
2078,207.800,679.2,704,867,0.911,855,1
2078,207.800,773.2,732,843,0.837,872,1
2078,207.800,871.2,540,851,0.906,889,1
2079,207.900,299.2,756,859,0.760,890,1
2079,207.900,390.8,696,823,0.749,869,1
2079,207.900,486.9,484,883,0.908,861,1
2079,207.900,578.9,648,887,0.886,1,1
2079,207.900,679.4,724,875,0.912,855,1
2079,207.900,771.9,752,855,0.610,872,1
2079,207.900,869.4,556,839,0.894,889,1
2080,208.000,298.9,744,867,0.823,890,1
2080,208.000,491.8,564,887,0.942,861,1
2080,208.000,578.5,660,887,0.850,1,1
2080,208.000,680.6,756,883,0.642,855,1
2080,208.000,868.8,580,855,0.632,889,1
2081,208.100,104.9,580,847,0.410,891,0
2081,208.100,204.1,716,859,0.565,892,0
2081,208.100,300.4,772,867,0.563,890,1
2081,208.100,488.5,608,883,0.925,861,1
2081,208.100,579.9,668,887,0.858,1,1
2081,208.100,679.9,764,875,0.806,855,1
2081,208.100,874.4,760,855,0.668,889,1
2082,208.200,297.4,772,871,0.651,890,1
2082,208.200,390.3,748,863,0.789,869,1
2082,208.200,485.8,692,883,0.866,861,1
2082,208.200,580.5,656,887,0.891,1,1
2082,208.200,680.9,736,867,0.895,855,1
2082,208.200,772.0,480,847,0.809,872,1
2082,208.200,870.5,772,867,0.895,889,1
2082,208.200,1070.7,592,815,0.596,893,0
2083,208.300,199.0,608,867,0.764,892,0
2083,208.300,292.3,776,875,0.702,890,1
2083,208.300,388.4,776,867,0.688,869,1
2083,208.300,486.2,700,883,0.888,861,1
2083,208.300,579.9,668,891,0.902,1,1
2083,208.300,679.0,716,879,0.910,855,1
2083,208.300,775.0,744,859,0.764,872,1
2083,208.300,869.2,776,871,0.883,889,1
2084,208.400,196.8,576,863,0.610,892,0
2084,208.400,289.8,780,887,0.693,890,1
2084,208.400,393.5,728,867,0.730,869,1
2084,208.400,482.6,700,883,0.881,861,1
2084,208.400,579.3,664,887,0.894,1,1
2084,208.400,681.7,736,879,0.906,855,1
2084,208.400,781.4,748,851,0.576,872,1
2084,208.400,871.0,776,867,0.845,889,1
2085,208.500,287.9,756,871,0.788,890,1
2085,208.500,386.8,712,851,0.871,869,1
2085,208.500,480.4,692,875,0.911,861,1
2085,208.500,579.1,680,883,0.885,1,1
2085,208.500,683.2,744,887,0.857,855,1
2086,208.600,292.4,764,867,0.721,890,1
2086,208.600,390.0,732,843,0.707,869,1
2086,208.600,479.4,716,871,0.895,861,1
2086,208.600,579.2,680,887,0.876,1,1
2086,208.600,681.5,740,887,0.866,855,1
2086,208.600,789.4,600,843,0.623,872,1
2087,208.700,289.6,744,863,0.775,890,1
2087,208.700,386.8,712,851,0.765,869,1
2087,208.700,483.0,708,879,0.908,861,1
2087,208.700,580.5,672,887,0.873,1,1
2087,208.700,682.9,764,887,0.826,855,1
2087,208.700,787.6,616,839,0.826,872,1
2088,208.800,286.8,728,839,0.817,890,1
2088,208.800,377.2,740,839,0.682,869,1
2088,208.800,482.8,700,875,0.903,861,1
2088,208.800,578.1,672,887,0.891,1,1
2088,208.800,684.7,716,883,0.714,855,1
2088,208.800,786.3,636,843,0.858,872,1
2089,208.900,285.6,544,859,0.910,890,1
2089,208.900,381.3,688,859,0.615,869,1
2089,208.900,482.2,572,839,0.839,861,1
2089,208.900,580.1,636,883,0.901,1,1
2089,208.900,789.3,604,839,0.877,872,1
2090,209.000,85.3,616,883,0.910,894,0
2090,209.000,280.8,428,835,0.913,890,1
2090,209.000,375.4,616,883,0.865,869,1
2090,209.000,488.8,552,819,0.896,861,1
2090,209.000,580.8,596,879,0.920,1,1
2090,209.000,793.7,708,843,0.839,872,1
2090,209.000,908.6,504,711,0.607,895,1
2091,209.100,84.1,624,871,0.877,894,0
2091,209.100,277.2,696,851,0.909,890,1
2091,209.100,371.8,696,883,0.872,869,1
2091,209.100,579.1,644,883,0.905,1,1
2091,209.100,692.3,656,855,0.599,855,1
2091,209.100,792.1,720,851,0.855,872,1
2091,209.100,908.0,468,691,0.573,895,1
2092,209.200,370.3,644,887,0.903,869,1
2092,209.200,481.6,684,835,0.880,861,1
2092,209.200,578.7,656,883,0.903,1,1
2092,209.200,695.1,616,875,0.539,855,1
2092,209.200,792.1,728,859,0.752,872,1
2092,209.200,916.2,472,799,0.613,895,1
2093,209.300,372.9,652,879,0.903,869,1
2093,209.300,580.4,628,871,0.913,1,1
2093,209.300,794.7,736,847,0.816,872,1
2093,209.300,911.0,472,839,0.774,895,1
2094,209.400,377.9,656,871,0.826,869,1
2094,209.400,582.7,624,871,0.892,1,1
2094,209.400,700.4,628,847,0.405,855,1
2094,209.400,789.9,736,855,0.829,872,1
2094,209.400,907.8,480,835,0.741,895,1
2095,209.500,372.6,624,867,0.870,869,1
2095,209.500,581.2,652,871,0.865,1,1
2095,209.500,704.5,652,843,0.732,855,1
2095,209.500,914.1,524,831,0.650,895,1
2096,209.600,377.2,656,863,0.721,869,1
2096,209.600,583.1,668,871,0.842,1,1
2096,209.600,708.5,636,759,0.673,855,1
2096,209.600,919.8,636,847,0.786,895,1
2097,209.700,381.7,652,847,0.467,869,1
2097,209.700,581.8,656,871,0.895,1,1
2097,209.700,710.9,560,835,0.766,855,1
2097,209.700,1039.9,616,831,0.896,896,0
2098,209.800,384.4,624,755,0.508,869,1
2098,209.800,581.2,660,871,0.910,1,1
2098,209.800,705.3,656,871,0.553,855,1
2098,209.800,921.0,748,843,0.557,895,1
2098,209.800,1041.3,612,839,0.911,896,0
2099,209.900,378.7,472,767,0.675,869,1
2099,209.900,580.4,664,871,0.904,1,1
2099,209.900,709.5,536,871,0.784,855,1
2099,209.900,1043.7,608,835,0.706,896,0
2100,210.000,48.1,736,847,0.632,897,0
2100,210.000,374.6,480,807,0.760,869,1
2100,210.000,578.7,664,871,0.904,1,1
2100,210.000,708.0,556,863,0.762,855,1
2100,210.000,1042.1,732,827,0.496,896,0
2101,210.100,371.6,484,611,0.576,869,1
2101,210.100,581.4,668,871,0.896,1,1
2101,210.100,712.6,560,847,0.717,855,1
2102,210.200,583.3,676,871,0.878,1,1
2102,210.200,710.2,540,863,0.912,855,1
2103,210.300,248.4,616,831,0.737,898,0
2103,210.300,582.0,668,875,0.907,1,1
2103,210.300,710.4,528,863,0.923,855,1
2103,210.300,834.7,604,743,0.422,899,1
2104,210.400,243.9,672,823,0.453,898,0
2104,210.400,580.6,664,875,0.911,1,1
2104,210.400,708.2,536,867,0.925,855,1
2105,210.500,248.5,496,583,0.502,898,0
2105,210.500,582.7,668,875,0.889,1,1
2105,210.500,711.3,540,871,0.912,855,1
2105,210.500,835.1,664,775,0.428,899,1
2106,210.600,118.7,604,799,0.823,900,0
2106,210.600,582.9,576,879,0.930,1,1
2106,210.600,711.6,556,879,0.906,855,1
2106,210.600,865.9,748,831,0.508,901,0
2107,210.700,116.1,616,795,0.725,900,0
2107,210.700,456.0,688,867,0.811,902,1
2107,210.700,580.4,616,879,0.935,1,1
2107,210.700,710.7,556,883,0.937,855,1
2107,210.700,839.0,640,851,0.804,899,1
2108,210.800,108.7,596,767,0.536,900,0
2108,210.800,452.7,604,879,0.905,902,1
2108,210.800,577.7,636,883,0.926,1,1
2108,210.800,710.9,568,887,0.922,855,1
2108,210.800,838.9,652,887,0.900,899,1
2108,210.800,972.3,768,835,0.643,903,0
2109,210.900,328.8,676,743,0.443,904,1
2109,210.900,450.7,656,875,0.887,902,1
2109,210.900,579.7,656,883,0.910,1,1
2109,210.900,712.6,672,883,0.922,855,1
2109,210.900,842.3,664,887,0.898,899,1
2110,211.000,449.7,652,879,0.891,902,1
2110,211.000,579.3,648,887,0.917,1,1
2110,211.000,712.4,680,887,0.877,855,1
2110,211.000,843.8,664,891,0.887,899,1
2111,211.100,326.2,668,867,0.787,904,1
2111,211.100,451.9,664,875,0.898,902,1
2111,211.100,582.3,640,887,0.935,1,1
2111,211.100,713.6,660,887,0.877,855,1
2111,211.100,843.9,620,887,0.850,899,1
2112,211.200,317.9,664,879,0.876,904,1
2112,211.200,449.7,660,887,0.893,902,1
2112,211.200,579.8,660,891,0.900,1,1
2112,211.200,713.5,696,903,0.913,855,1
2112,211.200,833.1,672,815,0.515,899,1
2113,211.300,317.8,664,891,0.882,904,1
2113,211.300,451.0,644,879,0.897,902,1
2113,211.300,580.9,656,891,0.927,1,1
2113,211.300,714.4,680,899,0.907,855,1
2114,211.400,318.8,668,871,0.870,904,1
2114,211.400,452.6,576,887,0.914,902,1
2114,211.400,579.4,636,887,0.915,1,1
2114,211.400,711.6,680,899,0.867,855,1
2114,211.400,907.4,356,547,0.565,905,1
2115,211.500,318.8,668,867,0.818,904,1
2115,211.500,453.8,564,891,0.914,902,1
2115,211.500,578.0,604,883,0.931,1,1
2115,211.500,712.8,764,899,0.894,855,1
2115,211.500,1037.6,612,823,0.573,906,0
2116,211.600,449.8,556,879,0.871,902,1
2116,211.600,579.8,652,887,0.911,1,1
2116,211.600,712.2,728,899,0.869,855,1
2116,211.600,1037.7,632,835,0.754,906,0
2117,211.700,448.5,548,863,0.903,902,1
2117,211.700,579.3,596,879,0.916,1,1
2117,211.700,713.2,732,883,0.892,855,1
2117,211.700,912.0,732,827,0.531,905,1
2117,211.700,1040.5,704,831,0.728,906,0
2118,211.800,447.4,540,883,0.891,902,1
2118,211.800,580.4,636,863,0.907,1,1
2118,211.800,714.1,772,867,0.854,855,1
2119,211.900,461.6,548,855,0.716,902,1
2119,211.900,579.8,656,859,0.912,1,1
2119,211.900,709.4,780,847,0.626,855,1
2119,211.900,914.6,716,851,0.839,905,1
2120,212.000,353.6,676,843,0.655,907,1
2120,212.000,472.9,740,843,0.819,902,1
2120,212.000,579.1,652,859,0.907,1,1
2120,212.000,694.7,700,855,0.884,855,1
2120,212.000,799.5,484,859,0.728,908,1
2120,212.000,914.5,732,863,0.770,905,1
2121,212.100,351.2,676,835,0.539,907,1
2121,212.100,475.5,712,851,0.716,902,1
2121,212.100,579.2,652,859,0.915,1,1
2121,212.100,694.6,720,855,0.884,855,1
2121,212.100,801.5,484,859,0.829,908,1
2121,212.100,915.5,712,863,0.890,905,1
2121,212.100,993.3,424,527,0.564,909,0
2122,212.200,116.4,644,819,0.516,910,0
2122,212.200,358.8,728,839,0.601,907,1
2122,212.200,475.5,708,847,0.778,902,1
2122,212.200,580.1,644,863,0.892,1,1
2122,212.200,693.6,720,859,0.878,855,1
2122,212.200,798.8,476,859,0.826,908,1
2122,212.200,916.1,720,859,0.900,905,1
2123,212.300,118.3,620,843,0.638,910,0
2123,212.300,248.7,740,843,0.595,911,1
2123,212.300,359.1,696,855,0.597,907,1
2123,212.300,473.6,720,855,0.779,902,1
2123,212.300,578.4,652,863,0.911,1,1
2123,212.300,692.3,692,863,0.915,855,1
2123,212.300,788.2,476,863,0.800,908,1
2123,212.300,912.9,744,855,0.755,905,1
2124,212.400,114.5,612,835,0.736,910,0
2124,212.400,247.1,740,843,0.592,911,1
2124,212.400,359.4,708,847,0.775,907,1
2124,212.400,461.5,532,847,0.721,902,1
2124,212.400,576.5,628,863,0.914,1,1
2124,212.400,691.2,704,871,0.891,855,1
2124,212.400,793.1,616,863,0.828,908,1
2124,212.400,896.0,704,843,0.431,912,1
2125,212.500,246.1,628,847,0.627,911,1
2125,212.500,356.7,736,847,0.811,907,1
2125,212.500,465.9,552,855,0.727,902,1
2125,212.500,575.2,628,871,0.895,1,1
2125,212.500,688.0,736,875,0.898,855,1
2125,212.500,781.1,624,867,0.864,908,1
2125,212.500,900.6,728,863,0.686,912,1
2126,212.600,247.3,676,847,0.611,911,1
2126,212.600,365.9,708,851,0.753,907,1
2126,212.600,475.6,692,847,0.896,902,1
2126,212.600,580.1,672,871,0.896,1,1
2126,212.600,694.3,756,871,0.907,855,1
2126,212.600,784.1,604,855,0.881,908,1
2126,212.600,899.2,760,859,0.631,912,1
2127,212.700,375.6,700,859,0.623,907,1
2127,212.700,477.6,616,863,0.792,902,1
2127,212.700,579.5,620,871,0.893,1,1
2127,212.700,693.9,724,871,0.905,855,1
2127,212.700,785.1,608,855,0.889,908,1
2127,212.700,902.2,768,859,0.632,912,1
2128,212.800,245.2,480,851,0.746,911,1
2128,212.800,373.4,720,859,0.884,907,1
2128,212.800,478.5,720,855,0.900,902,1
2128,212.800,577.9,580,879,0.845,1,1
2128,212.800,688.7,672,871,0.888,855,1
2128,212.800,785.0,624,871,0.719,908,1
2128,212.800,888.9,772,863,0.430,912,1
2129,212.900,47.4,680,855,0.612,913,0
2129,212.900,243.6,472,843,0.793,911,1
2129,212.900,373.0,644,867,0.914,907,1
2129,212.900,475.6,644,875,0.870,902,1
2129,212.900,574.2,616,875,0.887,1,1
2129,212.900,687.0,640,871,0.903,855,1
2129,212.900,786.8,640,875,0.913,908,1
2129,212.900,890.0,700,863,0.787,912,1
2130,213.000,45.9,680,855,0.644,913,0
2130,213.000,253.4,472,863,0.778,911,1
2130,213.000,375.2,632,871,0.910,907,1
2130,213.000,477.1,620,871,0.884,902,1
2130,213.000,576.4,604,875,0.890,1,1
2130,213.000,687.6,632,871,0.912,855,1
2130,213.000,788.2,712,879,0.905,908,1
2130,213.000,888.2,696,875,0.886,912,1
2130,213.000,1074.0,608,827,0.576,914,0
2131,213.100,372.2,624,867,0.903,907,1
2131,213.100,480.2,664,875,0.845,902,1
2131,213.100,578.0,620,883,0.860,1,1
2131,213.100,686.6,668,875,0.899,855,1
2131,213.100,788.9,720,879,0.886,908,1
2131,213.100,885.3,524,883,0.911,912,1
2131,213.100,1077.2,600,863,0.622,914,0
2132,213.200,165.5,760,851,0.581,915,0
2132,213.200,279.1,732,871,0.603,916,1
2132,213.200,368.2,612,863,0.910,907,1
2132,213.200,481.7,628,879,0.839,902,1
2132,213.200,573.1,572,879,0.890,1,1
2132,213.200,679.2,668,871,0.913,855,1
2132,213.200,786.5,732,875,0.902,908,1
2132,213.200,880.3,532,883,0.917,912,1
2132,213.200,1074.7,696,863,0.598,914,0
2133,213.300,164.1,716,867,0.636,915,0
2133,213.300,278.9,744,883,0.621,916,1
2133,213.300,369.6,616,867,0.790,907,1
2133,213.300,481.8,664,879,0.899,902,1
2133,213.300,575.8,660,887,0.853,1,1
2133,213.300,679.4,672,871,0.905,855,1
2133,213.300,783.0,728,871,0.904,908,1
2133,213.300,873.1,548,871,0.895,912,1
2134,213.400,277.0,716,883,0.639,916,1
2134,213.400,372.2,616,875,0.734,907,1
2134,213.400,486.6,672,879,0.858,902,1
2134,213.400,576.6,660,883,0.834,1,1
2134,213.400,679.1,700,871,0.921,855,1
2134,213.400,777.9,752,871,0.726,908,1
2134,213.400,871.7,576,871,0.865,912,1
2135,213.500,281.7,704,883,0.617,916,1
2135,213.500,372.9,612,871,0.739,907,1
2135,213.500,485.8,648,883,0.879,902,1
2135,213.500,578.2,660,887,0.849,1,1
2135,213.500,681.2,672,875,0.917,855,1
2135,213.500,776.9,752,871,0.728,908,1
2135,213.500,870.2,564,875,0.862,912,1
2136,213.600,279.5,692,887,0.621,916,1
2136,213.600,376.8,588,867,0.710,907,1
2136,213.600,484.5,680,879,0.809,902,1
2136,213.600,576.8,668,883,0.837,1,1
2136,213.600,678.9,664,879,0.912,855,1
2136,213.600,778.0,724,863,0.889,908,1
2136,213.600,872.4,704,871,0.882,912,1
2137,213.700,84.7,736,851,0.614,917,0
2137,213.700,290.8,800,887,0.579,916,1
2137,213.700,374.5,488,859,0.948,907,1
2137,213.700,479.4,588,863,0.876,902,1
2137,213.700,577.7,648,875,0.911,1,1
2137,213.700,676.2,600,875,0.931,855,1
2137,213.700,776.5,696,871,0.888,908,1
2137,213.700,872.1,736,883,0.911,912,1
2137,213.700,962.7,472,855,0.818,918,1
2138,213.800,86.1,720,863,0.671,917,0
2138,213.800,288.3,776,891,0.618,916,1
2138,213.800,374.9,488,855,0.923,907,1
2138,213.800,481.1,704,867,0.888,902,1
2138,213.800,579.1,664,879,0.882,1,1
2138,213.800,677.3,484,879,0.936,855,1
2138,213.800,780.2,708,871,0.880,908,1
2138,213.800,873.0,744,883,0.921,912,1
2138,213.800,963.0,464,859,0.621,918,1
2139,213.900,81.6,608,879,0.625,917,0
2139,213.900,288.1,760,895,0.594,916,1
2139,213.900,374.7,488,859,0.926,907,1
2139,213.900,480.5,596,871,0.880,902,1
2139,213.900,576.3,656,879,0.893,1,1
2139,213.900,677.2,608,883,0.934,855,1
2139,213.900,774.9,692,871,0.895,908,1
2139,213.900,873.7,740,875,0.881,912,1
2139,213.900,967.8,684,863,0.775,918,1
2140,214.000,282.6,572,887,0.592,916,1
2140,214.000,389.7,672,863,0.807,919,1
2140,214.000,482.3,628,867,0.857,902,1
2140,214.000,576.5,660,879,0.881,1,1
2140,214.000,675.8,496,887,0.926,855,1
2140,214.000,774.4,720,875,0.899,908,1
2140,214.000,871.5,756,867,0.785,912,1
2140,214.000,966.7,736,867,0.502,918,1
2141,214.100,284.0,644,875,0.615,916,1
2141,214.100,391.1,708,867,0.620,919,1
2141,214.100,484.0,656,867,0.829,902,1
2141,214.100,576.0,680,887,0.813,1,1
2141,214.100,675.6,504,887,0.912,855,1
2141,214.100,768.8,688,887,0.845,908,1
2141,214.100,868.4,748,875,0.876,912,1
2141,214.100,963.9,744,863,0.432,918,1
2142,214.200,286.3,560,875,0.646,916,1
2142,214.200,394.5,632,863,0.661,919,1
2142,214.200,485.7,720,859,0.816,902,1
2142,214.200,579.4,672,879,0.875,1,1
2142,214.200,677.5,480,887,0.938,855,1
2142,214.200,773.3,696,887,0.802,908,1
2142,214.200,869.9,744,871,0.866,912,1
2143,214.300,283.3,552,879,0.673,916,1
2143,214.300,395.8,688,859,0.772,919,1
2143,214.300,487.4,696,863,0.875,902,1
2143,214.300,578.7,676,883,0.833,1,1
2143,214.300,678.0,472,887,0.933,855,1
2143,214.300,770.2,692,887,0.819,908,1
2143,214.300,869.2,756,875,0.894,912,1
2144,214.400,200.7,768,875,0.595,920,0
2144,214.400,288.6,556,875,0.763,916,1
2144,214.400,394.3,708,871,0.759,919,1
2144,214.400,488.5,684,867,0.892,902,1
2144,214.400,580.0,676,883,0.819,1,1
2144,214.400,677.6,476,883,0.940,855,1
2144,214.400,770.9,524,887,0.879,908,1
2144,214.400,867.2,740,875,0.895,912,1
2145,214.500,197.6,728,871,0.626,920,0
2145,214.500,297.1,736,875,0.635,916,1
2145,214.500,393.2,724,867,0.644,919,1
2145,214.500,489.6,728,871,0.808,902,1
2145,214.500,581.2,676,883,0.834,1,1
2145,214.500,676.6,488,883,0.941,855,1
2145,214.500,770.8,428,887,0.884,908,1
2145,214.500,866.9,760,867,0.824,912,1
2146,214.600,196.7,712,863,0.607,920,0
2146,214.600,301.2,748,875,0.614,916,1
2146,214.600,393.7,712,879,0.637,919,1
2146,214.600,487.1,708,879,0.748,902,1
2146,214.600,581.2,672,883,0.824,1,1
2146,214.600,676.4,576,883,0.937,855,1
2146,214.600,772.1,696,887,0.873,908,1
2146,214.600,867.4,760,871,0.537,912,1
2147,214.700,195.1,492,559,0.475,920,0
2147,214.700,302.0,756,875,0.603,916,1
2147,214.700,391.9,704,867,0.886,919,1
2147,214.700,488.7,712,875,0.904,902,1
2147,214.700,581.7,556,883,0.890,1,1
2147,214.700,675.6,592,879,0.924,855,1
2147,214.700,769.7,424,887,0.915,908,1
2147,214.700,862.8,688,867,0.906,912,1
2148,214.800,112.2,812,863,0.448,921,0
2148,214.800,303.1,772,875,0.645,916,1
2148,214.800,395.0,704,879,0.750,919,1
2148,214.800,490.0,624,879,0.902,902,1
2148,214.800,581.8,548,887,0.910,1,1
2148,214.800,675.3,600,883,0.925,855,1
2148,214.800,771.5,644,879,0.885,908,1
2148,214.800,864.1,728,863,0.897,912,1
2149,214.900,393.2,688,871,0.826,919,1
2149,214.900,487.0,620,891,0.920,902,1
2149,214.900,580.1,532,887,0.935,1,1
2149,214.900,672.3,472,871,0.924,855,1
2149,214.900,767.1,416,867,0.897,908,1
2149,214.900,863.6,564,867,0.873,912,1
2149,214.900,950.7,696,867,0.496,922,1
2150,215.000,107.0,560,735,0.553,921,0
2150,215.000,302.9,720,875,0.699,916,1
2150,215.000,397.4,696,879,0.732,919,1
2150,215.000,489.4,608,883,0.933,902,1
2150,215.000,582.4,548,887,0.926,1,1
2150,215.000,676.0,476,879,0.930,855,1
2150,215.000,772.0,412,871,0.908,908,1
2150,215.000,861.9,484,863,0.918,912,1
2150,215.000,959.9,704,851,0.713,922,1
2151,215.100,307.8,704,879,0.651,916,1
2151,215.100,397.2,584,891,0.697,919,1
2151,215.100,489.2,616,887,0.943,902,1
2151,215.100,580.1,552,887,0.936,1,1
2151,215.100,674.1,480,883,0.927,855,1
2151,215.100,766.1,424,875,0.921,908,1
2151,215.100,855.3,604,871,0.915,912,1
2151,215.100,960.2,744,855,0.645,922,1
2152,215.200,307.8,740,871,0.696,916,1
2152,215.200,395.7,668,879,0.881,919,1
2152,215.200,488.1,616,891,0.920,902,1
2152,215.200,580.1,548,887,0.929,1,1
2152,215.200,675.2,568,879,0.933,855,1
2152,215.200,767.5,524,875,0.902,908,1
2152,215.200,865.4,536,867,0.858,912,1
2152,215.200,949.7,540,867,0.817,922,1
2153,215.300,306.6,688,883,0.856,916,1
2153,215.300,398.2,680,883,0.859,919,1
2153,215.300,489.3,608,899,0.915,902,1
2153,215.300,582.3,540,895,0.924,1,1
2153,215.300,675.9,588,883,0.934,855,1
2153,215.300,769.2,548,879,0.911,908,1
2153,215.300,863.2,604,871,0.909,912,1
2153,215.300,954.0,788,875,0.553,922,1
2154,215.400,218.7,732,851,0.544,923,0
2154,215.400,306.0,624,867,0.916,916,1
2154,215.400,402.0,676,883,0.855,919,1
2154,215.400,490.9,600,899,0.901,902,1
2154,215.400,583.5,532,891,0.916,1,1
2154,215.400,678.9,588,879,0.938,855,1
2154,215.400,773.0,572,863,0.928,908,1
2154,215.400,860.6,608,859,0.906,912,1
2154,215.400,951.0,676,879,0.898,922,1
2155,215.500,398.1,680,895,0.892,919,1
2155,215.500,491.5,604,903,0.895,902,1
2155,215.500,583.9,556,895,0.906,1,1
2155,215.500,679.2,584,891,0.934,855,1
2155,215.500,772.0,556,879,0.921,908,1
2155,215.500,863.5,712,879,0.904,912,1
2155,215.500,956.2,764,883,0.876,922,1
2156,215.600,309.1,752,883,0.906,916,1
2156,215.600,400.0,688,899,0.901,919,1
2156,215.600,490.1,600,899,0.938,902,1
2156,215.600,584.1,652,903,0.911,1,1
2156,215.600,678.7,616,891,0.945,855,1
2156,215.600,772.8,660,891,0.931,908,1
2156,215.600,866.5,700,883,0.901,912,1
2156,215.600,958.9,736,867,0.560,922,1
2157,215.700,218.3,732,863,0.880,923,0
2157,215.700,311.0,724,883,0.916,916,1
2157,215.700,402.6,692,891,0.918,919,1
2157,215.700,493.4,612,891,0.913,902,1
2157,215.700,585.1,652,895,0.919,1,1
2157,215.700,680.4,616,891,0.930,855,1
2157,215.700,774.0,664,891,0.939,908,1
2157,215.700,864.8,744,863,0.639,912,1
2158,215.800,220.6,732,859,0.880,923,0
2158,215.800,310.8,716,879,0.911,916,1
2158,215.800,402.7,668,887,0.910,919,1
2158,215.800,492.2,624,887,0.901,902,1
2158,215.800,584.6,656,895,0.930,1,1
2158,215.800,679.3,616,895,0.928,855,1
2158,215.800,773.5,672,887,0.931,908,1
2158,215.800,864.8,720,843,0.587,912,1
2159,215.900,313.0,736,851,0.896,916,1
2159,215.900,403.0,664,867,0.899,919,1
2159,215.900,494.1,620,875,0.897,902,1
2159,215.900,587.6,616,887,0.893,1,1
2159,215.900,680.7,612,895,0.932,855,1
2159,215.900,774.7,720,875,0.912,908,1
2160,216.000,404.4,700,839,0.862,919,1
2160,216.000,494.3,612,851,0.927,902,1
2160,216.000,587.3,648,859,0.918,1,1
2160,216.000,679.4,644,851,0.926,855,1
2160,216.000,775.7,704,827,0.653,908,1
2161,216.100,308.2,652,807,0.459,916,1
2161,216.100,487.0,596,831,0.925,902,1
2161,216.100,581.8,648,843,0.944,1,1
2161,216.100,677.2,656,839,0.931,855,1
2162,216.200,398.8,552,831,0.920,919,1
2162,216.200,486.6,584,831,0.929,902,1
2162,216.200,579.3,660,843,0.913,1,1
2162,216.200,675.4,728,839,0.889,855,1
2163,216.300,490.1,604,839,0.915,902,1
2163,216.300,579.7,652,847,0.917,1,1
2163,216.300,673.4,720,839,0.909,855,1
2164,216.400,299.2,660,847,0.478,916,1
2164,216.400,483.9,688,835,0.728,902,1
2164,216.400,574.7,648,871,0.925,1,1
2164,216.400,670.6,716,883,0.895,855,1
2165,216.500,203.0,736,859,0.452,924,0
2165,216.500,386.2,732,887,0.794,919,1
2165,216.500,481.7,616,899,0.894,902,1
2165,216.500,571.8,552,903,0.921,1,1
2165,216.500,665.7,716,903,0.932,855,1
2165,216.500,767.3,696,887,0.881,925,1
2166,216.600,483.1,620,887,0.900,902,1
2166,216.600,572.2,652,895,0.925,1,1
2166,216.600,668.0,728,895,0.910,855,1
2166,216.600,772.5,720,859,0.734,925,1
2166,216.600,867.2,696,835,0.510,926,1
2167,216.700,482.2,620,895,0.920,902,1
2167,216.700,575.8,672,899,0.929,1,1
2167,216.700,673.4,724,891,0.913,855,1
2167,216.700,770.9,760,863,0.760,925,1
2167,216.700,869.6,700,847,0.431,926,1
2168,216.800,389.0,684,855,0.848,919,1
2168,216.800,484.1,612,899,0.920,902,1
2168,216.800,575.8,664,899,0.925,1,1
2168,216.800,674.9,704,895,0.902,855,1
2168,216.800,770.5,756,875,0.747,925,1
2168,216.800,867.4,772,855,0.447,926,1
2169,216.900,298.4,772,887,0.848,927,1
2169,216.900,482.5,496,899,0.916,902,1
2169,216.900,575.4,664,899,0.925,1,1
2169,216.900,678.7,724,891,0.893,855,1
2169,216.900,860.6,668,871,0.875,926,1
2169,216.900,962.3,716,847,0.878,928,0
2170,217.000,297.1,772,887,0.876,927,1
2170,217.000,386.2,740,855,0.515,919,1
2170,217.000,482.5,484,903,0.921,902,1
2170,217.000,577.3,664,899,0.935,1,1
2170,217.000,680.9,716,887,0.848,855,1
2170,217.000,772.8,792,879,0.485,925,1
2170,217.000,869.2,552,863,0.928,926,1
2170,217.000,965.8,720,835,0.480,928,0
2171,217.100,297.2,772,887,0.868,927,1
2171,217.100,484.9,684,903,0.873,902,1
2171,217.100,578.1,656,899,0.934,1,1
2171,217.100,688.1,760,887,0.657,855,1
2172,217.200,299.2,784,883,0.692,927,1
2172,217.200,487.1,708,903,0.867,902,1
2172,217.200,578.2,660,895,0.932,1,1
2172,217.200,681.3,748,887,0.656,855,1
2173,217.300,292.0,772,871,0.484,927,1
2173,217.300,484.9,680,887,0.902,902,1
2173,217.300,575.2,636,887,0.916,1,1
2173,217.300,679.4,760,871,0.813,855,1
2173,217.300,768.7,724,839,0.458,925,1
2173,217.300,869.6,772,871,0.905,926,1
2174,217.400,194.3,740,819,0.538,929,0
2174,217.400,288.2,776,867,0.696,927,1
2174,217.400,485.1,656,891,0.906,902,1
2174,217.400,576.8,652,891,0.924,1,1
2174,217.400,682.6,784,879,0.482,855,1
2174,217.400,867.8,780,867,0.877,926,1
2175,217.500,292.4,772,887,0.859,927,1
2175,217.500,394.9,728,875,0.419,930,0
2175,217.500,488.4,720,887,0.727,902,1
2175,217.500,578.8,632,891,0.927,1,1
2175,217.500,682.4,736,879,0.694,855,1
2176,217.600,288.8,772,887,0.861,927,1
2176,217.600,483.9,684,827,0.653,902,1
2176,217.600,579.2,660,891,0.924,1,1
2176,217.600,691.0,752,871,0.579,855,1
2177,217.700,289.8,768,883,0.879,927,1
2177,217.700,392.5,712,859,0.527,930,0
2177,217.700,483.0,732,867,0.825,902,1
2177,217.700,579.4,668,895,0.918,1,1
2177,217.700,685.8,760,887,0.497,855,1
2178,217.800,290.5,744,831,0.577,927,1
2178,217.800,578.9,660,887,0.913,1,1
2179,217.900,290.4,748,883,0.403,927,1
2179,217.900,580.3,648,883,0.917,1,1
2180,218.000,281.5,664,879,0.755,927,1
2180,218.000,579.9,648,883,0.919,1,1
2181,218.100,83.6,752,871,0.853,931,0
2181,218.100,376.0,728,883,0.847,932,1
2181,218.100,579.4,648,875,0.911,1,1
2182,218.200,81.6,736,871,0.895,931,0
2182,218.200,372.8,736,887,0.870,932,1
2182,218.200,579.2,640,879,0.912,1,1
2183,218.300,373.5,756,891,0.585,932,1
2183,218.300,579.2,648,867,0.903,1,1
2184,218.400,378.0,732,887,0.804,932,1
2184,218.400,580.6,656,847,0.906,1,1
2184,218.400,700.2,692,787,0.550,933,0
2185,218.500,386.6,740,875,0.552,932,1
2185,218.500,581.6,652,867,0.921,1,1
2185,218.500,696.4,700,799,0.602,933,0
2185,218.500,793.5,716,847,0.896,934,0
2186,218.600,581.8,652,867,0.925,1,1
2187,218.700,582.5,668,863,0.922,1,1
2188,218.800,582.4,668,863,0.906,1,1
2189,218.900,580.6,668,867,0.911,1,1
2190,219.000,582.4,664,871,0.904,1,1
2191,219.100,582.0,664,867,0.923,1,1
2191,219.100,1034.8,716,851,0.483,935,0
2192,219.200,582.5,664,859,0.916,1,1
2193,219.300,582.7,668,855,0.915,1,1
2194,219.400,583.4,660,859,0.899,1,1
2194,219.400,706.9,556,839,0.893,936,1
2195,219.500,582.8,664,867,0.906,1,1
2195,219.500,708.2,536,875,0.916,936,1
2196,219.600,583.0,660,863,0.902,1,1
2196,219.600,710.8,536,867,0.936,936,1
2197,219.700,582.9,664,867,0.902,1,1
2197,219.700,709.5,548,871,0.931,936,1
2198,219.800,582.4,664,867,0.934,1,1
2198,219.800,711.4,608,867,0.881,936,1
2199,219.900,350.2,736,827,0.570,937,0
2199,219.900,456.5,736,871,0.907,938,0
2199,219.900,581.8,628,871,0.940,1,1
2199,219.900,714.7,564,875,0.887,936,1
2199,219.900,846.6,752,867,0.425,939,0
2200,220.000,347.8,740,819,0.459,937,0
2200,220.000,456.7,756,875,0.923,938,0
2200,220.000,582.2,636,871,0.940,1,1
2200,220.000,713.8,668,879,0.891,936,1
2200,220.000,846.0,668,871,0.875,939,0
